MSBuild version 17.8.43+f0cbb1397 for .NET
/usr/lib/dotnet/sdk/8.0.121/MSBuild.dll -consoleloggerparameters:Summary -maxcpucount -verbosity:m -verbosity:diag ./SampleOnionApp.McpServer.csproj
Build started 10/30/2025 8:21:25 PM.
Environment at start of build:
MSBUILDUSESERVER = 0
DOTNET_ROOT = /home/home/.dotnet
DOTNET_HOST_PATH = /usr/lib/dotnet/dotnet
DOTNET_BUNDLE_EXTRACT_BASE_DIR = /home/home/.cache/dotnet_bundle_extract

20:21:25.970     0>Process = "/usr/lib/dotnet/dotnet"
                   MSBuild executable path = "/usr/lib/dotnet/sdk/8.0.121/MSBuild.dll"
                   Command line arguments = "/usr/lib/dotnet/sdk/8.0.121/MSBuild.dll -maxcpucount -verbosity:m -consoleloggerparameters:Summary -verbosity:diag"
                   Current directory = "/home/home/Desktop/codex-test/src/SampleOnionApp.McpServer"
                   MSBuild version = "17.8.43+f0cbb1397"
                   Assembly loaded during Evaluation: System.Diagnostics.FileVersionInfo, Version=8.0.0.0, Culture=neutral, PublicKeyToken=b03f5f7f11d50a3a (location: /usr/lib/dotnet/shared/Microsoft.NETCore.App/8.0.21/System.Diagnostics.FileVersionInfo.dll, MVID: a1736f40-7a7e-4d8a-a4e5-7070fa3debf3, AppDomain: [Default])
                   Assembly loaded during Evaluation: System.Reflection.Metadata, Version=8.0.0.0, Culture=neutral, PublicKeyToken=b03f5f7f11d50a3a (location: /usr/lib/dotnet/shared/Microsoft.NETCore.App/8.0.21/System.Reflection.Metadata.dll, MVID: 34082bf1-47a4-4e76-9227-f13fadb2fbc9, AppDomain: [Default])
                   Assembly loaded during Evaluation: System.Collections.Immutable, Version=8.0.0.0, Culture=neutral, PublicKeyToken=b03f5f7f11d50a3a (location: /usr/lib/dotnet/shared/Microsoft.NETCore.App/8.0.21/System.Collections.Immutable.dll, MVID: 85cec6c8-ddca-4d07-8853-70ab4f1e990e, AppDomain: [Default])
                   Assembly loaded during Evaluation: System.IO.MemoryMappedFiles, Version=8.0.0.0, Culture=neutral, PublicKeyToken=b03f5f7f11d50a3a (location: /usr/lib/dotnet/shared/Microsoft.NETCore.App/8.0.21/System.IO.MemoryMappedFiles.dll, MVID: 1b0a7cff-309c-46f8-9927-b671cdf3e3cc, AppDomain: [Default])
                   Assembly loaded during Evaluation: System.Runtime.Loader, Version=8.0.0.0, Culture=neutral, PublicKeyToken=b03f5f7f11d50a3a (location: /usr/lib/dotnet/shared/Microsoft.NETCore.App/8.0.21/System.Runtime.Loader.dll, MVID: db5b9a02-e3a9-47d3-aa78-e9a5b8ecd02e, AppDomain: [Default])
                   Assembly loaded during Evaluation: Microsoft.NET.Sdk.WorkloadMSBuildSdkResolver, Version=8.0.121.0, Culture=neutral, PublicKeyToken=31bf3856ad364e35 (location: /usr/lib/dotnet/sdk/8.0.121/Microsoft.NET.Sdk.WorkloadMSBuildSdkResolver.dll, MVID: 22151e12-1097-417f-8640-6cc83279295e, AppDomain: [Default])
                   Assembly loaded during Evaluation: Microsoft.Build.NuGetSdkResolver, Version=6.8.1.32767, Culture=neutral, PublicKeyToken=31bf3856ad364e35 (location: /usr/lib/dotnet/sdk/8.0.121/Microsoft.Build.NuGetSdkResolver.dll, MVID: c7633e08-b3e8-4ab4-aadc-7a74e6e56ddf, AppDomain: [Default])
                   Resolving SDK 'Microsoft.NET.Sdk'...
                   Assembly loaded during Evaluation: Microsoft.DotNet.Cli.Utils, Version=8.0.121.0, Culture=neutral, PublicKeyToken=adb9793829ddae60 (location: /usr/lib/dotnet/sdk/8.0.121/Microsoft.DotNet.Cli.Utils.dll, MVID: d07f2702-1e6d-4ef7-90bd-76ff212ea56f, AppDomain: [Default])
                   Assembly loaded during Evaluation: Microsoft.NET.Sdk.WorkloadManifestReader, Version=8.0.121.0, Culture=neutral, PublicKeyToken=adb9793829ddae60 (location: /usr/lib/dotnet/sdk/8.0.121/Microsoft.NET.Sdk.WorkloadManifestReader.dll, MVID: 24f8873d-744a-490e-bc07-b45823783200, AppDomain: [Default])
                   Assembly loaded during Evaluation: Microsoft.Deployment.DotNet.Releases, Version=2.0.0.0, Culture=neutral, PublicKeyToken=31bf3856ad364e35 (location: /usr/lib/dotnet/sdk/8.0.121/Microsoft.Deployment.DotNet.Releases.dll, MVID: 7b422336-c81c-4fad-82e4-f00bcadb1f55, AppDomain: [Default])
                   Assembly loaded during Evaluation: NuGet.Common, Version=6.8.1.32767, Culture=neutral, PublicKeyToken=31bf3856ad364e35 (location: /usr/lib/dotnet/sdk/8.0.121/NuGet.Common.dll, MVID: 19bc2b51-dc92-4a8a-9bcc-7b9b7bfba1eb, AppDomain: [Default])
                   Assembly loaded during Evaluation: Microsoft.NET.StringTools, Version=1.0.0.0, Culture=neutral, PublicKeyToken=b03f5f7f11d50a3a (location: /usr/lib/dotnet/sdk/8.0.121/Microsoft.NET.StringTools.dll, MVID: 5c07a0aa-aabe-4663-8d82-8396700e851b, AppDomain: [Default])
                   Property reassignment: $(ImportDirectoryBuildProps)="false" (previous value: "true") at /usr/lib/dotnet/sdk/8.0.121/Sdks/Microsoft.NET.Sdk/Sdk/Sdk.props (57,5)
                   Property 'MSBuildExtensionsPath' with value '/usr/lib/dotnet/sdk/8.0.121/' expanded from the environment.
                   Property reassignment: $(MSBuildProjectExtensionsPath)="/home/home/Desktop/codex-test/src/SampleOnionApp.McpServer/obj/" (previous value: "obj/") at /usr/lib/dotnet/sdk/8.0.121/Current/Microsoft.Common.props (60,5)
                   Assembly loaded during Evaluation: System.Threading.Tasks.Parallel, Version=8.0.0.0, Culture=neutral, PublicKeyToken=b03f5f7f11d50a3a (location: /usr/lib/dotnet/shared/Microsoft.NETCore.App/8.0.21/System.Threading.Tasks.Parallel.dll, MVID: ef687297-e746-4d83-9553-2678daaae1a9, AppDomain: [Default])
                   Property reassignment: $(AssemblySearchPaths)="{CandidateAssemblyFiles};{HintPathFromItem}" (previous value: "{CandidateAssemblyFiles}") at /usr/lib/dotnet/sdk/8.0.121/Sdks/Microsoft.NET.Sdk/targets/Microsoft.NET.Sdk.props (91,5)
                   Property reassignment: $(AssemblySearchPaths)="{CandidateAssemblyFiles};{HintPathFromItem};{TargetFrameworkDirectory}" (previous value: "{CandidateAssemblyFiles};{HintPathFromItem}") at /usr/lib/dotnet/sdk/8.0.121/Sdks/Microsoft.NET.Sdk/targets/Microsoft.NET.Sdk.props (92,5)
                   Property reassignment: $(AssemblySearchPaths)="{CandidateAssemblyFiles};{HintPathFromItem};{TargetFrameworkDirectory};{RawFileName}" (previous value: "{CandidateAssemblyFiles};{HintPathFromItem};{TargetFrameworkDirectory}") at /usr/lib/dotnet/sdk/8.0.121/Sdks/Microsoft.NET.Sdk/targets/Microsoft.NET.Sdk.props (93,5)
                   Resolving SDK 'Microsoft.NET.SDK.WorkloadAutoImportPropsLocator'...
                   Property reassignment: $(TargetsForTfmSpecificContentInPackage)=";PackTool;_PackProjectToolValidation" (previous value: ";PackTool") at /usr/lib/dotnet/sdk/8.0.121/Sdks/Microsoft.NET.Sdk/targets/Microsoft.NET.PackProjectTool.props (15,5)
                   Property reassignment: $(OutputType)="Exe" (previous value: "Library") at /home/home/Desktop/codex-test/src/SampleOnionApp.McpServer/SampleOnionApp.McpServer.csproj (4,9)
                   Property reassignment: $(PublishProfileImported)="false" (previous value: "true") at /usr/lib/dotnet/sdk/8.0.121/Sdks/Microsoft.NET.Sdk/targets/Microsoft.NET.Sdk.ImportPublishProfile.targets (28,5)
                   Assembly loaded during Evaluation: Microsoft.Win32.Registry, Version=8.0.0.0, Culture=neutral, PublicKeyToken=b03f5f7f11d50a3a (location: /usr/lib/dotnet/shared/Microsoft.NETCore.App/8.0.21/Microsoft.Win32.Registry.dll, MVID: 4dd09714-bf16-417b-881f-e7914bc17104, AppDomain: [Default])
                   Assembly loaded during Evaluation: NuGet.Frameworks, Version=6.8.1.32767, Culture=neutral, PublicKeyToken=31bf3856ad364e35 (location: /usr/lib/dotnet/sdk/8.0.121/NuGet.Frameworks.dll, MVID: 93804912-c505-4587-b614-a3adb222e622, AppDomain: [Default])
                   Property reassignment: $(TargetPlatformVersion)="" (previous value: "0.0") at /usr/lib/dotnet/sdk/8.0.121/Sdks/Microsoft.NET.Sdk/targets/Microsoft.NET.TargetFrameworkInference.targets (69,5)
                   Property reassignment: $(DefaultItemExcludes)=";bin/Debug//**;obj/Debug//**" (previous value: ";bin/Debug//**") at /usr/lib/dotnet/sdk/8.0.121/Sdks/Microsoft.NET.Sdk/targets/Microsoft.NET.DefaultOutputPaths.targets (122,5)
                   Property reassignment: $(OutputPath)="bin/Debug/net8.0/" (previous value: "bin/Debug/") at /usr/lib/dotnet/sdk/8.0.121/Sdks/Microsoft.NET.Sdk/targets/Microsoft.NET.DefaultOutputPaths.targets (137,5)
                   Property reassignment: $(IntermediateOutputPath)="obj/Debug/net8.0/" (previous value: "obj/Debug/") at /usr/lib/dotnet/sdk/8.0.121/Sdks/Microsoft.NET.Sdk/targets/Microsoft.NET.DefaultOutputPaths.targets (142,5)
                   Resolving SDK 'Microsoft.NET.SDK.WorkloadManifestTargetsLocator'...
                   Property reassignment: $(_FrameworkIdentifierForImplicitDefine)="NET" (previous value: "NETCOREAPP") at /usr/lib/dotnet/sdk/8.0.121/Sdks/Microsoft.NET.Sdk/targets/Microsoft.NET.Sdk.BeforeCommon.targets (187,5)
                   Property reassignment: $(_FrameworkVersionForImplicitDefine)="8_0" (previous value: "8.0") at /usr/lib/dotnet/sdk/8.0.121/Sdks/Microsoft.NET.Sdk/targets/Microsoft.NET.Sdk.BeforeCommon.targets (192,5)
                   Property reassignment: $(CommandLineArgsForDesignTimeEvaluation)="-langversion:12.0 -define:TRACE" (previous value: "-langversion:12.0") at /usr/lib/dotnet/sdk/8.0.121/Roslyn/Microsoft.CSharp.Core.targets (197,5)
                   Assembly loaded during Evaluation: Microsoft.Build.Utilities.Core, Version=15.1.0.0, Culture=neutral, PublicKeyToken=b03f5f7f11d50a3a (location: /usr/lib/dotnet/sdk/8.0.121/Microsoft.Build.Utilities.Core.dll, MVID: 13a52765-e33f-4dce-a78a-40b860056a2e, AppDomain: [Default])
                   Property reassignment: $(_DebugSymbolsProduced)="true" (previous value: "false") at /usr/lib/dotnet/sdk/8.0.121/Microsoft.Common.CurrentVersion.targets (175,5)
                   Property reassignment: $(_DocumentationFileProduced)="false" (previous value: "true") at /usr/lib/dotnet/sdk/8.0.121/Microsoft.Common.CurrentVersion.targets (185,5)
                   Property reassignment: $(ProcessorArchitecture)="msil" (previous value: "") at /usr/lib/dotnet/sdk/8.0.121/Microsoft.Common.CurrentVersion.targets (529,5)
                   Property reassignment: $(DelaySign)="" (previous value: "false") at /usr/lib/dotnet/sdk/8.0.121/Microsoft.Common.CurrentVersion.targets (568,5)
                   Property 'LocalAppData' with value '/home/home/.local/share' expanded from the environment.
                   Property reassignment: $(_SGenGenerateSerializationAssembliesConfig)="Auto" (previous value: "") at /usr/lib/dotnet/sdk/8.0.121/Microsoft.Common.CurrentVersion.targets (3824,5)
                   Property reassignment: $(_SGenGenerateSerializationAssembliesConfig)="Off" (previous value: "Auto") at /usr/lib/dotnet/sdk/8.0.121/Microsoft.Common.CurrentVersion.targets (3825,5)
                   Property reassignment: $(_TargetsThatPrepareProjectReferences)="
                         AssignProjectConfiguration;
                         _SplitProjectReferencesByFileExistence
                       " (previous value: "_SplitProjectReferencesByFileExistence") at /usr/lib/dotnet/sdk/8.0.121/Microsoft.Common.CurrentVersion.targets (4976,5)
                   Property 'MSBuildExtensionsPath32' with value '/usr/lib/dotnet/sdk/8.0.121' expanded from the environment.
                   Property reassignment: $(ProjectAssetsCacheFile)="/home/home/Desktop/codex-test/src/SampleOnionApp.McpServer/obj/Debug/net8.0/SampleOnionApp.McpServer.assets.cache" (previous value: "obj/Debug/net8.0/SampleOnionApp.McpServer.assets.cache") at /usr/lib/dotnet/sdk/8.0.121/Sdks/Microsoft.NET.Sdk/targets/Microsoft.PackageDependencyResolution.targets (29,5)
                   Property reassignment: $(ResolveAssemblyReferencesDependsOn)="
                         
                         ResolveProjectReferences;
                         FindInvalidProjectReferences;
                         GetFrameworkPaths;
                         GetReferenceAssemblyPaths;
                         PrepareForBuild;
                         ResolveSDKReferences;
                         ExpandSDKReferences;
                       ;
                         ResolvePackageDependenciesForBuild;
                         _HandlePackageFileConflicts;
                       " (previous value: "
                         ResolveProjectReferences;
                         FindInvalidProjectReferences;
                         GetFrameworkPaths;
                         GetReferenceAssemblyPaths;
                         PrepareForBuild;
                         ResolveSDKReferences;
                         ExpandSDKReferences;
                       ") at /usr/lib/dotnet/sdk/8.0.121/Sdks/Microsoft.NET.Sdk/targets/Microsoft.PackageDependencyResolution.targets (80,5)
                   Property reassignment: $(PrepareResourcesDependsOn)="
                         ResolvePackageDependenciesForBuild;
                         _HandlePackageFileConflicts;
                         
                         ;
                         PrepareResourceNames;
                         ResGen;
                         CompileLicxFiles
                       
                       " (previous value: "
                         ;
                         PrepareResourceNames;
                         ResGen;
                         CompileLicxFiles
                       ") at /usr/lib/dotnet/sdk/8.0.121/Sdks/Microsoft.NET.Sdk/targets/Microsoft.PackageDependencyResolution.targets (86,5)
                   Property reassignment: $(DefaultItemExcludes)=";bin/Debug//**;obj/Debug//**;bin//**" (previous value: ";bin/Debug//**;obj/Debug//**") at /usr/lib/dotnet/sdk/8.0.121/Sdks/Microsoft.NET.Sdk/targets/Microsoft.NET.Sdk.DefaultItems.targets (27,5)
                   Property reassignment: $(DefaultItemExcludes)=";bin/Debug//**;obj/Debug//**;bin//**;obj//**" (previous value: ";bin/Debug//**;obj/Debug//**;bin//**") at /usr/lib/dotnet/sdk/8.0.121/Sdks/Microsoft.NET.Sdk/targets/Microsoft.NET.Sdk.DefaultItems.targets (29,5)
                   Property reassignment: $(DefaultItemExcludes)=";bin/Debug//**;obj/Debug//**;bin//**;obj//**;**/*.user" (previous value: ";bin/Debug//**;obj/Debug//**;bin//**;obj//**") at /usr/lib/dotnet/sdk/8.0.121/Sdks/Microsoft.NET.Sdk/targets/Microsoft.NET.Sdk.DefaultItems.targets (32,5)
                   Property reassignment: $(DefaultItemExcludes)=";bin/Debug//**;obj/Debug//**;bin//**;obj//**;**/*.user;**/*.*proj" (previous value: ";bin/Debug//**;obj/Debug//**;bin//**;obj//**;**/*.user") at /usr/lib/dotnet/sdk/8.0.121/Sdks/Microsoft.NET.Sdk/targets/Microsoft.NET.Sdk.DefaultItems.targets (33,5)
                   Property reassignment: $(DefaultItemExcludes)=";bin/Debug//**;obj/Debug//**;bin//**;obj//**;**/*.user;**/*.*proj;**/*.sln" (previous value: ";bin/Debug//**;obj/Debug//**;bin//**;obj//**;**/*.user;**/*.*proj") at /usr/lib/dotnet/sdk/8.0.121/Sdks/Microsoft.NET.Sdk/targets/Microsoft.NET.Sdk.DefaultItems.targets (34,5)
                   Property reassignment: $(DefaultItemExcludes)=";bin/Debug//**;obj/Debug//**;bin//**;obj//**;**/*.user;**/*.*proj;**/*.sln;**/*.vssscc" (previous value: ";bin/Debug//**;obj/Debug//**;bin//**;obj//**;**/*.user;**/*.*proj;**/*.sln") at /usr/lib/dotnet/sdk/8.0.121/Sdks/Microsoft.NET.Sdk/targets/Microsoft.NET.Sdk.DefaultItems.targets (35,5)
                   Property reassignment: $(DefaultItemExcludes)=";bin/Debug//**;obj/Debug//**;bin//**;obj//**;**/*.user;**/*.*proj;**/*.sln;**/*.vssscc;**/.DS_Store" (previous value: ";bin/Debug//**;obj/Debug//**;bin//**;obj//**;**/*.user;**/*.*proj;**/*.sln;**/*.vssscc") at /usr/lib/dotnet/sdk/8.0.121/Sdks/Microsoft.NET.Sdk/targets/Microsoft.NET.Sdk.DefaultItems.targets (36,5)
                   Property reassignment: $(ResolveAssemblyReferencesDependsOn)="
                         
                         
                         ResolveProjectReferences;
                         FindInvalidProjectReferences;
                         GetFrameworkPaths;
                         GetReferenceAssemblyPaths;
                         PrepareForBuild;
                         ResolveSDKReferences;
                         ExpandSDKReferences;
                       ;
                         ResolvePackageDependenciesForBuild;
                         _HandlePackageFileConflicts;
                       ;
                         ResolveTargetingPackAssets;
                       " (previous value: "
                         
                         ResolveProjectReferences;
                         FindInvalidProjectReferences;
                         GetFrameworkPaths;
                         GetReferenceAssemblyPaths;
                         PrepareForBuild;
                         ResolveSDKReferences;
                         ExpandSDKReferences;
                       ;
                         ResolvePackageDependenciesForBuild;
                         _HandlePackageFileConflicts;
                       ") at /usr/lib/dotnet/sdk/8.0.121/Sdks/Microsoft.NET.Sdk/targets/Microsoft.NET.Sdk.FrameworkReferenceResolution.targets (14,5)
                   Property reassignment: $(_GenerateRuntimeConfigurationPropertyInputsCache)="/home/home/Desktop/codex-test/src/SampleOnionApp.McpServer/obj/Debug/net8.0/SampleOnionApp.McpServer.genruntimeconfig.cache" (previous value: "obj/Debug/net8.0/SampleOnionApp.McpServer.genruntimeconfig.cache") at /usr/lib/dotnet/sdk/8.0.121/Sdks/Microsoft.NET.Sdk/targets/Microsoft.NET.Sdk.targets (44,5)
                   Property reassignment: $(_GeneratePublishDependencyFilePropertyInputsCache)="/home/home/Desktop/codex-test/src/SampleOnionApp.McpServer/obj/Debug/net8.0/SampleOnionApp.McpServer.genpublishdeps.cache" (previous value: "obj/Debug/net8.0/SampleOnionApp.McpServer.genpublishdeps.cache") at /usr/lib/dotnet/sdk/8.0.121/Sdks/Microsoft.NET.Sdk/targets/Microsoft.NET.Sdk.targets (46,5)
                   Property reassignment: $(_GenerateSingleFileBundlePropertyInputsCache)="/home/home/Desktop/codex-test/src/SampleOnionApp.McpServer/obj/Debug/net8.0/SampleOnionApp.McpServer.genbundle.cache" (previous value: "obj/Debug/net8.0/SampleOnionApp.McpServer.genbundle.cache") at /usr/lib/dotnet/sdk/8.0.121/Sdks/Microsoft.NET.Sdk/targets/Microsoft.NET.Sdk.targets (48,5)
                   Property reassignment: $(GenerateRuntimeConfigDevFile)="false" (previous value: "true") at /usr/lib/dotnet/sdk/8.0.121/Sdks/Microsoft.NET.Sdk/targets/Microsoft.NET.Sdk.targets (81,5)
                   Property 'HOME' with value '/home/home' expanded from the environment.
                   Property reassignment: $(_DefaultUserProfileRuntimeStorePath)="/home/home/.dotnet/store" (previous value: "/home/home") at /usr/lib/dotnet/sdk/8.0.121/Sdks/Microsoft.NET.Sdk/targets/Microsoft.NET.Sdk.targets (98,5)
                   Property reassignment: $(AvailablePlatforms)="Any CPU,x86,x64,ARM32" (previous value: "Any CPU,x86,x64") at /usr/lib/dotnet/sdk/8.0.121/Sdks/Microsoft.NET.Sdk/targets/Microsoft.NET.Sdk.targets (136,5)
                   Property reassignment: $(AvailablePlatforms)="Any CPU,x86,x64,ARM32,ARM64" (previous value: "Any CPU,x86,x64,ARM32") at /usr/lib/dotnet/sdk/8.0.121/Sdks/Microsoft.NET.Sdk/targets/Microsoft.NET.Sdk.targets (140,5)
                   Property reassignment: $(CoreBuildDependsOn)="
                         _CheckForBuildWithNoBuild;
                         
                         BuildOnlySettings;
                         PrepareForBuild;
                         PreBuildEvent;
                         ResolveReferences;
                         PrepareResources;
                         ResolveKeySource;
                         Compile;
                         ExportWindowsMDFile;
                         UnmanagedUnregistration;
                         GenerateSerializationAssemblies;
                         CreateSatelliteAssemblies;
                         GenerateManifests;
                         GetTargetPath;
                         PrepareForRun;
                         UnmanagedRegistration;
                         IncrementalClean;
                         PostBuildEvent
                       ;
                         GenerateBuildDependencyFile;
                         GenerateBuildRuntimeConfigurationFiles
                       " (previous value: "
                         BuildOnlySettings;
                         PrepareForBuild;
                         PreBuildEvent;
                         ResolveReferences;
                         PrepareResources;
                         ResolveKeySource;
                         Compile;
                         ExportWindowsMDFile;
                         UnmanagedUnregistration;
                         GenerateSerializationAssemblies;
                         CreateSatelliteAssemblies;
                         GenerateManifests;
                         GetTargetPath;
                         PrepareForRun;
                         UnmanagedRegistration;
                         IncrementalClean;
                         PostBuildEvent
                       ") at /usr/lib/dotnet/sdk/8.0.121/Sdks/Microsoft.NET.Sdk/targets/Microsoft.NET.Sdk.targets (197,5)
                   Property reassignment: $(CoreCleanDependsOn)="
                         _SdkBeforeClean;
                         
                       " (previous value: "") at /usr/lib/dotnet/sdk/8.0.121/Sdks/Microsoft.NET.Sdk/targets/Microsoft.NET.Sdk.targets (206,5)
                   Property reassignment: $(RebuildDependsOn)="
                         _SdkBeforeRebuild;
                         
                         BeforeRebuild;
                         Clean;
                         Build;
                         AfterRebuild;
                       
                       " (previous value: "
                         BeforeRebuild;
                         Clean;
                         Build;
                         AfterRebuild;
                       ") at /usr/lib/dotnet/sdk/8.0.121/Sdks/Microsoft.NET.Sdk/targets/Microsoft.NET.Sdk.targets (213,5)
                   Property reassignment: $(CompileDependsOn)="
                         
                         ResolveReferences;
                         ResolveKeySource;
                         SetWin32ManifestProperties;
                         FindReferenceAssembliesForReferences;
                         _GenerateCompileInputs;
                         BeforeCompile;
                         _TimeStampBeforeCompile;
                         _GenerateCompileDependencyCache;
                         CoreCompile;
                         _TimeStampAfterCompile;
                         AfterCompile;
                       ;
                         _CreateAppHost;
                         _CreateComHost;
                         _GetIjwHostPaths;
                       " (previous value: "
                         ResolveReferences;
                         ResolveKeySource;
                         SetWin32ManifestProperties;
                         FindReferenceAssembliesForReferences;
                         _GenerateCompileInputs;
                         BeforeCompile;
                         _TimeStampBeforeCompile;
                         _GenerateCompileDependencyCache;
                         CoreCompile;
                         _TimeStampAfterCompile;
                         AfterCompile;
                       ") at /usr/lib/dotnet/sdk/8.0.121/Sdks/Microsoft.NET.Sdk/targets/Microsoft.NET.Sdk.targets (679,5)
                   Property reassignment: $(CreateSatelliteAssembliesDependsOn)="
                         
                         _GenerateSatelliteAssemblyInputs;
                         ComputeIntermediateSatelliteAssemblies;
                         GenerateSatelliteAssemblies
                       ;
                         CoreGenerateSatelliteAssemblies
                       " (previous value: "
                         _GenerateSatelliteAssemblyInputs;
                         ComputeIntermediateSatelliteAssemblies;
                         GenerateSatelliteAssemblies
                       ") at /usr/lib/dotnet/sdk/8.0.121/Sdks/Microsoft.NET.Sdk/targets/Microsoft.NET.Sdk.targets (1065,5)
                   Property reassignment: $(SourceLinkUrlInitializerTargets)=";_InitializeGitHubSourceLinkUrl;_InitializeGitLabSourceLinkUrl" (previous value: ";_InitializeGitHubSourceLinkUrl") at /usr/lib/dotnet/sdk/8.0.121/Sdks/Microsoft.SourceLink.GitLab/build/Microsoft.SourceLink.GitLab.targets (12,5)
                   Property reassignment: $(SourceControlManagerUrlTranslationTargets)=";TranslateGitHubUrlsInSourceControlInformation;TranslateGitLabUrlsInSourceControlInformation" (previous value: ";TranslateGitHubUrlsInSourceControlInformation") at /usr/lib/dotnet/sdk/8.0.121/Sdks/Microsoft.SourceLink.GitLab/build/Microsoft.SourceLink.GitLab.targets (13,5)
                   Property reassignment: $(SourceLinkUrlInitializerTargets)=";_InitializeGitHubSourceLinkUrl;_InitializeGitLabSourceLinkUrl;_InitializeAzureReposGitSourceLinkUrl" (previous value: ";_InitializeGitHubSourceLinkUrl;_InitializeGitLabSourceLinkUrl") at /usr/lib/dotnet/sdk/8.0.121/Sdks/Microsoft.SourceLink.AzureRepos.Git/build/Microsoft.SourceLink.AzureRepos.Git.targets (12,5)
                   Property reassignment: $(SourceControlManagerUrlTranslationTargets)=";TranslateGitHubUrlsInSourceControlInformation;TranslateGitLabUrlsInSourceControlInformation;TranslateAzureReposGitUrlsInSourceControlInformation" (previous value: ";TranslateGitHubUrlsInSourceControlInformation;TranslateGitLabUrlsInSourceControlInformation") at /usr/lib/dotnet/sdk/8.0.121/Sdks/Microsoft.SourceLink.AzureRepos.Git/build/Microsoft.SourceLink.AzureRepos.Git.targets (13,5)
                   Property reassignment: $(SourceLinkUrlInitializerTargets)=";_InitializeGitHubSourceLinkUrl;_InitializeGitLabSourceLinkUrl;_InitializeAzureReposGitSourceLinkUrl;_InitializeBitbucketGitSourceLinkUrl" (previous value: ";_InitializeGitHubSourceLinkUrl;_InitializeGitLabSourceLinkUrl;_InitializeAzureReposGitSourceLinkUrl") at /usr/lib/dotnet/sdk/8.0.121/Sdks/Microsoft.SourceLink.Bitbucket.Git/build/Microsoft.SourceLink.Bitbucket.Git.targets (12,5)
                   Property reassignment: $(SourceControlManagerUrlTranslationTargets)=";TranslateGitHubUrlsInSourceControlInformation;TranslateGitLabUrlsInSourceControlInformation;TranslateAzureReposGitUrlsInSourceControlInformation;TranslateBitbucketGitUrlsInSourceControlInformation" (previous value: ";TranslateGitHubUrlsInSourceControlInformation;TranslateGitLabUrlsInSourceControlInformation;TranslateAzureReposGitUrlsInSourceControlInformation") at /usr/lib/dotnet/sdk/8.0.121/Sdks/Microsoft.SourceLink.Bitbucket.Git/build/Microsoft.SourceLink.Bitbucket.Git.targets (13,5)
                   Property reassignment: $(DesignerRuntimeImplementationProjectOutputGroupDependsOn)="
                         
                         ;
                         
                         ;
                         BuildOnlySettings;
                         PrepareForBuild;
                         AssignTargetPaths;
                         ResolveReferences
                       
                       ;
                         _GenerateDesignerDepsFile;
                         _GenerateDesignerRuntimeConfigFile;
                         GetCopyToOutputDirectoryItems;
                         _GatherDesignerShadowCopyFiles;
                       " (previous value: "
                         ;
                         
                         ;
                         BuildOnlySettings;
                         PrepareForBuild;
                         AssignTargetPaths;
                         ResolveReferences
                       
                       ") at /usr/lib/dotnet/sdk/8.0.121/Sdks/Microsoft.NET.Sdk/targets/Microsoft.NET.DesignerSupport.targets (21,5)
                   Property reassignment: $(_GenerateToolsSettingsFileCacheFile)="/home/home/Desktop/codex-test/src/SampleOnionApp.McpServer/obj/Debug/net8.0/SampleOnionApp.McpServer.toolssettingsinput.cache" (previous value: "obj/Debug/net8.0/SampleOnionApp.McpServer.toolssettingsinput.cache") at /usr/lib/dotnet/sdk/8.0.121/Sdks/Microsoft.NET.Sdk/targets/Microsoft.NET.PackTool.targets (68,5)
                   Property reassignment: $(_ShimInputCacheFile)="/home/home/Desktop/codex-test/src/SampleOnionApp.McpServer/obj/Debug/net8.0/SampleOnionApp.McpServer.shiminput.cache" (previous value: "obj/Debug/net8.0/SampleOnionApp.McpServer.shiminput.cache") at /usr/lib/dotnet/sdk/8.0.121/Sdks/Microsoft.NET.Sdk/targets/Microsoft.NET.PackTool.targets (137,5)
                   Property reassignment: $(_ShimCreatedSentinelFile)="/home/home/Desktop/codex-test/src/SampleOnionApp.McpServer/obj/Debug/net8.0/SampleOnionApp.McpServer.shimcreated.sentinel" (previous value: "obj/Debug/net8.0/SampleOnionApp.McpServer.shimcreated.sentinel") at /usr/lib/dotnet/sdk/8.0.121/Sdks/Microsoft.NET.Sdk/targets/Microsoft.NET.PackTool.targets (139,5)
                   Property reassignment: $(DefineConstants)="TRACE;DEBUG" (previous value: "TRACE") at /usr/lib/dotnet/sdk/8.0.121/Sdks/Microsoft.NET.Sdk/targets/Microsoft.NET.Sdk.CSharp.targets (31,5)
                   Property reassignment: $(DefineConstants)="TRACE;DEBUG;NET;NET8_0;NETCOREAPP" (previous value: "TRACE;DEBUG") at /usr/lib/dotnet/sdk/8.0.121/Sdks/Microsoft.NET.Sdk/targets/Microsoft.NET.Sdk.CSharp.targets (34,5)
                   Property reassignment: $(WarningsAsErrors)=";NU1605;SYSLIB0011" (previous value: ";NU1605") at /usr/lib/dotnet/sdk/8.0.121/Sdks/Microsoft.NET.Sdk/targets/Microsoft.NET.Sdk.CSharp.targets (48,5)
                   Property reassignment: $(PackageDescription)="Package Description" (previous value: "") at /usr/lib/dotnet/sdk/8.0.121/Sdks/NuGet.Build.Tasks.Pack/build/NuGet.Build.Tasks.Pack.targets (34,5)
                   Property reassignment: $(GenerateNuspecDependsOn)="Build;_LoadPackInputItems; _GetTargetFrameworksOutput; _WalkEachTargetPerFramework; _GetPackageFiles; " (previous value: "_LoadPackInputItems; _GetTargetFrameworksOutput; _WalkEachTargetPerFramework; _GetPackageFiles; ") at /usr/lib/dotnet/sdk/8.0.121/Sdks/NuGet.Build.Tasks.Pack/build/NuGet.Build.Tasks.Pack.targets (59,5)
                   Assembly loaded during Evaluation: System.Reflection.Emit.Lightweight, Version=8.0.0.0, Culture=neutral, PublicKeyToken=b03f5f7f11d50a3a (location: /usr/lib/dotnet/shared/Microsoft.NETCore.App/8.0.21/System.Reflection.Emit.Lightweight.dll, MVID: d512c92e-fe32-4b0f-b6f4-7a0322da3ec2, AppDomain: [Default])
                   Assembly loaded during Evaluation: System.Reflection.Emit.ILGeneration, Version=8.0.0.0, Culture=neutral, PublicKeyToken=b03f5f7f11d50a3a (location: /usr/lib/dotnet/shared/Microsoft.NETCore.App/8.0.21/System.Reflection.Emit.ILGeneration.dll, MVID: af2c49e9-dd7e-45d0-a5bd-54631cf802ce, AppDomain: [Default])
                   Assembly loaded during Evaluation: System.Reflection.Primitives, Version=8.0.0.0, Culture=neutral, PublicKeyToken=b03f5f7f11d50a3a (location: /usr/lib/dotnet/shared/Microsoft.NETCore.App/8.0.21/System.Reflection.Primitives.dll, MVID: fbc423c9-36ae-4387-9d10-eb71d53cc35a, AppDomain: [Default])
                   Overriding target "ResolveFrameworkReferences" in project "/usr/lib/dotnet/sdk/8.0.121/Microsoft.Common.CurrentVersion.targets" with target "ResolveFrameworkReferences" from project "/usr/lib/dotnet/sdk/8.0.121/Sdks/Microsoft.NET.Sdk/targets/Microsoft.NET.Sdk.FrameworkReferenceResolution.targets".
                   Overriding target "Run" in project "/usr/lib/dotnet/sdk/8.0.121/Microsoft.Common.CurrentVersion.targets" with target "Run" from project "/usr/lib/dotnet/sdk/8.0.121/Sdks/Microsoft.NET.Sdk/targets/Microsoft.NET.Sdk.targets".
                   Overriding target "GenerateSupportedTargetFrameworkAlias" in project "/usr/lib/dotnet/sdk/8.0.121/Microsoft.Common.CurrentVersion.targets" with target "GenerateSupportedTargetFrameworkAlias" from project "/usr/lib/dotnet/sdk/8.0.121/Sdks/Microsoft.NET.Sdk/targets/Microsoft.NET.Sdk.targets".
                   Overriding target "GetReferenceAssemblyPaths" in project "/usr/lib/dotnet/sdk/8.0.121/Microsoft.Common.CurrentVersion.targets" with target "GetReferenceAssemblyPaths" from project "/usr/lib/dotnet/sdk/8.0.121/Sdks/Microsoft.NET.Sdk/targets/Microsoft.NET.DisableStandardFrameworkResolution.targets".
                   Overriding target "GetFrameworkPaths" in project "/usr/lib/dotnet/sdk/8.0.121/Microsoft.Common.CurrentVersion.targets" with target "GetFrameworkPaths" from project "/usr/lib/dotnet/sdk/8.0.121/Sdks/Microsoft.NET.Sdk/targets/Microsoft.NET.DisableStandardFrameworkResolution.targets".
                   Overriding target "DesignerRuntimeImplementationProjectOutputGroup" in project "/usr/lib/dotnet/sdk/8.0.121/Microsoft.Common.CurrentVersion.targets" with target "DesignerRuntimeImplementationProjectOutputGroup" from project "/usr/lib/dotnet/sdk/8.0.121/Sdks/Microsoft.NET.Sdk/targets/Microsoft.NET.DesignerSupport.targets".
                   Overriding target "Publish" in project "/usr/lib/dotnet/sdk/8.0.121/Microsoft.Common.CurrentVersion.targets" with target "Publish" from project "/usr/lib/dotnet/sdk/8.0.121/Sdks/Microsoft.NET.Sdk/targets/Microsoft.NET.Publish.targets".
                   Overriding target "ResolveReadyToRunCompilers" in project "/usr/lib/dotnet/sdk/8.0.121/Sdks/Microsoft.NET.Sdk/targets/Microsoft.NET.CrossGen.targets" with target "ResolveReadyToRunCompilers" from project "/usr/lib/dotnet/sdk/8.0.121/Sdks/Microsoft.NET.Sdk/targets/Microsoft.NET.Publish.targets".
                   Overriding target "GetCopyToPublishDirectoryItems" in project "/usr/lib/dotnet/sdk/8.0.121/Microsoft.Common.CurrentVersion.targets" with target "GetCopyToPublishDirectoryItems" from project "/usr/lib/dotnet/sdk/8.0.121/Sdks/Microsoft.NET.Sdk/targets/Microsoft.NET.Publish.targets".
                   The target "ResolveNuGetPackageAssets" listed in an AfterTargets attribute at "/home/home/.nuget/packages/system.text.json/8.0.0/buildTransitive/net6.0/System.Text.Json.targets (11,11)" does not exist in the project, and will be ignored.
                   The target "ResolveNuGetPackageAssets" listed in an AfterTargets attribute at "/home/home/.nuget/packages/system.text.json/8.0.0/buildTransitive/net6.0/System.Text.Json.targets (23,11)" does not exist in the project, and will be ignored.
                   The target "ResolveNuGetPackageAssets" listed in an AfterTargets attribute at "/home/home/.nuget/packages/microsoft.extensions.logging.abstractions/8.0.3/buildTransitive/net6.0/Microsoft.Extensions.Logging.Abstractions.targets (11,11)" does not exist in the project, and will be ignored.
                   The target "ResolveNuGetPackageAssets" listed in an AfterTargets attribute at "/home/home/.nuget/packages/microsoft.extensions.logging.abstractions/8.0.3/buildTransitive/net6.0/Microsoft.Extensions.Logging.Abstractions.targets (23,11)" does not exist in the project, and will be ignored.
                   The target "ResolveNuGetPackageAssets" listed in an AfterTargets attribute at "/home/home/.nuget/packages/microsoft.extensions.options/8.0.2/buildTransitive/net6.0/Microsoft.Extensions.Options.targets (11,11)" does not exist in the project, and will be ignored.
                   The target "ResolveNuGetPackageAssets" listed in an AfterTargets attribute at "/home/home/.nuget/packages/microsoft.extensions.options/8.0.2/buildTransitive/net6.0/Microsoft.Extensions.Options.targets (23,11)" does not exist in the project, and will be ignored.
                   The target "ResolveNuGetPackageAssets" listed in an AfterTargets attribute at "/home/home/.nuget/packages/microsoft.extensions.configuration.binder/8.0.0/buildTransitive/netstandard2.0/Microsoft.Extensions.Configuration.Binder.targets (9,13)" does not exist in the project, and will be ignored.
20:21:26.303     0>Initial Properties:
                   __DisableWorkloadResolverSentinelPath = /usr/lib/dotnet/sdk/8.0.121/DisableWorkloadResolver.sentinel
                   __WindowsAppSdkDefaultImageIncludes = **/*.png;**/*.bmp;**/*.jpg;**/*.dds;**/*.tif;**/*.tga;**/*.gif
                   _BeforePublishNoBuildTargets = 
                         BuildOnlySettings;
                         _PreventProjectReferencesFromBuilding;
                         ResolveReferences;
                         PrepareResourceNames;
                         ComputeIntermediateSatelliteAssemblies;
                         ComputeEmbeddedApphostPaths;
                       
                   _BinaryFormatterObsoleteAsError = true
                   _CorePublishTargets = 
                         PrepareForPublish;
                         ComputeAndCopyFilesToPublishDirectory;
                         ;
                         PublishItemsOutputGroup;
                       
                   _DebugSymbolsProduced = true
                   _DefaultArtifactsPathPropsImported = true
                   _DefaultUserProfileRuntimeStorePath = /home/home/.dotnet/store
                   _DeploymentApplicationManifestIdentity = SampleOnionApp.McpServer.exe
                   _DeploymentBuiltUpdateInterval = 0
                   _DeploymentBuiltUpdateIntervalUnits = Days
                   _DeploymentDeployManifestIdentity = SampleOnionApp.McpServer.application
                   _DeploymentFileMappingExtension = 
                   _DeploymentLauncherBased = true
                   _DeploymentPublishableProjectDefault = true
                   _DeploymentTargetApplicationManifestFileName = SampleOnionApp.McpServer.dll.manifest
                   _DeploymentUrl = 
                   _DesignerDepsFileName = SampleOnionApp.McpServer.designer.deps.json
                   _DesignerDepsFilePath = obj/Debug/net8.0/SampleOnionApp.McpServer.designer.deps.json
                   _DesignerRuntimeConfigFileName = SampleOnionApp.McpServer.designer.runtimeconfig.json
                   _DesignerRuntimeConfigFilePath = obj/Debug/net8.0/SampleOnionApp.McpServer.designer.runtimeconfig.json
                   _DirectoryBuildPropsBasePath = 
                   _DirectoryBuildPropsFile = Directory.Build.props
                   _DirectoryBuildTargetsBasePath = 
                   _DirectoryBuildTargetsFile = Directory.Build.targets
                   _DirectoryPackagesPropsBasePath = 
                   _DirectoryPackagesPropsFile = Directory.Packages.props
                   _DocumentationFileProduced = false
                   _DotNetAppHostExecutableName = apphost
                   _DotNetAppHostExecutableNameWithoutExtension = apphost
                   _DotNetComHostLibraryName = comhost
                   _DotNetComHostLibraryNameWithoutExtension = comhost
                   _DotNetHostExecutableName = dotnet
                   _DotNetHostFxrLibraryName = libhostfxr.so
                   _DotNetHostPolicyLibraryName = libhostpolicy.so
                   _DotNetIjwHostLibraryName = Ijwhost
                   _DotNetIjwHostLibraryNameWithoutExtension = Ijwhost
                   _DotNetSingleFileHostExecutableNameWithoutExtension = singlefilehost
                   _EnableDefaultWindowsPlatform = false
                   _FrameworkIdentifierForImplicitDefine = NET
                   _FrameworkVersionForImplicitDefine = 8_0
                   _GenerateBindingRedirectsIntermediateAppConfig = obj/Debug/net8.0/SampleOnionApp.McpServer.dll.config
                   _GeneratePublishDependencyFilePropertyInputsCache = /home/home/Desktop/codex-test/src/SampleOnionApp.McpServer/obj/Debug/net8.0/SampleOnionApp.McpServer.genpublishdeps.cache
                   _GenerateRestoreGraphProjectEntryInputProperties = ExcludeRestorePackageImports=true
                   _GenerateRuntimeConfigurationPropertyInputsCache = /home/home/Desktop/codex-test/src/SampleOnionApp.McpServer/obj/Debug/net8.0/SampleOnionApp.McpServer.genruntimeconfig.cache
                   _GenerateSingleFileBundlePropertyInputsCache = /home/home/Desktop/codex-test/src/SampleOnionApp.McpServer/obj/Debug/net8.0/SampleOnionApp.McpServer.genbundle.cache
                   _GenerateSourceLinkFileBeforeTargets = CoreCompile
                   _GenerateSourceLinkFileDependsOnTargets = 
                   _GenerateSupportedRuntimeIntermediateAppConfig = obj/Debug/net8.0/SampleOnionApp.McpServer.dll.withSupportedRuntime.config
                   _GenerateToolsSettingsFileCacheFile = /home/home/Desktop/codex-test/src/SampleOnionApp.McpServer/obj/Debug/net8.0/SampleOnionApp.McpServer.toolssettingsinput.cache
                   _GetChildProjectCopyToOutputDirectoryItems = true
                   _GetChildProjectCopyToPublishDirectoryItems = true
                   _InitialBaseIntermediateOutputPath = obj/
                   _InitialMSBuildProjectExtensionsPath = /home/home/Desktop/codex-test/src/SampleOnionApp.McpServer/obj/
                   _IsExecutable = true
                   _IsNETCoreOrNETStandard = true
                   _LatestAnalysisLevel = 8.0
                   _MaxSupportedLangVersion = 12.0
                   _MicrosoftSourceLinkCommonAssemblyFile = /usr/lib/dotnet/sdk/8.0.121/Sdks/Microsoft.SourceLink.Common/build/../tools/core/Microsoft.SourceLink.Common.dll
                   _MinimumNonEolSupportedNetCoreTargetFramework = net8.0
                   _NativeLibraryExtension = .so
                   _NativeLibraryPrefix = lib
                   _NETAnalyzersSDKAssemblyVersion = 8.0.0
                   _NETCoreSdkIsPreview = false
                   _NetFrameworkHostedCompilersVersion = 4.8.0-7.25056.18
                   _NoneAnalysisLevel = 4.0
                   _NugetFallbackFolder = /usr/lib/dotnet/sdk/8.0.121/Sdks/Microsoft.NET.Sdk/targets/../../../../NuGetFallbackFolder
                   _NugetTargetMonikerAndRID = .NETCoreApp,Version=v8.0
                   _OriginalConfiguration = Debug
                   _OriginalPlatform = AnyCPU
                   _PackToolPublishDependency = _PublishBuildAlternative
                   _PlatformWithoutConfigurationInference = AnyCPU
                   _PreviewAnalysisLevel = 9.0
                   _ProjectDefaultTargets = Build
                   _PublishNoBuildAlternativeDependsOn = 
                         BuildOnlySettings;
                         _PreventProjectReferencesFromBuilding;
                         ResolveReferences;
                         PrepareResourceNames;
                         ComputeIntermediateSatelliteAssemblies;
                         ComputeEmbeddedApphostPaths;
                       ;
                         PrepareForPublish;
                         ComputeAndCopyFilesToPublishDirectory;
                         ;
                         PublishItemsOutputGroup;
                       
                   _PublishProfileDesignerFolder = Properties
                   _PublishProfileRootFolder = /home/home/Desktop/codex-test/src/SampleOnionApp.McpServer/Properties/PublishProfiles/
                   _RecursiveTargetForContentCopying = GetCopyToOutputDirectoryItems
                   _ResolveReferenceDependencies = false
                   _RuntimeIdentifierUsesAppHost = true
                   _RuntimePackInWorkloadVersion6 = 6.0.36
                   _RuntimePackInWorkloadVersion7 = 7.0.20
                   _RuntimePackInWorkloadVersionCurrent = 8.0.21
                   _SGenDllCreated = false
                   _SGenDllName = SampleOnionApp.McpServer.XmlSerializers.dll
                   _SGenGenerateSerializationAssembliesConfig = Off
                   _ShimCreatedSentinelFile = /home/home/Desktop/codex-test/src/SampleOnionApp.McpServer/obj/Debug/net8.0/SampleOnionApp.McpServer.shimcreated.sentinel
                   _ShimInputCacheFile = /home/home/Desktop/codex-test/src/SampleOnionApp.McpServer/obj/Debug/net8.0/SampleOnionApp.McpServer.shiminput.cache
                   _SourceLinkAzureReposGitAssemblyFile = /usr/lib/dotnet/sdk/8.0.121/Sdks/Microsoft.SourceLink.AzureRepos.Git/build/../tools/core/Microsoft.SourceLink.AzureRepos.Git.dll
                   _SourceLinkBitbucketAssemblyFile = /usr/lib/dotnet/sdk/8.0.121/Sdks/Microsoft.SourceLink.Bitbucket.Git/build/../tools/core/Microsoft.SourceLink.Bitbucket.Git.dll
                   _SourceLinkGitHubAssemblyFile = /usr/lib/dotnet/sdk/8.0.121/Sdks/Microsoft.SourceLink.GitHub/build/../tools/core/Microsoft.SourceLink.GitHub.dll
                   _SourceLinkGitLabAssemblyFile = /usr/lib/dotnet/sdk/8.0.121/Sdks/Microsoft.SourceLink.GitLab/build/../tools/core/Microsoft.SourceLink.GitLab.dll
                   _SourceLinkPropsImported = true
                   _SourceLinkSdkSubDir = build
                   _SupportedPlatformList = @(SupportedPlatform, ',')
                   _TargetFrameworkDirectories = 
                   _TargetFrameworkVersionValue = 0.0
                   _TargetFrameworkVersionWithoutV = 8.0
                   _TargetLatestRuntimePatchIsDefault = true
                   _TargetsThatPrepareProjectReferences = 
                         AssignProjectConfiguration;
                         _SplitProjectReferencesByFileExistence
                       
                   _ToolsSettingsFilePath = obj/DotnetToolSettings.xml
                   _UseAttributeForTargetFrameworkInfoPropertyNames = true
                   _UsingDefaultForHasRuntimeOutput = true
                   _UsingDefaultPlatformTarget = true
                   _WindowsDesktopSdkTargetFrameworkVersionFloor = 3.0
                   _WorkloadLibraryPacksFolder = /usr/lib/dotnet/library-packs
                   AddAdditionalExplicitAssemblyReferences = false
                   AddAppConfigToBuildOutputs = true
                   AllowedOutputExtensionsInPackageBuildOutputFolder = .dll; .exe; .winmd; .json; .pri; .xml ;
                   AllowedOutputExtensionsInSymbolsPackageBuildOutputFolder = .pdb; .mdb; .dll; .exe; .winmd; .json; .pri; .xml ;; 
                   AllowedReferenceAssemblyFileExtensions = 
                         .winmd;
                         .dll;
                         .exe
                       
                   AllowedReferenceRelatedFileExtensions = 
                         .pdb;
                         .xml;
                         .pri;
                         .dll.config;
                         .exe.config
                       
                   AllowUnsafeBlocks = false
                   AlwaysIncludeCoreFrameworkInRuntimeConfig = true
                   AlwaysUseNumericalSuffixInItemNames = true
                   AnalysisLevel = latest
                   ApiCompatValidatePackageSemaphoreFile = obj/Debug/net8.0/Microsoft.NET.ApiCompat.ValidatePackage.semaphore
                   AppDesignerFolder = Properties
                   AppendPlatformToOutputPath = false
                   AppendRuntimeIdentifierToOutputPath = true
                   AppendTargetFrameworkToOutputPath = true
                   AssemblyFoldersConfigFile = /usr/lib/dotnet/sdk/8.0.121/AssemblyFolders.config
                   AssemblyFoldersSuffix = AssemblyFoldersEx
                   AssemblyName = SampleOnionApp.McpServer
                   AssemblySearchPaths = {CandidateAssemblyFiles};{HintPathFromItem};{TargetFrameworkDirectory};{RawFileName}
                   AssemblyTitle = SampleOnionApp.McpServer
                   AssetTargetFallback = ;net461;net462;net47;net471;net472;net48;net481
                   AssignTargetPathsDependsOn = 
                   Authors = SampleOnionApp.McpServer
                   AutomaticallyUseReferenceAssemblyPackages = true
                   AutoUnifyAssemblyReferences = true
                   AvailablePlatforms = Any CPU,x86,x64,ARM32,ARM64
                   BackwardsCompatFrameworkDefine = NETCOREAPP
                   BaseIntermediateOutputPath = obj/
                   BaseOutputPath = bin/
                   BaseOutputPathWasSpecified = true
                   BuildCompileAction = Build
                   BuildDependsOn = 
                         BeforeBuild;
                         CoreBuild;
                         AfterBuild
                       
                   BuildGenerateSourcesAction = Build
                   BuildingProject = false
                   BuildInParallel = true
                   BuildLinkAction = Build
                   BuildOutputTargetFolder = lib
                   BuildProjectReferences = true
                   BuiltProjectOutputGroupDependenciesDependsOn = 
                         ;
                         
                         ;
                         BuildOnlySettings;
                         PrepareForBuild;
                         AssignTargetPaths;
                         ResolveReferences
                       
                       
                   BuiltProjectOutputGroupDependsOn = PrepareForBuild
                   BundledNETCoreAppPackageVersion = 8.0.21
                   BundledNETCoreAppTargetFrameworkVersion = 8.0
                   BundledNETCorePlatformsPackageVersion = 8.0.21-servicing.25475.13
                   BundledNETStandardPackageVersion = 2.1.0
                   BundledNETStandardTargetFrameworkVersion = 2.1
                   BundledRuntimeIdentifierGraphFile = /usr/lib/dotnet/sdk/8.0.121/RuntimeIdentifierGraph.json
                   CheckEolTargetFramework = true
                   CheckEolWorkloads = true
                   CheckForOverflowUnderflow = false
                   CleanDependsOn = 
                         BeforeClean;
                         UnmanagedUnregistration;
                         CoreClean;
                         CleanReferencedProjects;
                         CleanPublishFolder;
                         AfterClean
                       
                   CleanFile = SampleOnionApp.McpServer.csproj.FileListAbsolute.txt
                   ClickOncePublishDir = bin/Debug/net8.0/publish/
                   CodeAnalysisRuleIds = CA1000;CA1001;CA1002;CA1003;CA1005;CA1008;CA1010;CA1012;CA1014;CA1016;CA1017;CA1018;CA1019;CA1021;CA1024;CA1027;CA1028;CA1030;CA1031;CA1032;CA1033;CA1034;CA1036;CA1040;CA1041;CA1043;CA1044;CA1045;CA1046;CA1047;CA1050;CA1051;CA1052;CA1054;CA1055;CA1056;CA1058;CA1060;CA1061;CA1062;CA1063;CA1064;CA1065;CA1066;CA1067;CA1068;CA1069;CA1070;CA1200;CA1303;CA1304;CA1305;CA1307;CA1308;CA1309;CA1310;CA1311;CA1401;CA1416;CA1417;CA1418;CA1419;CA1420;CA1421;CA1422;CA1501;CA1502;CA1505;CA1506;CA1507;CA1508;CA1509;CA1510;CA1511;CA1512;CA1513;CA1700;CA1707;CA1708;CA1710;CA1711;CA1712;CA1713;CA1715;CA1716;CA1720;CA1721;CA1724;CA1725;CA1727;CA1802;CA1805;CA1806;CA1810;CA1812;CA1813;CA1814;CA1815;CA1816;CA1819;CA1820;CA1821;CA1822;CA1823;CA1824;CA1825;CA1826;CA1827;CA1828;CA1829;CA1830;CA1831;CA1832;CA1833;CA1834;CA1835;CA1836;CA1837;CA1838;CA1839;CA1840;CA1841;CA1842;CA1843;CA1844;CA1845;CA1846;CA1847;CA1848;CA1849;CA1850;CA1851;CA1852;CA1853;CA1854;CA1855;CA1856;CA1857;CA1858;CA1859;CA1860;CA1861;CA1862;CA1863;CA1864;CA1865;CA1866;CA1867;CA1868;CA1869;CA1870;CA2000;CA2002;CA2007;CA2008;CA2009;CA2011;CA2012;CA2013;CA2014;CA2015;CA2016;CA2017;CA2018;CA2019;CA2020;CA2021;CA2100;CA2101;CA2119;CA2153;CA2200;CA2201;CA2207;CA2208;CA2211;CA2213;CA2214;CA2215;CA2216;CA2217;CA2218;CA2219;CA2224;CA2225;CA2226;CA2227;CA2231;CA2234;CA2235;CA2237;CA2241;CA2242;CA2243;CA2244;CA2245;CA2246;CA2247;CA2248;CA2249;CA2250;CA2251;CA2252;CA2253;CA2254;CA2255;CA2256;CA2257;CA2258;CA2259;CA2260;CA2261;CA2300;CA2301;CA2302;CA2305;CA2310;CA2311;CA2312;CA2315;CA2321;CA2322;CA2326;CA2327;CA2328;CA2329;CA2330;CA2350;CA2351;CA2352;CA2353;CA2354;CA2355;CA2356;CA2361;CA2362;CA3001;CA3002;CA3003;CA3004;CA3005;CA3006;CA3007;CA3008;CA3009;CA3010;CA3011;CA3012;CA3061;CA3075;CA3076;CA3077;CA3147;CA5350;CA5351;CA5358;CA5359;CA5360;CA5361;CA5362;CA5363;CA5364;CA5365;CA5366;CA5367;CA5368;CA5369;CA5370;CA5371;CA5372;CA5373;CA5374;CA5375;CA5376;CA5377;CA5378;CA5379;CA5380;CA5381;CA5382;CA5383;CA5384;CA5385;CA5386;CA5387;CA5388;CA5389;CA5390;CA5391;CA5392;CA5393;CA5394;CA5395;CA5396;CA5397;CA5398;CA5399;CA5400;CA5401;CA5402;CA5403;CA5404;CA5405
                   CodeAnalysisTargets = /usr/lib/dotnet/sdk/8.0.121/Microsoft/VisualStudio/v17.0/CodeAnalysis/Microsoft.CodeAnalysis.targets
                   CommandLineArgsForDesignTimeEvaluation = -langversion:12.0 -define:TRACE
                   CommonOutputGroupsDependsOn = 
                         ;
                         BuildOnlySettings;
                         PrepareForBuild;
                         AssignTargetPaths;
                         ResolveReferences
                       
                   CommonTargetsPath = /usr/lib/dotnet/sdk/8.0.121/Microsoft.Common.CurrentVersion.targets
                   CommonXamlResourcesDirectory = /usr/lib/dotnet/sdk/8.0.121//
                   Company = SampleOnionApp.McpServer
                   CompileDependsOn = 
                         
                         ResolveReferences;
                         ResolveKeySource;
                         SetWin32ManifestProperties;
                         FindReferenceAssembliesForReferences;
                         _GenerateCompileInputs;
                         BeforeCompile;
                         _TimeStampBeforeCompile;
                         _GenerateCompileDependencyCache;
                         CoreCompile;
                         _TimeStampAfterCompile;
                         AfterCompile;
                       ;
                         _CreateAppHost;
                         _CreateComHost;
                         _GetIjwHostPaths;
                       
                   CompileLicxFilesDependsOn = 
                   CompilerApiVersion = roslyn4.8
                   CompilerGeneratedFilesOutputPath = 
                   ComputeIntermediateSatelliteAssembliesDependsOn = 
                         CreateManifestResourceNames
                       
                   ComputeNETCoreBuildOutputFiles = true
                   ComReferenceExecuteAsTool = false
                   ComReferenceNoClassMembers = false
                   Configuration = Debug
                   ConfigurationName = Debug
                   Configurations = Debug;Release
                   ConsiderPlatformAsProcessorArchitecture = true
                   ContentFilesProjectOutputGroupDependsOn = PrepareForBuild;AssignTargetPaths
                   ContentPreprocessorOutputDirectory = obj/Debug/net8.0/NuGet/
                   ContentTargetFolders = content;contentFiles
                   ContinueOnError = false
                   CopyBuildOutputToPublishDirectory = true
                   CopyConflictingTransitiveContent = false
                   CopyLocalLockFileAssemblies = true
                   CopyOutputSymbolsToPublishDirectory = true
                   CoreBuildDependsOn = 
                         _CheckForBuildWithNoBuild;
                         
                         BuildOnlySettings;
                         PrepareForBuild;
                         PreBuildEvent;
                         ResolveReferences;
                         PrepareResources;
                         ResolveKeySource;
                         Compile;
                         ExportWindowsMDFile;
                         UnmanagedUnregistration;
                         GenerateSerializationAssemblies;
                         CreateSatelliteAssemblies;
                         GenerateManifests;
                         GetTargetPath;
                         PrepareForRun;
                         UnmanagedRegistration;
                         IncrementalClean;
                         PostBuildEvent
                       ;
                         GenerateBuildDependencyFile;
                         GenerateBuildRuntimeConfigurationFiles
                       
                   CoreCleanDependsOn = 
                         _SdkBeforeClean;
                         
                       
                   CoreCompileDependsOn = ;_ComputeNonExistentFileProperty;ResolveCodeAnalysisRuleSet
                   CoreResGenDependsOn = FindReferenceAssembliesForReferences
                   CreateCustomManifestResourceNamesDependsOn = 
                   CreateHardLinksForCopyAdditionalFilesIfPossible = false
                   CreateManifestResourceNamesDependsOn = 
                   CreateSatelliteAssembliesDependsOn = 
                         
                         _GenerateSatelliteAssemblyInputs;
                         ComputeIntermediateSatelliteAssemblies;
                         GenerateSatelliteAssemblies
                       ;
                         CoreGenerateSatelliteAssemblies
                       
                   CreateSymbolicLinksForCopyAdditionalFilesIfPossible = false
                   CSharpCoreTargetsPath = /usr/lib/dotnet/sdk/8.0.121/Roslyn/Microsoft.CSharp.Core.targets
                   CSharpDesignTimeTargetsPath = /usr/lib/dotnet/sdk/8.0.121/Microsoft/VisualStudio/Managed/Microsoft.CSharp.DesignTime.targets
                   CSharpTargetsPath = /usr/lib/dotnet/sdk/8.0.121/Microsoft.CSharp.CurrentVersion.targets
                   CustomAfterMicrosoftCommonProps = /usr/lib/dotnet/sdk/8.0.121/vCurrent/Custom.After.Microsoft.Common.props
                   CustomAfterMicrosoftCommonTargets = /usr/lib/dotnet/sdk/8.0.121/vCurrent/Custom.After.Microsoft.Common.targets
                   CustomAfterMicrosoftCSharpTargets = /usr/lib/dotnet/sdk/8.0.121/vCurrent/Custom.After.Microsoft.CSharp.targets
                   CustomBeforeMicrosoftCommonProps = /usr/lib/dotnet/sdk/8.0.121/vCurrent/Custom.Before.Microsoft.Common.props
                   CustomBeforeMicrosoftCommonTargets = /usr/lib/dotnet/sdk/8.0.121/vCurrent/Custom.Before.Microsoft.Common.targets
                   CustomBeforeMicrosoftCSharpTargets = /usr/lib/dotnet/sdk/8.0.121/vCurrent/Custom.Before.Microsoft.CSharp.targets
                   DebugSymbols = true
                   DebugSymbolsProjectOutputGroupDependenciesDependsOn = 
                         ;
                         
                         ;
                         BuildOnlySettings;
                         PrepareForBuild;
                         AssignTargetPaths;
                         ResolveReferences
                       
                       
                   DebugSymbolsProjectOutputGroupDependsOn = 
                   DebugType = portable
                   DefaultAllowedOutputExtensionsInPackageBuildOutputFolder = .dll; .exe; .winmd; .json; .pri; .xml
                   DefaultAppHostRuntimeIdentifier = ubuntu.24.04-x64
                   DefaultCopyToPublishDirectoryMetadata = true
                   DefaultExcludesInProjectFolder = ;;**/.*/**
                   DefaultImplicitPackages = Microsoft.NETCore.App;NETStandard.Library
                   DefaultItemExcludes = ;bin/Debug//**;obj/Debug//**;bin//**;obj//**;**/*.user;**/*.*proj;**/*.sln;**/*.vssscc;**/.DS_Store
                   DefaultLanguageSourceExtension = .cs
                   DefaultProjectTypeGuid = {FAE04EC0-301F-11D3-BF4B-00C04F79EFBC}
                   DefineCommonCapabilities = true
                   DefineCommonItemSchemas = true
                   DefineCommonReferenceSchemas = true
                   DefineConstants = TRACE;DEBUG;NET;NET8_0;NETCOREAPP
                   DelaySign = 
                   DeploymentComputeClickOnceManifestInfoDependsOn = 
                         CleanPublishFolder;
                         GetCopyToOutputDirectoryItems;
                         _DeploymentGenerateTrustInfo
                         
                       
                   DesignerRuntimeImplementationProjectOutputGroupDependsOn = 
                         
                         ;
                         
                         ;
                         BuildOnlySettings;
                         PrepareForBuild;
                         AssignTargetPaths;
                         ResolveReferences
                       
                       ;
                         _GenerateDesignerDepsFile;
                         _GenerateDesignerRuntimeConfigFile;
                         GetCopyToOutputDirectoryItems;
                         _GatherDesignerShadowCopyFiles;
                       
                   DesignTimeAssemblySearchPaths = {CandidateAssemblyFiles};{HintPathFromItem};{TargetFrameworkDirectory};{RawFileName}
                   DesignTimeAutoUnify = true
                   DesignTimeResolveAssemblyReferencesDependsOn = 
                         GetFrameworkPaths;
                         GetReferenceAssemblyPaths;
                         ResolveReferences
                       
                   Deterministic = true
                   DevEnvDir = *Undefined*
                   DisableHandlePackageFileConflicts = true
                   DisableLogTaskParameter_ConvertToAbsolutePath_Path = true
                   DisableLogTaskParameter_FindUnderPath_OutOfPath = true
                   DisableLogTaskParameter_RemoveDuplicates_Inputs = true
                   DisableLogTaskParameterItemMetadata_ConvertToAbsolutePath_AbsolutePaths = true
                   DisableLogTaskParameterItemMetadata_Copy_CopiedFiles = true
                   DisableLogTaskParameterItemMetadata_Copy_DestinationFiles = true
                   DisableLogTaskParameterItemMetadata_Copy_SourceFiles = true
                   DisableLogTaskParameterItemMetadata_FindUnderPath_Files = true
                   DisableLogTaskParameterItemMetadata_FindUnderPath_InPath = true
                   DisableLogTaskParameterItemMetadata_GenerateResource_FilesWritten = true
                   DisableLogTaskParameterItemMetadata_Hash_ItemsToHash = true
                   DisableLogTaskParameterItemMetadata_RemoveDuplicates_Filtered = true
                   DisableLogTaskParameterItemMetadata_WriteLinesToFile_Lines = true
                   DisableStandardFrameworkResolution = true
                   DocumentationFile = 
                   DocumentationProjectOutputGroupDependenciesDependsOn = 
                         ;
                         
                         ;
                         BuildOnlySettings;
                         PrepareForBuild;
                         AssignTargetPaths;
                         ResolveReferences
                       
                       
                   DocumentationProjectOutputGroupDependsOn = 
                   DOTNET_BUNDLE_EXTRACT_BASE_DIR = /home/home/.cache/dotnet_bundle_extract
                   DOTNET_HOST_PATH = /usr/lib/dotnet/dotnet
                   DOTNET_ROOT = /home/home/.dotnet
                   DotNetApiCompatTaskAssembly = /usr/lib/dotnet/sdk/8.0.121/Sdks/Microsoft.NET.Sdk/targets/../tools/net8.0/Microsoft.DotNet.ApiCompat.Task.dll
                   DotnetCliToolTargetFramework = netcoreapp2.2
                   EffectiveAnalysisLevel = 8.0
                   EffectiveCodeAnalysisTreatWarningsAsErrors = 
                   EmbeddedResourceUseDependentUponConvention = true
                   EmbeddedWin32Manifest = 
                   EmbedUntrackedSources = true
                   EmitAssetsLogMessages = true
                   EmitCompilerGeneratedFiles = false
                   EmitLegacyAssetsFileItems = false
                   EnableDefaultCompileItems = true
                   EnableDefaultEmbeddedResourceItems = true
                   EnableDefaultItems = true
                   EnableDefaultNoneItems = true
                   EnableFrameworkPathOverride = false
                   EnableNETAnalyzers = true
                   EnableSourceControlManagerQueries = true
                   EnableSourceLink = true
                   EnableUnsafeBinaryFormatterSerialization = false
                   EnableWebSdkImplicitPackageVersions = false
                   EnforceCodeStyleInBuild = false
                   ErrorReport = prompt
                   ExpandSDKAllowedReferenceExtensions = 
                         .winmd;
                         .dll
                       
                   ExpandSDKReferencesDependsOn = 
                         ResolveSDKReferences
                       
                   FileAlignment = 512
                   FindInvalidProjectReferencesDependsOn = 
                         GetReferenceTargetPlatformMonikers
                       
                   Framework20Dir = @(_TargetFramework20DirectoryItem)
                   Framework30Dir = @(_TargetFramework30DirectoryItem)
                   Framework35Dir = @(_TargetFramework35DirectoryItem)
                   Framework40Dir = @(_TargetFramework40DirectoryItem)
                   FrameworkDir = @(_TargetFramework40DirectoryItem)
                   FrameworkPathOverride = 
                   FrameworkRegistryBase = Software\Microsoft\.NETCoreApp
                   FrameworkSDKDir = @(_TargetFrameworkSDKDirectoryItem)
                   FullReferenceAssemblyNames = Full
                   GenerateAssemblyCompanyAttribute = true
                   GenerateAssemblyConfigurationAttribute = true
                   GenerateAssemblyCopyrightAttribute = true
                   GenerateAssemblyDescriptionAttribute = true
                   GenerateAssemblyFileVersionAttribute = true
                   GenerateAssemblyInfo = true
                   GenerateAssemblyInformationalVersionAttribute = true
                   GenerateAssemblyMetadataAttributes = true
                   GenerateAssemblyProductAttribute = true
                   GenerateAssemblyTitleAttribute = true
                   GenerateAssemblyTrademarkAttribute = true
                   GenerateAssemblyVersionAttribute = true
                   GenerateBindingRedirectsOutputType = true
                   GenerateClickOnceManifests = 
                   GeneratedAssemblyInfoFile = obj/Debug/net8.0/SampleOnionApp.McpServer.AssemblyInfo.cs
                   GenerateDependencyFile = true
                   GeneratedGlobalUsingsFile = obj/Debug/net8.0/SampleOnionApp.McpServer.GlobalUsings.g.cs
                   GenerateDisableRuntimeMarshallingAttribute = true
                   GenerateDocumentationFile = false
                   GenerateFullPaths = true
                   GenerateInternalsVisibleToAttributes = true
                   GenerateManifestsDependsOn = 
                         SetWin32ManifestProperties;
                         GenerateApplicationManifest;
                         GenerateDeploymentManifest
                       
                   GenerateNeutralResourcesLanguageAttribute = true
                   GenerateNuspecDependsOn = Build;_LoadPackInputItems; _GetTargetFrameworksOutput; _WalkEachTargetPerFramework; _GetPackageFiles; 
                   GeneratePackageOnBuild = false
                   GenerateRepositoryUrlAttribute = true
                   GenerateRequiresPreviewFeaturesAttribute = true
                   GenerateResourceMSBuildArchitecture = CurrentArchitecture
                   GenerateResourceMSBuildRuntime = CurrentRuntime
                   GenerateResourceUsePreserializedResources = true
                   GenerateResourceWarnOnBinaryFormatterUse = true
                   GenerateRuntimeConfigDevFile = false
                   GenerateRuntimeConfigurationFiles = true
                   GenerateSatelliteAssembliesForCore = true
                   GenerateSupportedOSPlatformAttribute = true
                   GenerateTargetFrameworkAttribute = true
                   GenerateTargetPlatformAttribute = true
                   GenerateUserSecretsAttribute = true
                   GetCopyToOutputDirectoryItemsDependsOn = 
                         AssignTargetPaths;
                         
                         AssignProjectConfiguration;
                         _SplitProjectReferencesByFileExistence
                       ;
                         _GetProjectReferenceTargetFrameworkProperties;
                         _PopulateCommonStateForGetCopyToOutputDirectoryItems
                       
                   GetFrameworkPathsDependsOn = 
                   GetReferenceNearestTargetFrameworkTaskSupportsTargetPlatformParameter = true
                   GetTargetPathDependsOn = 
                   GetTargetPathWithTargetPlatformMonikerDependsOn = 
                   HasRuntimeOutput = true
                   HideWarningsAndErrors = false
                   HighEntropyVA = true
                   ImplicitConfigurationDefine = DEBUG
                   ImplicitFrameworkDefine = NET8_0
                   ImplicitUsings = enable
                   ImportByWildcardAfterMicrosoftCommonProps = true
                   ImportByWildcardAfterMicrosoftCommonTargets = true
                   ImportByWildcardAfterMicrosoftCSharpTargets = true
                   ImportByWildcardBeforeMicrosoftCommonProps = true
                   ImportByWildcardBeforeMicrosoftCommonTargets = true
                   ImportByWildcardBeforeMicrosoftCSharpTargets = true
                   ImportDirectoryBuildProps = false
                   ImportDirectoryBuildTargets = true
                   ImportDirectoryPackagesProps = true
                   ImportFrameworkWinFXTargets = false
                   ImportNuGetBuildTasksPackTargetsFromSdk = true
                   ImportProjectExtensionProps = true
                   ImportProjectExtensionTargets = true
                   ImportUserLocationsByWildcardAfterMicrosoftCommonProps = true
                   ImportUserLocationsByWildcardAfterMicrosoftCommonTargets = true
                   ImportUserLocationsByWildcardAfterMicrosoftCSharpTargets = true
                   ImportUserLocationsByWildcardBeforeMicrosoftCommonProps = true
                   ImportUserLocationsByWildcardBeforeMicrosoftCommonTargets = true
                   ImportUserLocationsByWildcardBeforeMicrosoftCSharpTargets = true
                   IncludeBuildOutput = true
                   IncludeContentInPack = true
                   IncludeFileVersionsInDependencyFile = true
                   IncludeMainProjectInDepsFile = true
                   IncludeProjectsNotInAssetsFileInDepsFile = true
                   IncludeSourceRevisionInInformationalVersion = true
                   IncludeSymbolsInSingleFile = false
                   InnerBuildProperty = TargetFramework
                   InnerBuildPropertyValues = TargetFrameworks
                   IntermediateOutputPath = obj/Debug/net8.0/
                   IsNetCoreAppTargetingLatestTFM = true
                   IsPackable = true
                   IsPublishable = true
                   IsRestoreTargetsFileLoaded = true
                   IsRidAgnostic = false
                   Language = C#
                   LanguageTargets = /usr/lib/dotnet/sdk/8.0.121/Microsoft.CSharp.targets
                   LangVersion = 12.0
                   MarkPackageReferencesAsExternallyResolved = true
                   MaxSupportedLangVersion = 12.0
                   MaxTargetPath = 100
                   MicrosoftBuildTasksGitAssemblyFile = /usr/lib/dotnet/sdk/8.0.121/Sdks/Microsoft.Build.Tasks.Git/build/../tools/core/Microsoft.Build.Tasks.Git.dll
                   MicrosoftCommonPropsHasBeenImported = true
                   MicrosoftNETBuildExtensionsTargets = /usr/lib/dotnet/sdk/8.0.121/Microsoft/Microsoft.NET.Build.Extensions/Microsoft.NET.Build.Extensions.targets
                   MicrosoftNETBuildExtensionsTasksAssembly = /usr/lib/dotnet/sdk/8.0.121/Microsoft/Microsoft.NET.Build.Extensions/tools/net8.0/Microsoft.NET.Build.Extensions.Tasks.dll
                   MicrosoftNETBuildTasksAssembly = /usr/lib/dotnet/sdk/8.0.121/Sdks/Microsoft.NET.Sdk/targets/../tools/net8.0/Microsoft.NET.Build.Tasks.dll
                   MicrosoftNETBuildTasksDirectory = /usr/lib/dotnet/sdk/8.0.121/Sdks/Microsoft.NET.Sdk/targets/../tools/net8.0/
                   MicrosoftNETBuildTasksDirectoryRoot = /usr/lib/dotnet/sdk/8.0.121/Sdks/Microsoft.NET.Sdk/targets/../tools/
                   MicrosoftNETBuildTasksTFM = net8.0
                   MicrosoftNETCrossgenBuildTasksAssembly = /usr/lib/dotnet/sdk/8.0.121/Sdks/Microsoft.NET.Sdk/targets/../tasks/net7.0/Microsoft.NET.Sdk.Crossgen.dll
                   MicrosoftNETFrameworkReferenceAssembliesLatestPackageVersion = 1.0.3
                   MicrosoftNETWindowsWorkloadInstalled = true
                   MinimumVisualStudioVersionForUnsupportedTargetFrameworkVersion = 17.8
                   MsAppxPackageTargets = /usr/lib/dotnet/sdk/8.0.121/Microsoft/VisualStudio/v17.0/AppxPackage/Microsoft.AppXPackage.Targets
                   MSBuildAllProjects = /home/home/Desktop/codex-test/src/SampleOnionApp.McpServer/obj/SampleOnionApp.McpServer.csproj.nuget.g.props;;/usr/lib/dotnet/sdk/8.0.121/Current/Microsoft.Common.targets/ImportAfter/Microsoft.TestPlatform.ImportAfter.targets
                   MSBuildAssemblyVersion = 17.0
                   MSBuildBinPath = /usr/lib/dotnet/sdk/8.0.121
                   MSBuildCopyContentTransitively = true
                   MSBuildDisableFeaturesFromVersion = 999.999
                   MSBuildEnableWorkloadResolver = true
                   MSBuildFileVersion = 17.8.43.46603
                   MSBuildFrameworkToolsRoot = /usr/lib/dotnet/shared/Microsoft.NETCore.App
                   MSBuildNodeCount = 6
                   MSBuildProgramFiles32 = 
                   MSBuildProjectDefaultTargets = Build
                   MSBuildProjectDirectory = /home/home/Desktop/codex-test/src/SampleOnionApp.McpServer
                   MSBuildProjectDirectoryNoRoot = home/home/Desktop/codex-test/src/SampleOnionApp.McpServer
                   MSBuildProjectExtension = .csproj
                   MSBuildProjectExtensionsPath = /home/home/Desktop/codex-test/src/SampleOnionApp.McpServer/obj/
                   MSBuildProjectFile = SampleOnionApp.McpServer.csproj
                   MSBuildProjectFullPath = /home/home/Desktop/codex-test/src/SampleOnionApp.McpServer/SampleOnionApp.McpServer.csproj
                   MSBuildProjectName = SampleOnionApp.McpServer
                   MSBuildRuntimeType = Core
                   MSBuildSDKsPath = /usr/lib/dotnet/sdk/8.0.121/Sdks
                   MSBuildSemanticVersion = 17.8.43+f0cbb1397
                   MSBuildStartupDirectory = /home/home/Desktop/codex-test/src/SampleOnionApp.McpServer
                   MSBuildToolsPath = /usr/lib/dotnet/sdk/8.0.121
                   MSBuildToolsVersion = Current
                   MSBUILDUSESERVER = 0
                   MSBuildUseVisualStudioDirectoryLayout = False
                   MSBuildVersion = 17.8.43
                   MSBuildWarningsAsErrors = ;NU1605
                   MSBuildWarningsAsMessages = 1701;1702
                   MSBuildWarningsNotAsErrors = 
                   MsTestToolsTargets = /usr/lib/dotnet/sdk/8.0.121/Microsoft/VisualStudio/v17.0/TeamTest/Microsoft.TeamTest.targets
                   NETCoreAppMaximumVersion = 8.0
                   NetCoreRoot = /usr/lib/dotnet/
                   NETCoreSdkBundledCliToolsProps = /usr/lib/dotnet/sdk/8.0.121/Sdks/Microsoft.NET.Sdk/targets/../../../Microsoft.NETCoreSdk.BundledCliTools.props
                   NETCoreSdkBundledVersionsProps = /usr/lib/dotnet/sdk/8.0.121/Sdks/Microsoft.NET.Sdk/targets/../../../Microsoft.NETCoreSdk.BundledVersions.props
                   NETCoreSdkPortableRuntimeIdentifier = linux-x64
                   NETCoreSdkRuntimeIdentifier = ubuntu.24.04-x64
                   NETCoreSdkVersion = 8.0.121
                   NetCoreTargetingPackRoot = /usr/lib/dotnet/packs
                   NoCompilerStandardLib = true
                   NoStdLib = true
                   NoWarn = 1701;1702
                   NuGetBuildTasksPackTargets = /usr/lib/dotnet/sdk/8.0.121/Sdks/Microsoft.NET.Sdk/Sdk/../../NuGet.Build.Tasks.Pack/build/NuGet.Build.Tasks.Pack.targets
                   NuGetInteractive = 
                   NuGetPackageFolders = /home/home/.nuget/packages/
                   NuGetPackageRoot = /home/home/.nuget/packages/
                   NuGetPackTaskAssemblyFile = ../CoreCLR/NuGet.Build.Tasks.Pack.dll
                   NuGetProjectStyle = PackageReference
                   NuGetPropsFile = /usr/lib/dotnet/sdk/8.0.121/NuGet.props
                   NuGetRestoreTargets = /usr/lib/dotnet/sdk/8.0.121/NuGet.targets
                   NuGetTargetMoniker = .NETCoreApp,Version=v8.0
                   NuGetToolVersion = 6.8.1
                   Nullable = enable
                   NuspecOutputPath = obj/Debug/
                   Optimize = false
                   OS = Unix
                   OutDir = bin/Debug/net8.0/
                   OutputPath = bin/Debug/net8.0/
                   OutputType = Exe
                   OverwriteReadOnlyFiles = false
                   PackageDescription = Package Description
                   PackageDownloadSupported = true
                   PackagedShimOutputRootDirectory = bin/Debug/net8.0/
                   PackageId = SampleOnionApp.McpServer
                   PackageOutputPath = bin/Debug/
                   PackageRequireLicenseAcceptance = false
                   PackageVersion = 1.0.0
                   PackDependsOn = ; _IntermediatePack; GenerateNuspec; 
                   PackRelease = true
                   Platform = AnyCPU
                   PlatformName = AnyCPU
                   Platforms = AnyCPU
                   PostBuildEventDependsOn = 
                   PreBuildEventDependsOn = 
                   Prefer32Bit = false
                   PrepareForBuildDependsOn = ;GetFrameworkPaths;GetReferenceAssemblyPaths;AssignLinkMetadata
                   PrepareForRunDependsOn = 
                         CopyFilesToOutputDirectory
                       
                   PrepareProjectReferencesDependsOn = 
                         AssignProjectConfiguration;
                         _SplitProjectReferencesByFileExistence;
                         _GetProjectReferenceTargetFrameworkProperties;
                         _GetProjectReferencePlatformProperties
                       
                   PrepareResourceNamesDependsOn = 
                         AssignTargetPaths;
                         SplitResourcesByCulture;
                         CreateManifestResourceNames;
                         CreateCustomManifestResourceNames
                       
                   PrepareResourcesDependsOn = 
                         ResolvePackageDependenciesForBuild;
                         _HandlePackageFileConflicts;
                         
                         ;
                         PrepareResourceNames;
                         ResGen;
                         CompileLicxFiles
                       
                       
                   PreserveCompilationReferences = 
                   ProcessorArchitecture = msil
                   ProcessorArchitectureAsPlatform = AnyCPU
                   ProduceReferenceAssembly = true
                   Product = SampleOnionApp.McpServer
                   ProjectAssetsCacheFile = /home/home/Desktop/codex-test/src/SampleOnionApp.McpServer/obj/Debug/net8.0/SampleOnionApp.McpServer.assets.cache
                   ProjectAssetsFile = /home/home/Desktop/codex-test/src/SampleOnionApp.McpServer/obj/project.assets.json
                   ProjectDepsFileName = SampleOnionApp.McpServer.deps.json
                   ProjectDepsFilePath = /home/home/Desktop/codex-test/src/SampleOnionApp.McpServer/bin/Debug/net8.0/SampleOnionApp.McpServer.deps.json
                   ProjectDesignTimeAssemblyResolutionSearchPaths = 
                         {CandidateAssemblyFiles};
                         ;
                         {HintPathFromItem};
                         {TargetFrameworkDirectory};
                         {Registry:Software\Microsoft\.NETCoreApp,v8.0,AssemblyFoldersEx};
                         {RawFileName};
                         /home/home/Desktop/codex-test/src/SampleOnionApp.McpServer/bin/Debug/net8.0/
                       
                   ProjectDir = /home/home/Desktop/codex-test/src/SampleOnionApp.McpServer/
                   ProjectExt = .csproj
                   ProjectFileName = SampleOnionApp.McpServer.csproj
                   ProjectFlavor = Client
                   ProjectName = SampleOnionApp.McpServer
                   ProjectPath = /home/home/Desktop/codex-test/src/SampleOnionApp.McpServer/SampleOnionApp.McpServer.csproj
                   ProjectRuntimeConfigFileName = SampleOnionApp.McpServer.runtimeconfig.json
                   ProjectRuntimeConfigFilePath = /home/home/Desktop/codex-test/src/SampleOnionApp.McpServer/bin/Debug/net8.0/SampleOnionApp.McpServer.runtimeconfig.json
                   PublishableProject = true
                   PublishBuildDependsOn = 
                         BuildOnlySettings;
                         PrepareForBuild;
                         ResolveReferences;
                         PrepareResources;
                         ResolveKeySource;
                         GenerateSerializationAssemblies;
                         CreateSatelliteAssemblies;
                       
                   PublishDependsOn = 
                         SetGenerateManifests;
                         Build;
                         PublishOnly
                       
                   PublishDir = bin/Debug/net8.0/publish/
                   PublishDirName = publish
                   PublishDocumentationFile = true
                   PublishDocumentationFiles = true
                   PublishItemsOutputGroupDependsOn = 
                         ;
                         ResolveReferences;
                         ComputeResolvedFilesToPublishList;
                         _ComputeFilesToBundle;
                       
                   PublishOnlyDependsOn = 
                         SetGenerateManifests;
                         PublishBuild;
                         BeforePublish;
                         GenerateManifests;
                         CopyFilesToOutputDirectory;
                         _CopyFilesToPublishFolder;
                         _DeploymentGenerateBootstrapper;
                         ResolveKeySource;
                         _DeploymentSignClickOnceDeployment;
                         AfterPublish
                       
                   PublishProfileImported = false
                   PublishReadyToRunComposite = false
                   PublishReadyToRunPerfmapFormatVersion = 1
                   PublishReadyToRunUseCrossgen2 = true
                   PublishReadyToRunUseRuntimePackOptimizationData = true
                   PublishReferencesDocumentationFiles = true
                   PublishRelease = true
                   RebuildDependsOn = 
                         _SdkBeforeRebuild;
                         
                         BeforeRebuild;
                         Clean;
                         Build;
                         AfterRebuild;
                       
                       
                   RefAssembliesFolderName = refs
                   ReferenceCopyLocalPathsOutputGroupDependsOn = 
                         ;
                         
                         ;
                         BuildOnlySettings;
                         PrepareForBuild;
                         AssignTargetPaths;
                         ResolveReferences
                       
                       
                   ReportingServicesTargets = /usr/lib/dotnet/sdk/8.0.121/Microsoft/VisualStudio/v17.0/ReportingServices/Microsoft.ReportingServices.targets
                   ResGenDependsOn = ResolveAssemblyReferences;SplitResourcesByCulture;BeforeResGen;CoreResGen;AfterResGen
                   ResGenExecuteAsTool = false
                   ResolveAssemblyReferenceOutputUnresolvedAssemblyConflicts = true
                   ResolveAssemblyReferencesDependsOn = 
                         
                         
                         ResolveProjectReferences;
                         FindInvalidProjectReferences;
                         GetFrameworkPaths;
                         GetReferenceAssemblyPaths;
                         PrepareForBuild;
                         ResolveSDKReferences;
                         ExpandSDKReferences;
                       ;
                         ResolvePackageDependenciesForBuild;
                         _HandlePackageFileConflicts;
                       ;
                         ResolveTargetingPackAssets;
                       
                   ResolveNuGetPackages = false
                   ResolvePackageDependenciesForBuildDependsOn = 
                         ResolveLockFileReferences;
                         ResolveLockFileAnalyzers;
                         ResolveLockFileCopyLocalFiles;
                         ResolveRuntimePackAssets;
                         RunProduceContentAssets;
                         IncludeTransitiveProjectReferences
                       
                   ResolveReferencesDependsOn = 
                         BeforeResolveReferences;
                         AssignProjectConfiguration;
                         ResolveProjectReferences;
                         FindInvalidProjectReferences;
                         ResolveNativeReferences;
                         ResolveAssemblyReferences;
                         GenerateBindingRedirects;
                         GenerateBindingRedirectsUpdateAppConfig;
                         ResolveComReferences;
                         AfterResolveReferences
                       
                   ResolveSDKReferencesDependsOn = 
                         GetInstalledSDKLocations
                       
                   RestoreBuildInParallel = true
                   RestoreContinueOnError = WarnAndContinue
                   RestoreOutputPath = /home/home/Desktop/codex-test/src/SampleOnionApp.McpServer/obj/
                   RestoreProjectStyle = PackageReference
                   RestoreRecursive = true
                   RestoreSuccess = True
                   RestoreTaskAssemblyFile = NuGet.Build.Tasks.dll
                   RestoreTool = NuGet
                   RestoreUseSkipNonexistentTargets = true
                   RootNamespace = SampleOnionApp.McpServer
                   RoslynTargetsPath = /usr/lib/dotnet/sdk/8.0.121/Roslyn
                   RunArguments = 
                   RunCommand = /home/home/Desktop/codex-test/src/SampleOnionApp.McpServer/bin/Debug/net8.0/SampleOnionApp.McpServer
                   RunDependsOn = 
                   RunPackageValidationDependsOn = CollectApiCompatInputs;_GetReferencePathFromInnerProjects;
                   RuntimeIdentifierGraphPath = /usr/lib/dotnet/sdk/8.0.121/PortableRuntimeIdentifierGraph.json
                   RunWorkingDirectory = 
                   SatelliteDllsProjectOutputGroupDependenciesDependsOn = 
                         ;
                         
                         ;
                         BuildOnlySettings;
                         PrepareForBuild;
                         AssignTargetPaths;
                         ResolveReferences
                       
                       
                   SatelliteDllsProjectOutputGroupDependsOn = ;PrepareForBuild;PrepareResourceNames
                   SDKRedistOutputGroupDependsOn = ResolveSDKReferences;ExpandSDKReferences
                   SDKReferenceDirectoryRoot = /home/home/.local/share/Microsoft SDKs;/Microsoft SDKs
                   SDKReferenceRegistryRoot = Software\Microsoft\Microsoft SDKs
                   SelfContained = false
                   SGenFilesOutputGroupDependenciesDependsOn = 
                         ;
                         
                         ;
                         BuildOnlySettings;
                         PrepareForBuild;
                         AssignTargetPaths;
                         ResolveReferences
                       
                       
                   SGenFilesOutputGroupDependsOn = 
                   SGenShouldGenerateSerializer = true
                   SGenUseKeep = false
                   SGenUseProxyTypes = true
                   ShouldMarkCertainSDKReferencesAsRuntimeOnly = true
                   SignAssembly = false
                   SkipCopyUnchangedFiles = true
                   SkipImportNuGetBuildTargets = true
                   SkipImportNuGetProps = true
                   SolutionDir = *Undefined*
                   SolutionExt = *Undefined*
                   SolutionFileName = *Undefined*
                   SolutionName = *Undefined*
                   SolutionPath = *Undefined*
                   SourceControlInformationFeatureSupported = true
                   SourceControlManagerUrlTranslationTargets = ;TranslateGitHubUrlsInSourceControlInformation;TranslateGitLabUrlsInSourceControlInformation;TranslateAzureReposGitUrlsInSourceControlInformation;TranslateBitbucketGitUrlsInSourceControlInformation
                   SourceFilesProjectOutputGroupDependsOn = PrepareForBuild;AssignTargetPaths
                   SourceLinkUrlInitializerTargets = ;_InitializeGitHubSourceLinkUrl;_InitializeGitLabSourceLinkUrl;_InitializeAzureReposGitSourceLinkUrl;_InitializeBitbucketGitSourceLinkUrl
                   SourceRootMappedPathsFeatureSupported = true
                   SupportedOSPlatformVersion = 
                   SupportsRoslynComponentVersioning = true
                   SuppressDependenciesWhenPacking = false
                   SymbolPackageFormat = symbols.nupkg
                   TargetCulture = *
                   TargetDeployManifestFileName = SampleOnionApp.McpServer.application
                   TargetDir = /home/home/Desktop/codex-test/src/SampleOnionApp.McpServer/bin/Debug/net8.0/
                   TargetedFrameworkDir = @(_TargetedFrameworkDirectoryItem)
                   TargetedSDKArchitecture = msil
                   TargetedSDKConfiguration = Debug
                   TargetExt = .dll
                   TargetFileName = SampleOnionApp.McpServer.dll
                   TargetFramework = net8.0
                   TargetFrameworkDirectory = 
                   TargetFrameworkIdentifier = .NETCoreApp
                   TargetFrameworkMoniker = .NETCoreApp,Version=v8.0
                   TargetFrameworkMonikerAssemblyAttributesPath = obj/Debug/net8.0/.NETCoreApp,Version=v8.0.AssemblyAttributes.cs
                   TargetFrameworkMonikerDisplayName = .NET 8.0
                   TargetFrameworkSDKToolsDirectory = 
                   TargetFrameworkVersion = v8.0
                   TargetLatestRuntimePatch = false
                   TargetName = SampleOnionApp.McpServer
                   TargetPath = /home/home/Desktop/codex-test/src/SampleOnionApp.McpServer/bin/Debug/net8.0/SampleOnionApp.McpServer.dll
                   TargetPlatformDisplayName =  
                   TargetPlatformIdentifier = 
                   TargetPlatformRegistryBase = Software\Microsoft\Microsoft SDKs\
                   TargetPlatformSdkPath = 
                   TargetPlatformVersion = 
                   TargetRefPath = /home/home/Desktop/codex-test/src/SampleOnionApp.McpServer/obj/Debug/net8.0/ref/SampleOnionApp.McpServer.dll
                   TargetRuntime = Managed
                   TargetsCurrent = true
                   TargetsForTfmSpecificContentInPackage = ;PackTool;_PackProjectToolValidation
                   TargetsNet8 = true
                   ToolCommandName = SampleOnionApp.McpServer
                   ToolDepsJsonGeneratorProject = /usr/lib/dotnet/sdk/8.0.121/Sdks/Microsoft.NET.Sdk/targets/GenerateDeps/GenerateDeps.proj
                   ToolEntryPoint = SampleOnionApp.McpServer.dll
                   TreatWarningsAsErrors = false
                   UnmanagedRegistrationDependsOn = 
                   UnmanagedUnregistrationDependsOn = 
                   UnsupportedTargetFrameworkVersion = 9.0
                   UseAppHost = true
                   UseCommonOutputDirectory = false
                   UseDefaultPlatformLookupTables = true
                   UseHostCompilerIfAvailable = true
                   UseOSWinMdReferences = false
                   UseRidGraph = false
                   UserProfileRuntimeStorePath = /home/home/.dotnet/store
                   UserRuntimeConfig = /home/home/Desktop/codex-test/src/SampleOnionApp.McpServer/runtimeconfig.template.json
                   UseSourcePath = true
                   UsingMicrosoftNETSdk = true
                   UsingNETSdkDefaults = true
                   Utf8Output = true
                   ValidateRuntimeIdentifierCompatibility = false
                   VerifyMatchingImplicitPackageVersion = true
                   Version = 1.0.0
                   VersionlessImplicitFrameworkDefine = NET
                   VersionPrefix = 1.0.0
                   VisualStudioVersion = 17.0
                   VSTestConsolePath = /usr/lib/dotnet/sdk/8.0.121/vstest.console.dll
                   VSTestTargets = /usr/lib/dotnet/sdk/8.0.121/Microsoft.TestPlatform.targets
                   VSTestTaskAssemblyFile = Microsoft.TestPlatform.Build.dll
                   WarningLevel = 8
                   WarningsAsErrors = ;NU1605;SYSLIB0011
                   WarnOnPackingNonPackableProject = false
                   WebReference_EnableLegacyEventingModel = false
                   WebReference_EnableProperties = true
                   WebReference_EnableSQLTypes = true
                   WMSJSProject = WJProject
                   WMSJSProjectDirectory = JavaScript
                   YieldDuringToolExecution = true

20:21:26.303     0>Initial Items:
                   _AllDirectoriesAbove
                       /
                       /home
                       /home/home
                       /home/home/Desktop
                       /home/home/Desktop/codex-test
                       /home/home/Desktop/codex-test/src
                       /home/home/Desktop/codex-test/src/SampleOnionApp.McpServer
                   _ApplicationManifestFinal
                       bin/Debug/net8.0/SampleOnionApp.McpServer.dll.manifest
                           TargetPath = SampleOnionApp.McpServer.dll.manifest
                   _DebugSymbolsIntermediatePath
                       obj/Debug/net8.0/SampleOnionApp.McpServer.pdb
                   _DebugSymbolsOutputPath
                       bin/Debug/net8.0/SampleOnionApp.McpServer.pdb
                   _DeploymentManifestEntryPoint
                       obj/Debug/net8.0/SampleOnionApp.McpServer.dll
                           TargetPath = SampleOnionApp.McpServer.dll
                   _EolNetCoreTargetFrameworkVersions
                       1.0
                       1.1
                       2.0
                       2.1
                       2.2
                       3.0
                       3.1
                       5.0
                       6.0
                       7.0
                   _ExcludedKnownRuntimeIdentiferPlatforms
                       rhel.6
                       rhel.6
                       rhel.6
                       rhel.6
                       rhel.6
                       rhel.6
                       rhel.6
                       rhel.6
                       rhel.6
                       rhel.6
                       rhel.6
                       rhel.6
                       rhel.6
                       rhel.6
                       rhel.6
                       rhel.6
                       rhel.6
                       rhel.6
                       rhel.6
                       rhel.6
                       rhel.6
                       rhel.6
                       rhel.6
                       rhel.6
                       rhel.6
                       rhel.6
                       rhel.6
                       rhel.6
                       rhel.6
                       rhel.6
                       tizen.4.0.0
                       tizen.4.0.0
                       tizen.4.0.0
                       tizen.4.0.0
                       tizen.4.0.0
                       tizen.4.0.0
                       tizen.4.0.0
                       tizen.4.0.0
                       tizen.4.0.0
                       tizen.4.0.0
                       tizen.4.0.0
                       tizen.4.0.0
                       tizen.4.0.0
                       tizen.4.0.0
                       tizen.4.0.0
                       tizen.4.0.0
                       tizen.4.0.0
                       tizen.4.0.0
                       tizen.4.0.0
                       tizen.4.0.0
                       tizen.4.0.0
                       tizen.4.0.0
                       tizen.4.0.0
                       tizen.4.0.0
                       tizen.4.0.0
                       tizen.4.0.0
                       tizen.4.0.0
                       tizen.4.0.0
                       tizen.4.0.0
                       tizen.4.0.0
                       tizen.5.0.0
                       tizen.5.0.0
                       tizen.5.0.0
                       tizen.5.0.0
                       tizen.5.0.0
                       tizen.5.0.0
                       tizen.5.0.0
                       tizen.5.0.0
                       tizen.5.0.0
                       tizen.5.0.0
                       tizen.5.0.0
                       tizen.5.0.0
                       tizen.5.0.0
                       tizen.5.0.0
                       tizen.5.0.0
                       tizen.5.0.0
                       tizen.5.0.0
                       tizen.5.0.0
                       tizen.5.0.0
                       tizen.5.0.0
                       tizen.5.0.0
                       tizen.5.0.0
                       tizen.5.0.0
                       tizen.5.0.0
                       tizen.5.0.0
                       tizen.5.0.0
                       tizen.5.0.0
                       tizen.5.0.0
                       tizen.5.0.0
                       tizen.5.0.0
                   _KnownRuntimeIdentiferPlatforms
                       any
                       any
                       any
                       any
                       any
                       any
                       any
                       any
                       any
                       any
                       any
                       any
                       any
                       any
                       any
                       any
                       any
                       any
                       any
                       any
                       any
                       any
                       any
                       any
                       any
                       any
                       any
                       any
                       any
                       any
                       aot
                       aot
                       aot
                       aot
                       aot
                       aot
                       aot
                       aot
                       aot
                       aot
                       aot
                       aot
                       aot
                       aot
                       aot
                       aot
                       aot
                       aot
                       aot
                       aot
                       aot
                       aot
                       aot
                       aot
                       aot
                       aot
                       aot
                       aot
                       aot
                       aot
                       freebsd
                       freebsd
                       freebsd
                       freebsd
                       freebsd
                       freebsd
                       freebsd
                       freebsd
                       freebsd
                       freebsd
                       freebsd
                       freebsd
                       freebsd
                       freebsd
                       freebsd
                       freebsd
                       freebsd
                       freebsd
                       freebsd
                       freebsd
                       freebsd
                       freebsd
                       freebsd
                       freebsd
                       freebsd
                       freebsd
                       freebsd
                       freebsd
                       freebsd
                       freebsd
                       illumos
                       illumos
                       illumos
                       illumos
                       illumos
                       illumos
                       illumos
                       illumos
                       illumos
                       illumos
                       illumos
                       illumos
                       illumos
                       illumos
                       illumos
                       illumos
                       illumos
                       illumos
                       illumos
                       illumos
                       illumos
                       illumos
                       illumos
                       illumos
                       illumos
                       illumos
                       illumos
                       illumos
                       illumos
                       illumos
                       solaris
                       solaris
                       solaris
                       solaris
                       solaris
                       solaris
                       solaris
                       solaris
                       solaris
                       solaris
                       solaris
                       solaris
                       solaris
                       solaris
                       solaris
                       solaris
                       solaris
                       solaris
                       solaris
                       solaris
                       solaris
                       solaris
                       solaris
                       solaris
                       solaris
                       solaris
                       solaris
                       solaris
                       solaris
                       solaris
                       unix
                       unix
                       unix
                       unix
                       unix
                       unix
                       unix
                       unix
                       unix
                       unix
                       unix
                       unix
                       unix
                       unix
                       unix
                       unix
                       unix
                       unix
                       unix
                       unix
                       unix
                       unix
                       unix
                       unix
                       unix
                       unix
                       unix
                       unix
                       unix
                       unix
                   _OutputPathItem
                       bin/Debug/net8.0/
                   _ResolveComReferenceCache
                       obj/Debug/net8.0/SampleOnionApp.McpServer.csproj.ResolveComReference.cache
                   _UnmanagedRegistrationCache
                       obj/SampleOnionApp.McpServer.csproj.UnmanagedRegistration.cache
                   AdditionalProbingPath
                       /home/home/.dotnet/store/|arch|/|tfm|
                   AdditionalTargetFrameworkInfoProperty
                       _IsExecutable
                       _SelfContainedWasSpecified
                       IsRidAgnostic
                       SelfContained
                       ShouldBeValidatedAsExecutableReference
                   Analyzer
                       /usr/lib/dotnet/sdk/8.0.121/Sdks/Microsoft.NET.Sdk/targets/../analyzers/Microsoft.CodeAnalysis.CSharp.NetAnalyzers.dll
                           IsImplicitlyDefined = true
                       /usr/lib/dotnet/sdk/8.0.121/Sdks/Microsoft.NET.Sdk/targets/../analyzers/Microsoft.CodeAnalysis.NetAnalyzers.dll
                           IsImplicitlyDefined = true
                   AppConfigFileDestination
                       bin/Debug/net8.0/SampleOnionApp.McpServer.dll.config
                   ApplicationManifest
                       obj/Debug/net8.0/SampleOnionApp.McpServer.dll.manifest
                           TargetPath = SampleOnionApp.McpServer.dll.manifest
                   BuiltProjectOutputGroupKeyOutput
                       /home/home/Desktop/codex-test/src/SampleOnionApp.McpServer/obj/Debug/net8.0/SampleOnionApp.McpServer.dll
                           IsKeyOutput = true
                           FinalOutputPath = /home/home/Desktop/codex-test/src/SampleOnionApp.McpServer/bin/Debug/net8.0/SampleOnionApp.McpServer.dll
                           TargetPath = SampleOnionApp.McpServer.dll
                   ClsidMap
                       obj/Debug/net8.0/SampleOnionApp.McpServer.clsidmap
                   Compile
                       Program.cs
                   CompilerVisibleProperty
                       _SupportedPlatformList
                       EnableComHosting
                       EnableGeneratedComInterfaceComImportInterop
                       EnforceExtendedAnalyzerRules
                       InvariantGlobalization
                       PlatformNeutralAssembly
                       ProjectDir
                       ProjectTypeGuids
                       RootNamespace
                       TargetFramework
                       TargetPlatformMinVersion
                       UsingMicrosoftNETSdkWeb
                   CopyUpToDateMarker
                       /home/home/Desktop/codex-test/src/SampleOnionApp.McpServer/obj/Debug/net8.0/SampleOnionApp.McpServer.csproj.CopyComplete
                   CreateDirectory
                       /home/home/Desktop/codex-test/src/SampleOnionApp.McpServer/obj/Debug/net8.0/refint/
                       obj/Debug/net8.0/ref
                   DebugSymbolsProjectOutputGroupOutput
                       /home/home/Desktop/codex-test/src/SampleOnionApp.McpServer/obj/Debug/net8.0/SampleOnionApp.McpServer.pdb
                           FinalOutputPath = /home/home/Desktop/codex-test/src/SampleOnionApp.McpServer/bin/Debug/net8.0/SampleOnionApp.McpServer.pdb
                           TargetPath = SampleOnionApp.McpServer.pdb
                   DeployManifest
                       obj/Debug/net8.0/SampleOnionApp.McpServer.application
                           TargetPath = SampleOnionApp.McpServer.application
                   EmbedInBinlog
                       /home/home/Desktop/codex-test/src/SampleOnionApp.McpServer/obj/project.assets.json
                   FrameworkReference
                       Microsoft.NETCore.App
                           IsImplicitlyDefined = true
                           PrivateAssets = All
                           Pack = false
                   GenerateRuntimeConfigurationFilesInputs
                       /home/home/Desktop/codex-test/src/SampleOnionApp.McpServer/obj/Debug/net8.0/SampleOnionApp.McpServer.assets.cache
                       /home/home/Desktop/codex-test/src/SampleOnionApp.McpServer/obj/project.assets.json
                   GlobalAnalyzerConfigFiles
                       /.globalconfig
                       /home/.globalconfig
                       /home/home/.globalconfig
                       /home/home/Desktop/.globalconfig
                       /home/home/Desktop/codex-test/.globalconfig
                       /home/home/Desktop/codex-test/src/.globalconfig
                       /home/home/Desktop/codex-test/src/SampleOnionApp.McpServer/.globalconfig
                   ImplicitPackageReferenceVersion
                       Microsoft.AspNetCore.All
                           LatestVersion = 2.1.30
                           DefaultVersion = 2.1.1
                           TargetFrameworkVersion = 2.1
                       Microsoft.AspNetCore.All
                           LatestVersion = 2.2.8
                           DefaultVersion = 2.2.0
                           TargetFrameworkVersion = 2.2
                       Microsoft.AspNetCore.App
                           LatestVersion = 2.1.30
                           DefaultVersion = 2.1.1
                           TargetFrameworkVersion = 2.1
                       Microsoft.AspNetCore.App
                           LatestVersion = 2.2.8
                           DefaultVersion = 2.2.0
                           TargetFrameworkVersion = 2.2
                       Microsoft.NETCore.App
                           LatestVersion = 1.0.16
                           DefaultVersion = 1.0.5
                           TargetFrameworkVersion = 1.0
                       Microsoft.NETCore.App
                           LatestVersion = 1.1.13
                           DefaultVersion = 1.1.2
                           TargetFrameworkVersion = 1.1
                       Microsoft.NETCore.App
                           LatestVersion = 2.0.9
                           DefaultVersion = 2.0.0
                           TargetFrameworkVersion = 2.0
                       Microsoft.NETCore.App
                           LatestVersion = 2.1.30
                           DefaultVersion = 2.1.0
                           TargetFrameworkVersion = 2.1
                       Microsoft.NETCore.App
                           LatestVersion = 2.2.8
                           DefaultVersion = 2.2.0
                           TargetFrameworkVersion = 2.2
                   IntermediateAssembly
                       obj/Debug/net8.0/SampleOnionApp.McpServer.dll
                   IntermediateRefAssembly
                       obj/Debug/net8.0/refint/SampleOnionApp.McpServer.dll
                   KnownAppHostPack
                       Microsoft.NETCore.App
                           ExcludedRuntimeIdentifiers = android
                           AppHostRuntimeIdentifiers = linux-arm;linux-arm64;linux-musl-arm64;linux-musl-x64;linux-x64;osx-x64;rhel.6-x64;tizen.4.0.0-armel;tizen.5.0.0-armel;win-arm64;win-x64;win-x86;linux-musl-arm;osx-arm64;linux-s390x;linux-bionic-arm;linux-bionic-arm64;linux-bionic-x64;linux-bionic-x86;linux-ppc64le;ubuntu.24.04-x64
                           TargetFramework = net8.0
                           AppHostPackNamePattern = Microsoft.NETCore.App.Host.**RID**
                           AppHostPackVersion = 8.0.21
                       Microsoft.NETCore.App
                           ExcludedRuntimeIdentifiers = android
                           AppHostRuntimeIdentifiers = linux-arm;linux-arm64;linux-musl-arm64;linux-musl-x64;linux-x64;osx-x64;rhel.6-x64;tizen.4.0.0-armel;tizen.5.0.0-armel;win-arm;win-arm64;win-x64;win-x86;linux-musl-arm;osx-arm64;linux-s390x;linux-bionic-arm;linux-bionic-arm64;linux-bionic-x64;linux-bionic-x86;linux-ppc64le
                           TargetFramework = net7.0
                           AppHostPackNamePattern = Microsoft.NETCore.App.Host.**RID**
                           AppHostPackVersion = 7.0.20
                       Microsoft.NETCore.App
                           ExcludedRuntimeIdentifiers = android
                           AppHostRuntimeIdentifiers = linux-arm;linux-arm64;linux-musl-arm64;linux-musl-x64;linux-x64;osx-x64;rhel.6-x64;tizen.4.0.0-armel;tizen.5.0.0-armel;win-arm;win-arm64;win-x64;win-x86;linux-musl-arm;osx-arm64;linux-s390x
                           TargetFramework = net6.0
                           AppHostPackNamePattern = Microsoft.NETCore.App.Host.**RID**
                           AppHostPackVersion = 6.0.36
                       Microsoft.NETCore.App
                           AppHostRuntimeIdentifiers = linux-arm;linux-arm64;linux-musl-arm64;linux-musl-x64;linux-x64;osx-x64;rhel.6-x64;tizen.4.0.0-armel;tizen.5.0.0-armel;win-arm;win-arm64;win-x64;win-x86;linux-musl-arm
                           TargetFramework = net5.0
                           AppHostPackNamePattern = Microsoft.NETCore.App.Host.**RID**
                           AppHostPackVersion = 5.0.17
                       Microsoft.NETCore.App
                           AppHostRuntimeIdentifiers = linux-arm;linux-arm64;linux-musl-arm64;linux-musl-x64;linux-x64;osx-x64;rhel.6-x64;tizen.4.0.0-armel;tizen.5.0.0-armel;win-arm;win-arm64;win-x64;win-x86
                           TargetFramework = netcoreapp3.1
                           AppHostPackNamePattern = Microsoft.NETCore.App.Host.**RID**
                           AppHostPackVersion = 3.1.32
                       Microsoft.NETCore.App
                           AppHostRuntimeIdentifiers = linux-arm;linux-arm64;linux-musl-arm64;linux-musl-x64;linux-x64;osx-x64;rhel.6-x64;tizen.4.0.0-armel;tizen.5.0.0-armel;win-arm;win-arm64;win-x64;win-x86
                           TargetFramework = netcoreapp3.0
                           AppHostPackNamePattern = Microsoft.NETCore.App.Host.**RID**
                           AppHostPackVersion = 3.0.3
                   KnownCrossgen2Pack
                       Microsoft.NETCore.App.Crossgen2
                           Crossgen2RuntimeIdentifiers = linux-musl-x64;linux-x64;win-x64;linux-arm;linux-arm64;linux-musl-arm;linux-musl-arm64;osx-arm64;osx-x64;win-arm64;win-x86
                           TargetFramework = net8.0
                           Crossgen2PackNamePattern = Microsoft.NETCore.App.Crossgen2.**RID**
                           Crossgen2PackVersion = 8.0.21
                       Microsoft.NETCore.App.Crossgen2
                           Crossgen2RuntimeIdentifiers = linux-musl-x64;linux-x64;win-x64;linux-arm;linux-arm64;linux-musl-arm;linux-musl-arm64;osx-arm64;osx-x64;win-arm;win-arm64;win-x86
                           TargetFramework = net7.0
                           Crossgen2PackNamePattern = Microsoft.NETCore.App.Crossgen2.**RID**
                           Crossgen2PackVersion = 7.0.20
                       Microsoft.NETCore.App.Crossgen2
                           Crossgen2RuntimeIdentifiers = linux-musl-x64;linux-x64;win-x64;linux-arm;linux-arm64;linux-musl-arm;linux-musl-arm64;osx-arm64;osx-x64;win-arm;win-arm64;win-x86
                           TargetFramework = net6.0
                           Crossgen2PackNamePattern = Microsoft.NETCore.App.Crossgen2.**RID**
                           Crossgen2PackVersion = 6.0.36
                       Microsoft.NETCore.App.Crossgen2
                           Crossgen2RuntimeIdentifiers = linux-musl-x64;linux-x64;win-x64
                           TargetFramework = net5.0
                           Crossgen2PackNamePattern = Microsoft.NETCore.App.Crossgen2.**RID**
                           Crossgen2PackVersion = 5.0.17
                   KnownFrameworkReference
                       Microsoft.AspNetCore.App
                           TargetFramework = netcoreapp3.0
                           DefaultRuntimeFrameworkVersion = 3.0.0
                           TargetingPackName = Microsoft.AspNetCore.App.Ref
                           LatestRuntimeFrameworkVersion = 3.0.3
                           RuntimePackRuntimeIdentifiers = win-x64;win-x86;win-arm;osx-x64;linux-musl-x64;linux-musl-arm64;linux-x64;linux-arm;linux-arm64
                           RuntimePackNamePatterns = Microsoft.AspNetCore.App.Runtime.**RID**
                           TargetingPackVersion = 3.0.1
                           RuntimeFrameworkName = Microsoft.AspNetCore.App
                       Microsoft.AspNetCore.App
                           TargetFramework = netcoreapp3.1
                           DefaultRuntimeFrameworkVersion = 3.1.0
                           TargetingPackName = Microsoft.AspNetCore.App.Ref
                           LatestRuntimeFrameworkVersion = 3.1.32
                           RuntimePackRuntimeIdentifiers = win-x64;win-x86;win-arm;osx-x64;linux-musl-x64;linux-musl-arm64;linux-x64;linux-arm;linux-arm64
                           RuntimePackNamePatterns = Microsoft.AspNetCore.App.Runtime.**RID**
                           TargetingPackVersion = 3.1.10
                           RuntimeFrameworkName = Microsoft.AspNetCore.App
                       Microsoft.AspNetCore.App
                           TargetFramework = net7.0
                           DefaultRuntimeFrameworkVersion = 7.0.0
                           TargetingPackName = Microsoft.AspNetCore.App.Ref
                           LatestRuntimeFrameworkVersion = 7.0.20
                           RuntimePackExcludedRuntimeIdentifiers = android
                           RuntimePackRuntimeIdentifiers = win-x64;win-x86;win-arm;osx-x64;linux-musl-x64;linux-musl-arm64;linux-x64;linux-arm;linux-arm64;linux-musl-arm;win-arm64;osx-arm64;linux-s390x;linux-ppc64le
                           RuntimePackNamePatterns = Microsoft.AspNetCore.App.Runtime.**RID**
                           TargetingPackVersion = 7.0.20
                           RuntimeFrameworkName = Microsoft.AspNetCore.App
                       Microsoft.AspNetCore.App
                           TargetFramework = net8.0
                           DefaultRuntimeFrameworkVersion = 8.0.0
                           TargetingPackName = Microsoft.AspNetCore.App.Ref
                           LatestRuntimeFrameworkVersion = 8.0.21
                           RuntimePackExcludedRuntimeIdentifiers = android;linux-bionic
                           RuntimePackRuntimeIdentifiers = ubuntu.24.04-x64;win-x64;win-x86;win-arm;osx-x64;linux-musl-x64;linux-musl-arm64;linux-x64;linux-arm;linux-arm64;linux-musl-arm;win-arm64;osx-arm64;linux-s390x;linux-ppc64le
                           RuntimePackNamePatterns = Microsoft.AspNetCore.App.Runtime.**RID**
                           TargetingPackVersion = 8.0.21
                           RuntimeFrameworkName = Microsoft.AspNetCore.App
                       Microsoft.AspNetCore.App
                           TargetFramework = net5.0
                           DefaultRuntimeFrameworkVersion = 5.0.0
                           TargetingPackName = Microsoft.AspNetCore.App.Ref
                           LatestRuntimeFrameworkVersion = 5.0.17
                           RuntimePackRuntimeIdentifiers = win-x64;win-x86;win-arm;osx-x64;linux-musl-x64;linux-musl-arm64;linux-x64;linux-arm;linux-arm64;linux-musl-arm;win-arm64
                           RuntimePackNamePatterns = Microsoft.AspNetCore.App.Runtime.**RID**
                           TargetingPackVersion = 5.0.0
                           RuntimeFrameworkName = Microsoft.AspNetCore.App
                       Microsoft.AspNetCore.App
                           TargetFramework = net6.0
                           DefaultRuntimeFrameworkVersion = 6.0.0
                           TargetingPackName = Microsoft.AspNetCore.App.Ref
                           LatestRuntimeFrameworkVersion = 6.0.36
                           RuntimePackRuntimeIdentifiers = win-x64;win-x86;win-arm;osx-x64;linux-musl-x64;linux-musl-arm64;linux-x64;linux-arm;linux-arm64;linux-musl-arm;win-arm64;osx-arm64;linux-s390x
                           RuntimePackNamePatterns = Microsoft.AspNetCore.App.Runtime.**RID**
                           TargetingPackVersion = 6.0.36
                           RuntimeFrameworkName = Microsoft.AspNetCore.App
                       Microsoft.NETCore.App
                           TargetFramework = net8.0
                           DefaultRuntimeFrameworkVersion = 8.0.0
                           TargetingPackName = Microsoft.NETCore.App.Ref
                           LatestRuntimeFrameworkVersion = 8.0.21
                           RuntimePackRuntimeIdentifiers = linux-arm;linux-arm64;linux-musl-arm64;linux-musl-x64;linux-x64;osx-x64;rhel.6-x64;tizen.4.0.0-armel;tizen.5.0.0-armel;win-arm64;win-x64;win-x86;linux-musl-arm;osx-arm64;linux-s390x;linux-bionic-arm;linux-bionic-arm64;linux-bionic-x64;linux-bionic-x86;linux-ppc64le;ubuntu.24.04-x64
                           RuntimePackNamePatterns = Microsoft.NETCore.App.Runtime.**RID**
                           TargetingPackVersion = 8.0.21
                           RuntimeFrameworkName = Microsoft.NETCore.App
                       Microsoft.NETCore.App
                           TargetFramework = net5.0
                           DefaultRuntimeFrameworkVersion = 5.0.0
                           TargetingPackName = Microsoft.NETCore.App.Ref
                           LatestRuntimeFrameworkVersion = 5.0.17
                           RuntimePackRuntimeIdentifiers = linux-arm;linux-arm64;linux-musl-arm64;linux-musl-x64;linux-x64;osx-x64;rhel.6-x64;tizen.4.0.0-armel;tizen.5.0.0-armel;win-arm;win-arm64;win-x64;win-x86;linux-musl-arm;browser-wasm
                           RuntimePackNamePatterns = Microsoft.NETCore.App.Runtime.**RID**
                           TargetingPackVersion = 5.0.0
                           IsTrimmable = true
                           RuntimeFrameworkName = Microsoft.NETCore.App
                       Microsoft.NETCore.App
                           TargetFramework = net7.0
                           DefaultRuntimeFrameworkVersion = 7.0.0
                           TargetingPackName = Microsoft.NETCore.App.Ref
                           LatestRuntimeFrameworkVersion = 7.0.20
                           RuntimePackRuntimeIdentifiers = linux-arm;linux-arm64;linux-musl-arm64;linux-musl-x64;linux-x64;osx-x64;rhel.6-x64;tizen.4.0.0-armel;tizen.5.0.0-armel;win-arm;win-arm64;win-x64;win-x86;linux-musl-arm;osx-arm64;linux-s390x;linux-bionic-arm;linux-bionic-arm64;linux-bionic-x64;linux-bionic-x86;linux-ppc64le
                           RuntimePackNamePatterns = Microsoft.NETCore.App.Runtime.**RID**
                           TargetingPackVersion = 7.0.20
                           RuntimeFrameworkName = Microsoft.NETCore.App
                       Microsoft.NETCore.App
                           TargetFramework = netcoreapp3.1
                           DefaultRuntimeFrameworkVersion = 3.1.0
                           TargetingPackName = Microsoft.NETCore.App.Ref
                           LatestRuntimeFrameworkVersion = 3.1.32
                           RuntimePackRuntimeIdentifiers = linux-arm;linux-arm64;linux-musl-arm64;linux-musl-x64;linux-x64;osx-x64;rhel.6-x64;tizen.4.0.0-armel;tizen.5.0.0-armel;win-arm;win-arm64;win-x64;win-x86
                           RuntimePackNamePatterns = Microsoft.NETCore.App.Runtime.**RID**
                           TargetingPackVersion = 3.1.0
                           IsTrimmable = true
                           RuntimeFrameworkName = Microsoft.NETCore.App
                       Microsoft.NETCore.App
                           TargetFramework = netcoreapp3.0
                           DefaultRuntimeFrameworkVersion = 3.0.0
                           TargetingPackName = Microsoft.NETCore.App.Ref
                           LatestRuntimeFrameworkVersion = 3.0.3
                           RuntimePackRuntimeIdentifiers = linux-arm;linux-arm64;linux-musl-arm64;linux-musl-x64;linux-x64;osx-x64;rhel.6-x64;tizen.4.0.0-armel;tizen.5.0.0-armel;win-arm;win-arm64;win-x64;win-x86
                           RuntimePackNamePatterns = Microsoft.NETCore.App.Runtime.**RID**
                           TargetingPackVersion = 3.0.0
                           IsTrimmable = true
                           RuntimeFrameworkName = Microsoft.NETCore.App
                       Microsoft.NETCore.App
                           TargetFramework = net6.0
                           DefaultRuntimeFrameworkVersion = 6.0.0
                           TargetingPackName = Microsoft.NETCore.App.Ref
                           LatestRuntimeFrameworkVersion = 6.0.36
                           RuntimePackRuntimeIdentifiers = linux-arm;linux-arm64;linux-musl-arm64;linux-musl-x64;linux-x64;osx-x64;rhel.6-x64;tizen.4.0.0-armel;tizen.5.0.0-armel;win-arm;win-arm64;win-x64;win-x86;linux-musl-arm;osx-arm64;linux-s390x
                           RuntimePackNamePatterns = Microsoft.NETCore.App.Runtime.**RID**
                           TargetingPackVersion = 6.0.36
                           RuntimeFrameworkName = Microsoft.NETCore.App
                       Microsoft.Windows.SDK.NET.Ref
                           RuntimePackAlwaysCopyLocal = true
                           TargetFramework = net5.0-windows10.0.18362.0
                           DefaultRuntimeFrameworkVersion = 10.0.18362.56
                           TargetingPackName = Microsoft.Windows.SDK.NET.Ref
                           IsWindowsOnly = true
                           LatestRuntimeFrameworkVersion = 10.0.18362.56
                           RuntimePackRuntimeIdentifiers = any
                           RuntimePackNamePatterns = Microsoft.Windows.SDK.NET.Ref
                           TargetingPackVersion = 10.0.18362.56
                           RuntimeFrameworkName = Microsoft.Windows.SDK.NET.Ref
                       Microsoft.Windows.SDK.NET.Ref
                           RuntimePackAlwaysCopyLocal = true
                           TargetFramework = net5.0-windows10.0.19041.0
                           DefaultRuntimeFrameworkVersion = 10.0.19041.56
                           TargetingPackName = Microsoft.Windows.SDK.NET.Ref
                           IsWindowsOnly = true
                           LatestRuntimeFrameworkVersion = 10.0.19041.56
                           RuntimePackRuntimeIdentifiers = any
                           RuntimePackNamePatterns = Microsoft.Windows.SDK.NET.Ref
                           TargetingPackVersion = 10.0.19041.56
                           RuntimeFrameworkName = Microsoft.Windows.SDK.NET.Ref
                       Microsoft.Windows.SDK.NET.Ref
                           RuntimePackAlwaysCopyLocal = true
                           TargetFramework = net6.0-windows10.0.19041.0
                           DefaultRuntimeFrameworkVersion = 10.0.19041.56
                           TargetingPackName = Microsoft.Windows.SDK.NET.Ref
                           IsWindowsOnly = true
                           LatestRuntimeFrameworkVersion = 10.0.19041.56
                           RuntimePackRuntimeIdentifiers = any
                           RuntimePackNamePatterns = Microsoft.Windows.SDK.NET.Ref
                           TargetingPackVersion = 10.0.19041.56
                           RuntimeFrameworkName = Microsoft.Windows.SDK.NET.Ref
                       Microsoft.Windows.SDK.NET.Ref
                           RuntimePackAlwaysCopyLocal = true
                           TargetFramework = net6.0-windows10.0.18362.0
                           DefaultRuntimeFrameworkVersion = 10.0.18362.56
                           TargetingPackName = Microsoft.Windows.SDK.NET.Ref
                           IsWindowsOnly = true
                           LatestRuntimeFrameworkVersion = 10.0.18362.56
                           RuntimePackRuntimeIdentifiers = any
                           RuntimePackNamePatterns = Microsoft.Windows.SDK.NET.Ref
                           TargetingPackVersion = 10.0.18362.56
                           RuntimeFrameworkName = Microsoft.Windows.SDK.NET.Ref
                       Microsoft.Windows.SDK.NET.Ref
                           RuntimePackAlwaysCopyLocal = true
                           TargetFramework = net5.0-windows10.0.17763.0
                           DefaultRuntimeFrameworkVersion = 10.0.17763.56
                           TargetingPackName = Microsoft.Windows.SDK.NET.Ref
                           IsWindowsOnly = true
                           LatestRuntimeFrameworkVersion = 10.0.17763.56
                           RuntimePackRuntimeIdentifiers = any
                           RuntimePackNamePatterns = Microsoft.Windows.SDK.NET.Ref
                           TargetingPackVersion = 10.0.17763.56
                           RuntimeFrameworkName = Microsoft.Windows.SDK.NET.Ref
                       Microsoft.Windows.SDK.NET.Ref
                           RuntimePackAlwaysCopyLocal = true
                           TargetFramework = net6.0-windows10.0.17763.0
                           DefaultRuntimeFrameworkVersion = 10.0.17763.56
                           TargetingPackName = Microsoft.Windows.SDK.NET.Ref
                           IsWindowsOnly = true
                           LatestRuntimeFrameworkVersion = 10.0.17763.56
                           RuntimePackRuntimeIdentifiers = any
                           RuntimePackNamePatterns = Microsoft.Windows.SDK.NET.Ref
                           TargetingPackVersion = 10.0.17763.56
                           RuntimeFrameworkName = Microsoft.Windows.SDK.NET.Ref
                       Microsoft.Windows.SDK.NET.Ref
                           RuntimePackAlwaysCopyLocal = true
                           TargetFramework = net8.0-windows10.0.18362.0
                           DefaultRuntimeFrameworkVersion = 10.0.18362.56
                           TargetingPackName = Microsoft.Windows.SDK.NET.Ref
                           IsWindowsOnly = true
                           LatestRuntimeFrameworkVersion = 10.0.18362.56
                           RuntimePackRuntimeIdentifiers = any
                           RuntimePackNamePatterns = Microsoft.Windows.SDK.NET.Ref
                           TargetingPackVersion = 10.0.18362.56
                           RuntimeFrameworkName = Microsoft.Windows.SDK.NET.Ref
                       Microsoft.Windows.SDK.NET.Ref
                           RuntimePackAlwaysCopyLocal = true
                           TargetFramework = net7.0-windows10.0.19041.0
                           DefaultRuntimeFrameworkVersion = 10.0.19041.56
                           TargetingPackName = Microsoft.Windows.SDK.NET.Ref
                           IsWindowsOnly = true
                           LatestRuntimeFrameworkVersion = 10.0.19041.56
                           RuntimePackRuntimeIdentifiers = any
                           RuntimePackNamePatterns = Microsoft.Windows.SDK.NET.Ref
                           TargetingPackVersion = 10.0.19041.56
                           RuntimeFrameworkName = Microsoft.Windows.SDK.NET.Ref
                       Microsoft.Windows.SDK.NET.Ref
                           RuntimePackAlwaysCopyLocal = true
                           TargetFramework = net7.0-windows10.0.18362.0
                           DefaultRuntimeFrameworkVersion = 10.0.18362.56
                           TargetingPackName = Microsoft.Windows.SDK.NET.Ref
                           IsWindowsOnly = true
                           LatestRuntimeFrameworkVersion = 10.0.18362.56
                           RuntimePackRuntimeIdentifiers = any
                           RuntimePackNamePatterns = Microsoft.Windows.SDK.NET.Ref
                           TargetingPackVersion = 10.0.18362.56
                           RuntimeFrameworkName = Microsoft.Windows.SDK.NET.Ref
                       Microsoft.Windows.SDK.NET.Ref
                           RuntimePackAlwaysCopyLocal = true
                           TargetFramework = net7.0-windows10.0.17763.0
                           DefaultRuntimeFrameworkVersion = 10.0.17763.56
                           TargetingPackName = Microsoft.Windows.SDK.NET.Ref
                           IsWindowsOnly = true
                           LatestRuntimeFrameworkVersion = 10.0.17763.56
                           RuntimePackRuntimeIdentifiers = any
                           RuntimePackNamePatterns = Microsoft.Windows.SDK.NET.Ref
                           TargetingPackVersion = 10.0.17763.56
                           RuntimeFrameworkName = Microsoft.Windows.SDK.NET.Ref
                       Microsoft.Windows.SDK.NET.Ref
                           RuntimePackAlwaysCopyLocal = true
                           TargetFramework = net8.0-windows10.0.17763.0
                           DefaultRuntimeFrameworkVersion = 10.0.17763.56
                           TargetingPackName = Microsoft.Windows.SDK.NET.Ref
                           IsWindowsOnly = true
                           LatestRuntimeFrameworkVersion = 10.0.17763.56
                           RuntimePackRuntimeIdentifiers = any
                           RuntimePackNamePatterns = Microsoft.Windows.SDK.NET.Ref
                           TargetingPackVersion = 10.0.17763.56
                           RuntimeFrameworkName = Microsoft.Windows.SDK.NET.Ref
                       Microsoft.Windows.SDK.NET.Ref
                           RuntimePackAlwaysCopyLocal = true
                           TargetFramework = net8.0-windows10.0.19041.0
                           DefaultRuntimeFrameworkVersion = 10.0.19041.56
                           TargetingPackName = Microsoft.Windows.SDK.NET.Ref
                           IsWindowsOnly = true
                           LatestRuntimeFrameworkVersion = 10.0.19041.56
                           RuntimePackRuntimeIdentifiers = any
                           RuntimePackNamePatterns = Microsoft.Windows.SDK.NET.Ref
                           TargetingPackVersion = 10.0.19041.56
                           RuntimeFrameworkName = Microsoft.Windows.SDK.NET.Ref
                       Microsoft.WindowsDesktop.App
                           TargetFramework = netcoreapp3.0
                           DefaultRuntimeFrameworkVersion = 3.0.0
                           TargetingPackName = Microsoft.WindowsDesktop.App.Ref
                           IsWindowsOnly = true
                           LatestRuntimeFrameworkVersion = 3.0.3
                           RuntimePackRuntimeIdentifiers = win-x64;win-x86
                           RuntimePackNamePatterns = Microsoft.WindowsDesktop.App.Runtime.**RID**
                           TargetingPackVersion = 3.0.0
                           RuntimeFrameworkName = Microsoft.WindowsDesktop.App
                       Microsoft.WindowsDesktop.App
                           TargetFramework = netcoreapp3.1
                           DefaultRuntimeFrameworkVersion = 3.1.0
                           TargetingPackName = Microsoft.WindowsDesktop.App.Ref
                           IsWindowsOnly = true
                           LatestRuntimeFrameworkVersion = 3.1.32
                           RuntimePackRuntimeIdentifiers = win-x64;win-x86
                           RuntimePackNamePatterns = Microsoft.WindowsDesktop.App.Runtime.**RID**
                           TargetingPackVersion = 3.1.0
                           RuntimeFrameworkName = Microsoft.WindowsDesktop.App
                       Microsoft.WindowsDesktop.App
                           TargetFramework = net6.0
                           DefaultRuntimeFrameworkVersion = 6.0.0
                           TargetingPackName = Microsoft.WindowsDesktop.App.Ref
                           IsWindowsOnly = true
                           LatestRuntimeFrameworkVersion = 6.0.36
                           RuntimePackRuntimeIdentifiers = win-x64;win-x86;win-arm64
                           RuntimePackNamePatterns = Microsoft.WindowsDesktop.App.Runtime.**RID**
                           TargetingPackVersion = 6.0.36
                           RuntimeFrameworkName = Microsoft.WindowsDesktop.App
                       Microsoft.WindowsDesktop.App
                           TargetFramework = net7.0
                           DefaultRuntimeFrameworkVersion = 7.0.0
                           TargetingPackName = Microsoft.WindowsDesktop.App.Ref
                           IsWindowsOnly = true
                           LatestRuntimeFrameworkVersion = 7.0.20
                           RuntimePackRuntimeIdentifiers = win-x64;win-x86;win-arm64
                           RuntimePackNamePatterns = Microsoft.WindowsDesktop.App.Runtime.**RID**
                           TargetingPackVersion = 7.0.20
                           RuntimeFrameworkName = Microsoft.WindowsDesktop.App
                       Microsoft.WindowsDesktop.App
                           TargetFramework = net8.0
                           DefaultRuntimeFrameworkVersion = 8.0.0
                           TargetingPackName = Microsoft.WindowsDesktop.App.Ref
                           IsWindowsOnly = true
                           LatestRuntimeFrameworkVersion = 8.0.21
                           RuntimePackRuntimeIdentifiers = win-x64;win-x86;win-arm64
                           RuntimePackNamePatterns = Microsoft.WindowsDesktop.App.Runtime.**RID**
                           TargetingPackVersion = 8.0.21
                           RuntimeFrameworkName = Microsoft.WindowsDesktop.App
                       Microsoft.WindowsDesktop.App
                           TargetFramework = net5.0
                           DefaultRuntimeFrameworkVersion = 5.0.0
                           TargetingPackName = Microsoft.WindowsDesktop.App.Ref
                           IsWindowsOnly = true
                           LatestRuntimeFrameworkVersion = 5.0.17
                           RuntimePackRuntimeIdentifiers = win-x64;win-x86;win-arm64
                           RuntimePackNamePatterns = Microsoft.WindowsDesktop.App.Runtime.**RID**
                           TargetingPackVersion = 5.0.0
                           RuntimeFrameworkName = Microsoft.WindowsDesktop.App
                       Microsoft.WindowsDesktop.App.WindowsForms
                           TargetFramework = netcoreapp3.0
                           DefaultRuntimeFrameworkVersion = 3.0.0
                           TargetingPackName = Microsoft.WindowsDesktop.App.Ref
                           IsWindowsOnly = true
                           LatestRuntimeFrameworkVersion = 3.0.3
                           RuntimePackRuntimeIdentifiers = win-x64;win-x86
                           RuntimePackNamePatterns = Microsoft.WindowsDesktop.App.Runtime.**RID**
                           TargetingPackVersion = 3.0.0
                           Profile = WindowsForms
                           RuntimeFrameworkName = Microsoft.WindowsDesktop.App
                       Microsoft.WindowsDesktop.App.WindowsForms
                           TargetFramework = net8.0
                           DefaultRuntimeFrameworkVersion = 8.0.0
                           TargetingPackName = Microsoft.WindowsDesktop.App.Ref
                           IsWindowsOnly = true
                           LatestRuntimeFrameworkVersion = 8.0.21
                           RuntimePackRuntimeIdentifiers = win-x64;win-x86;win-arm64
                           RuntimePackNamePatterns = Microsoft.WindowsDesktop.App.Runtime.**RID**
                           TargetingPackVersion = 8.0.21
                           Profile = WindowsForms
                           RuntimeFrameworkName = Microsoft.WindowsDesktop.App
                       Microsoft.WindowsDesktop.App.WindowsForms
                           TargetFramework = net7.0
                           DefaultRuntimeFrameworkVersion = 7.0.0
                           TargetingPackName = Microsoft.WindowsDesktop.App.Ref
                           IsWindowsOnly = true
                           LatestRuntimeFrameworkVersion = 7.0.20
                           RuntimePackRuntimeIdentifiers = win-x64;win-x86;win-arm64
                           RuntimePackNamePatterns = Microsoft.WindowsDesktop.App.Runtime.**RID**
                           TargetingPackVersion = 7.0.20
                           Profile = WindowsForms
                           RuntimeFrameworkName = Microsoft.WindowsDesktop.App
                       Microsoft.WindowsDesktop.App.WindowsForms
                           TargetFramework = net6.0
                           DefaultRuntimeFrameworkVersion = 6.0.0
                           TargetingPackName = Microsoft.WindowsDesktop.App.Ref
                           IsWindowsOnly = true
                           LatestRuntimeFrameworkVersion = 6.0.36
                           RuntimePackRuntimeIdentifiers = win-x64;win-x86;win-arm64
                           RuntimePackNamePatterns = Microsoft.WindowsDesktop.App.Runtime.**RID**
                           TargetingPackVersion = 6.0.36
                           Profile = WindowsForms
                           RuntimeFrameworkName = Microsoft.WindowsDesktop.App
                       Microsoft.WindowsDesktop.App.WindowsForms
                           TargetFramework = netcoreapp3.1
                           DefaultRuntimeFrameworkVersion = 3.1.0
                           TargetingPackName = Microsoft.WindowsDesktop.App.Ref
                           IsWindowsOnly = true
                           LatestRuntimeFrameworkVersion = 3.1.32
                           RuntimePackRuntimeIdentifiers = win-x64;win-x86
                           RuntimePackNamePatterns = Microsoft.WindowsDesktop.App.Runtime.**RID**
                           TargetingPackVersion = 3.1.0
                           Profile = WindowsForms
                           RuntimeFrameworkName = Microsoft.WindowsDesktop.App
                       Microsoft.WindowsDesktop.App.WindowsForms
                           TargetFramework = net5.0
                           DefaultRuntimeFrameworkVersion = 5.0.0
                           TargetingPackName = Microsoft.WindowsDesktop.App.Ref
                           IsWindowsOnly = true
                           LatestRuntimeFrameworkVersion = 5.0.17
                           RuntimePackRuntimeIdentifiers = win-x64;win-x86;win-arm64
                           RuntimePackNamePatterns = Microsoft.WindowsDesktop.App.Runtime.**RID**
                           TargetingPackVersion = 5.0.0
                           Profile = WindowsForms
                           RuntimeFrameworkName = Microsoft.WindowsDesktop.App
                       Microsoft.WindowsDesktop.App.WPF
                           TargetFramework = netcoreapp3.0
                           DefaultRuntimeFrameworkVersion = 3.0.0
                           TargetingPackName = Microsoft.WindowsDesktop.App.Ref
                           IsWindowsOnly = true
                           LatestRuntimeFrameworkVersion = 3.0.3
                           RuntimePackRuntimeIdentifiers = win-x64;win-x86
                           RuntimePackNamePatterns = Microsoft.WindowsDesktop.App.Runtime.**RID**
                           TargetingPackVersion = 3.0.0
                           Profile = WPF
                           RuntimeFrameworkName = Microsoft.WindowsDesktop.App
                       Microsoft.WindowsDesktop.App.WPF
                           TargetFramework = net6.0
                           DefaultRuntimeFrameworkVersion = 6.0.0
                           TargetingPackName = Microsoft.WindowsDesktop.App.Ref
                           IsWindowsOnly = true
                           LatestRuntimeFrameworkVersion = 6.0.36
                           RuntimePackRuntimeIdentifiers = win-x64;win-x86;win-arm64
                           RuntimePackNamePatterns = Microsoft.WindowsDesktop.App.Runtime.**RID**
                           TargetingPackVersion = 6.0.36
                           Profile = WPF
                           RuntimeFrameworkName = Microsoft.WindowsDesktop.App
                       Microsoft.WindowsDesktop.App.WPF
                           TargetFramework = netcoreapp3.1
                           DefaultRuntimeFrameworkVersion = 3.1.0
                           TargetingPackName = Microsoft.WindowsDesktop.App.Ref
                           IsWindowsOnly = true
                           LatestRuntimeFrameworkVersion = 3.1.32
                           RuntimePackRuntimeIdentifiers = win-x64;win-x86
                           RuntimePackNamePatterns = Microsoft.WindowsDesktop.App.Runtime.**RID**
                           TargetingPackVersion = 3.1.0
                           Profile = WPF
                           RuntimeFrameworkName = Microsoft.WindowsDesktop.App
                       Microsoft.WindowsDesktop.App.WPF
                           TargetFramework = net5.0
                           DefaultRuntimeFrameworkVersion = 5.0.0
                           TargetingPackName = Microsoft.WindowsDesktop.App.Ref
                           IsWindowsOnly = true
                           LatestRuntimeFrameworkVersion = 5.0.17
                           RuntimePackRuntimeIdentifiers = win-x64;win-x86;win-arm64
                           RuntimePackNamePatterns = Microsoft.WindowsDesktop.App.Runtime.**RID**
                           TargetingPackVersion = 5.0.0
                           Profile = WPF
                           RuntimeFrameworkName = Microsoft.WindowsDesktop.App
                       Microsoft.WindowsDesktop.App.WPF
                           TargetFramework = net7.0
                           DefaultRuntimeFrameworkVersion = 7.0.0
                           TargetingPackName = Microsoft.WindowsDesktop.App.Ref
                           IsWindowsOnly = true
                           LatestRuntimeFrameworkVersion = 7.0.20
                           RuntimePackRuntimeIdentifiers = win-x64;win-x86;win-arm64
                           RuntimePackNamePatterns = Microsoft.WindowsDesktop.App.Runtime.**RID**
                           TargetingPackVersion = 7.0.20
                           Profile = WPF
                           RuntimeFrameworkName = Microsoft.WindowsDesktop.App
                       Microsoft.WindowsDesktop.App.WPF
                           TargetFramework = net8.0
                           DefaultRuntimeFrameworkVersion = 8.0.0
                           TargetingPackName = Microsoft.WindowsDesktop.App.Ref
                           IsWindowsOnly = true
                           LatestRuntimeFrameworkVersion = 8.0.21
                           RuntimePackRuntimeIdentifiers = win-x64;win-x86;win-arm64
                           RuntimePackNamePatterns = Microsoft.WindowsDesktop.App.Runtime.**RID**
                           TargetingPackVersion = 8.0.21
                           Profile = WPF
                           RuntimeFrameworkName = Microsoft.WindowsDesktop.App
                       NETStandard.Library
                           TargetFramework = netstandard2.1
                           TargetingPackName = NETStandard.Library.Ref
                           TargetingPackVersion = 2.1.0
                   KnownILCompilerPack
                       Microsoft.DotNet.ILCompiler
                           ILCompilerPackNamePattern = runtime.**RID**.Microsoft.DotNet.ILCompiler
                           TargetFramework = net8.0
                           ILCompilerPackVersion = 8.0.21
                           ILCompilerRuntimeIdentifiers = linux-arm64;linux-musl-arm64;linux-musl-x64;linux-x64;win-arm64;win-x64;osx-x64;osx-arm64
                       Microsoft.DotNet.ILCompiler
                           ILCompilerPackNamePattern = runtime.**RID**.Microsoft.DotNet.ILCompiler
                           TargetFramework = net7.0
                           ILCompilerPackVersion = 7.0.20
                           ILCompilerRuntimeIdentifiers = linux-arm64;linux-musl-arm64;linux-musl-x64;linux-x64;win-arm64;win-x64
                   KnownILLinkPack
                       Microsoft.NET.ILLink.Tasks
                           TargetFramework = net8.0
                           ILLinkPackVersion = 8.0.21
                       Microsoft.NET.ILLink.Tasks
                           TargetFramework = net7.0
                           ILLinkPackVersion = 7.0.100-1.23211.1
                       Microsoft.NET.ILLink.Tasks
                           TargetFramework = net6.0
                           ILLinkPackVersion = 7.0.100-1.23211.1
                       Microsoft.NET.ILLink.Tasks
                           TargetFramework = net5.0
                           ILLinkPackVersion = 7.0.100-1.23211.1
                       Microsoft.NET.ILLink.Tasks
                           TargetFramework = netcoreapp3.1
                           ILLinkPackVersion = 7.0.100-1.23211.1
                       Microsoft.NET.ILLink.Tasks
                           TargetFramework = netcoreapp3.0
                           ILLinkPackVersion = 7.0.100-1.23211.1
                   KnownRuntimePack
                       Microsoft.NETCore.App
                           TargetFramework = net8.0
                           LatestRuntimeFrameworkVersion = 8.0.21
                           RuntimePackRuntimeIdentifiers = ios-arm64;iossimulator-arm64;iossimulator-x64;tvos-arm64;tvossimulator-arm64;tvossimulator-x64;maccatalyst-arm64;maccatalyst-x64;linux-bionic-arm64;linux-bionic-x64;osx-arm64;osx-x64
                           RuntimePackNamePatterns = Microsoft.NETCore.App.Runtime.NativeAOT.**RID**
                           RuntimePackLabels = NativeAOT
                           RuntimeFrameworkName = Microsoft.NETCore.App
                       Microsoft.NETCore.App
                           TargetFramework = net8.0
                           LatestRuntimeFrameworkVersion = 8.0.21
                           RuntimePackRuntimeIdentifiers = linux-arm;linux-arm64;linux-musl-arm64;linux-musl-x64;linux-x64;osx-x64;rhel.6-x64;win-arm64;win-x64;win-x86;linux-musl-arm;osx-arm64;linux-s390x;browser-wasm;ios-arm64;ios-arm;iossimulator-arm64;iossimulator-x64;iossimulator-x86;tvos-arm64;tvossimulator-arm64;tvossimulator-x64;maccatalyst-x64;maccatalyst-arm64;android-arm64;android-arm;android-x64;android-x86
                           RuntimePackNamePatterns = Microsoft.NETCore.App.Runtime.Mono.**RID**
                           RuntimePackLabels = Mono
                           RuntimeFrameworkName = Microsoft.NETCore.App
                       Microsoft.NETCore.App
                           TargetFramework = net7.0
                           LatestRuntimeFrameworkVersion = 7.0.20
                           RuntimePackRuntimeIdentifiers = linux-arm;linux-arm64;linux-musl-arm64;linux-musl-x64;linux-x64;osx-x64;rhel.6-x64;win-arm;win-arm64;win-x64;win-x86;linux-musl-arm;osx-arm64;linux-s390x;browser-wasm;ios-arm64;ios-arm;iossimulator-arm64;iossimulator-x64;iossimulator-x86;tvos-arm64;tvossimulator-arm64;tvossimulator-x64;maccatalyst-x64;maccatalyst-arm64;android-arm64;android-arm;android-x64;android-x86
                           RuntimePackNamePatterns = Microsoft.NETCore.App.Runtime.Mono.**RID**
                           RuntimePackLabels = Mono
                           RuntimeFrameworkName = Microsoft.NETCore.App
                       Microsoft.NETCore.App
                           TargetFramework = net6.0
                           LatestRuntimeFrameworkVersion = 6.0.36
                           RuntimePackRuntimeIdentifiers = linux-arm;linux-arm64;linux-musl-arm64;linux-musl-x64;linux-x64;osx-x64;rhel.6-x64;win-arm;win-arm64;win-x64;win-x86;linux-musl-arm;osx-arm64;linux-s390x;browser-wasm;ios-arm64;ios-arm;iossimulator-arm64;iossimulator-x64;iossimulator-x86;tvos-arm64;tvossimulator-arm64;tvossimulator-x64;maccatalyst-x64;maccatalyst-arm64;android-arm64;android-arm;android-x64;android-x86
                           RuntimePackNamePatterns = Microsoft.NETCore.App.Runtime.Mono.**RID**
                           RuntimePackLabels = Mono
                           RuntimeFrameworkName = Microsoft.NETCore.App
                   KnownWebAssemblySdkPack
                       Microsoft.NET.Sdk.WebAssembly.Pack
                           TargetFramework = net8.0
                           WebAssemblySdkPackVersion = 8.0.21
                       Microsoft.NET.Sdk.WebAssembly.Pack
                           TargetFramework = net7.0
                           WebAssemblySdkPackVersion = 8.0.21
                       Microsoft.NET.Sdk.WebAssembly.Pack
                           TargetFramework = net6.0
                           WebAssemblySdkPackVersion = 8.0.21
                   None
                       build.log
                       restore.log
                   PackageConflictOverrides
                       NETStandard.Library
                           OverriddenPackages = 
                           Microsoft.Win32.Primitives|4.3.0;
                           System.AppContext|4.3.0;
                           System.Collections|4.3.0;
                           System.Collections.Concurrent|4.3.0;
                           System.Collections.Immutable|1.4.0;
                           System.Collections.NonGeneric|4.3.0;
                           System.Collections.Specialized|4.3.0;
                           System.ComponentModel|4.3.0;
                           System.ComponentModel.EventBasedAsync|4.3.0;
                           System.ComponentModel.Primitives|4.3.0;
                           System.ComponentModel.TypeConverter|4.3.0;
                           System.Console|4.3.0;
                           System.Data.Common|4.3.0;
                           System.Diagnostics.Contracts|4.3.0;
                           System.Diagnostics.Debug|4.3.0;
                           System.Diagnostics.FileVersionInfo|4.3.0;
                           System.Diagnostics.Process|4.3.0;
                           System.Diagnostics.StackTrace|4.3.0;
                           System.Diagnostics.TextWriterTraceListener|4.3.0;
                           System.Diagnostics.Tools|4.3.0;
                           System.Diagnostics.TraceSource|4.3.0;
                           System.Diagnostics.Tracing|4.3.0;
                           System.Dynamic.Runtime|4.3.0;
                           System.Globalization|4.3.0;
                           System.Globalization.Calendars|4.3.0;
                           System.Globalization.Extensions|4.3.0;
                           System.IO|4.3.0;
                           System.IO.Compression|4.3.0;
                           System.IO.Compression.ZipFile|4.3.0;
                           System.IO.FileSystem|4.3.0;
                           System.IO.FileSystem.DriveInfo|4.3.0;
                           System.IO.FileSystem.Primitives|4.3.0;
                           System.IO.FileSystem.Watcher|4.3.0;
                           System.IO.IsolatedStorage|4.3.0;
                           System.IO.MemoryMappedFiles|4.3.0;
                           System.IO.Pipes|4.3.0;
                           System.IO.UnmanagedMemoryStream|4.3.0;
                           System.Linq|4.3.0;
                           System.Linq.Expressions|4.3.0;
                           System.Linq.Queryable|4.3.0;
                           System.Net.Http|4.3.0;
                           System.Net.NameResolution|4.3.0;
                           System.Net.Primitives|4.3.0;
                           System.Net.Requests|4.3.0;
                           System.Net.Security|4.3.0;
                           System.Net.Sockets|4.3.0;
                           System.Net.WebHeaderCollection|4.3.0;
                           System.ObjectModel|4.3.0;
                           System.Private.DataContractSerialization|4.3.0;
                           System.Reflection|4.3.0;
                           System.Reflection.Emit|4.3.0;
                           System.Reflection.Emit.ILGeneration|4.3.0;
                           System.Reflection.Emit.Lightweight|4.3.0;
                           System.Reflection.Extensions|4.3.0;
                           System.Reflection.Primitives|4.3.0;
                           System.Reflection.TypeExtensions|4.3.0;
                           System.Resources.ResourceManager|4.3.0;
                           System.Runtime|4.3.0;
                           System.Runtime.Extensions|4.3.0;
                           System.Runtime.Handles|4.3.0;
                           System.Runtime.InteropServices|4.3.0;
                           System.Runtime.InteropServices.RuntimeInformation|4.3.0;
                           System.Runtime.Loader|4.3.0;
                           System.Runtime.Numerics|4.3.0;
                           System.Runtime.Serialization.Formatters|4.3.0;
                           System.Runtime.Serialization.Json|4.3.0;
                           System.Runtime.Serialization.Primitives|4.3.0;
                           System.Security.AccessControl|4.4.0;
                           System.Security.Claims|4.3.0;
                           System.Security.Cryptography.Algorithms|4.3.0;
                           System.Security.Cryptography.Csp|4.3.0;
                           System.Security.Cryptography.Encoding|4.3.0;
                           System.Security.Cryptography.Primitives|4.3.0;
                           System.Security.Cryptography.X509Certificates|4.3.0;
                           System.Security.Cryptography.Xml|4.4.0;
                           System.Security.Principal|4.3.0;
                           System.Security.Principal.Windows|4.4.0;
                           System.Text.Encoding|4.3.0;
                           System.Text.Encoding.Extensions|4.3.0;
                           System.Text.RegularExpressions|4.3.0;
                           System.Threading|4.3.0;
                           System.Threading.Overlapped|4.3.0;
                           System.Threading.Tasks|4.3.0;
                           System.Threading.Tasks.Extensions|4.3.0;
                           System.Threading.Tasks.Parallel|4.3.0;
                           System.Threading.Thread|4.3.0;
                           System.Threading.ThreadPool|4.3.0;
                           System.Threading.Timer|4.3.0;
                           System.ValueTuple|4.3.0;
                           System.Xml.ReaderWriter|4.3.0;
                           System.Xml.XDocument|4.3.0;
                           System.Xml.XmlDocument|4.3.0;
                           System.Xml.XmlSerializer|4.3.0;
                           System.Xml.XPath|4.3.0;
                           System.Xml.XPath.XDocument|4.3.0;
                         
                   PackageReference
                       Microsoft.Extensions.Hosting
                           Version = 8.0.0
                       ModelContextProtocol
                           Version = 0.4.0-preview.3
                   PotentialEditorConfigFiles
                       /.editorconfig
                       /home/.editorconfig
                       /home/home/.editorconfig
                       /home/home/Desktop/.editorconfig
                       /home/home/Desktop/codex-test/.editorconfig
                       /home/home/Desktop/codex-test/src/.editorconfig
                       /home/home/Desktop/codex-test/src/SampleOnionApp.McpServer/.editorconfig
                   PreprocessorValue
                       assemblyname
                           Value = SampleOnionApp.McpServer
                       filename
                           Value = SampleOnionApp.McpServer.csproj
                       fullpath
                           Value = /home/home/Desktop/codex-test/src/SampleOnionApp.McpServer
                       outputfilename
                           Value = SampleOnionApp.McpServer.dll
                       rootnamespace
                           Value = SampleOnionApp.McpServer
                   ProjectCapability
                       AllTargetOutputGroups
                       AssemblyReferences
                       COMReferences
                       CrossPlatformExecutable
                       CSharp
                       DeclaredSourceItems
                       GenerateDocumentationFile
                       LanguageService
                       LocalUserSecrets
                       Managed
                       NativeAOT
                       OutputGroups
                       Pack
                       ProjectReferences
                       ReferencesFolder
                       RelativePathDerivedDefaultNamespace
                       SharedProjectReferences
                       SingleFileGenerators
                       SupportsHotReload
                       UserSourceItems
                       VisualStudioWellKnownOutputGroups
                   ProjectReference
                       ../SampleOnionApp.Application/SampleOnionApp.Application.csproj
                           ReferenceSourceTarget = ProjectReference
                           OutputItemType = 
                           Targets = 
                       ../SampleOnionApp.Infrastructure/SampleOnionApp.Infrastructure.csproj
                           ReferenceSourceTarget = ProjectReference
                           OutputItemType = 
                           Targets = 
                   PropertyPageSchema
                       /usr/lib/dotnet/sdk/8.0.121//assemblyreference.xaml
                           Context = ;BrowseObject
                       /usr/lib/dotnet/sdk/8.0.121//COMReference.xaml
                           Context = ;BrowseObject
                       /usr/lib/dotnet/sdk/8.0.121//Content.xaml
                           Context = File;BrowseObject
                       /usr/lib/dotnet/sdk/8.0.121//CSharp.BrowseObject.xaml
                           Context = BrowseObject
                       /usr/lib/dotnet/sdk/8.0.121//CSharp.ProjectItemsSchema.xaml
                       /usr/lib/dotnet/sdk/8.0.121//CSharp.xaml
                           Context = File
                       /usr/lib/dotnet/sdk/8.0.121//Debugger_General.xaml
                           Context = Project
                       /usr/lib/dotnet/sdk/8.0.121//EmbeddedResource.xaml
                           Context = File;BrowseObject
                       /usr/lib/dotnet/sdk/8.0.121//Folder.xaml
                           Context = File;BrowseObject
                       /usr/lib/dotnet/sdk/8.0.121//General_File.xaml
                           Context = File
                       /usr/lib/dotnet/sdk/8.0.121//General.BrowseObject.xaml
                           Context = BrowseObject
                       /usr/lib/dotnet/sdk/8.0.121//General.xaml
                           Context = Project
                       /usr/lib/dotnet/sdk/8.0.121//None.xaml
                           Context = File;BrowseObject
                       /usr/lib/dotnet/sdk/8.0.121//ProjectItemsSchema.xaml
                       /usr/lib/dotnet/sdk/8.0.121//ProjectReference.xaml
                           Context = ;BrowseObject
                       /usr/lib/dotnet/sdk/8.0.121//ResolvedAssemblyReference.xaml
                           Context = ProjectSubscriptionService;BrowseObject
                       /usr/lib/dotnet/sdk/8.0.121//ResolvedCOMReference.xaml
                           Context = ProjectSubscriptionService;BrowseObject
                       /usr/lib/dotnet/sdk/8.0.121//ResolvedProjectReference.xaml
                           Context = ProjectSubscriptionService;BrowseObject
                       /usr/lib/dotnet/sdk/8.0.121//SCC.xaml
                           Context = Invisible
                       /usr/lib/dotnet/sdk/8.0.121//SpecialFolder.xaml
                           Context = File;ProjectSubscriptionService
                   RegFreeComManifest
                       obj/Debug/net8.0/SampleOnionApp.McpServer.X.manifest
                   RuntimeHostConfigurationOption
                       System.Runtime.Serialization.EnableUnsafeBinaryFormatterSerialization
                           Value = false
                           Trim = true
                   SdkSupportedTargetPlatformIdentifier
                       windows
                           DisplayName = Windows
                   SourceLinkAzureReposGitHost
                       dev.azure.com
                       visualstudio.com
                       vsts.me
                   SourceLinkBitbucketGitHost
                       bitbucket.org
                           EnterpriseEdition = false
                   SourceLinkGitHubHost
                       github.com
                           ContentUrl = https://raw.githubusercontent.com
                   SourceLinkGitLabHost
                       gitlab.com
                   SourceRoot
                       /home/home/.nuget/packages/
                   SupportedNETCoreAppTargetFramework
                       .NETCoreApp,Version=v1.0
                           DisplayName = .NET Core 1.0
                           Alias = netcoreapp1.0
                       .NETCoreApp,Version=v1.1
                           DisplayName = .NET Core 1.1
                           Alias = netcoreapp1.1
                       .NETCoreApp,Version=v2.0
                           DisplayName = .NET Core 2.0
                           Alias = netcoreapp2.0
                       .NETCoreApp,Version=v2.1
                           DisplayName = .NET Core 2.1
                           Alias = netcoreapp2.1
                       .NETCoreApp,Version=v2.2
                           DisplayName = .NET Core 2.2
                           Alias = netcoreapp2.2
                       .NETCoreApp,Version=v3.0
                           DisplayName = .NET Core 3.0
                           Alias = netcoreapp3.0
                       .NETCoreApp,Version=v3.1
                           DisplayName = .NET Core 3.1
                           Alias = netcoreapp3.1
                       .NETCoreApp,Version=v5.0
                           DisplayName = .NET 5.0
                           Alias = net5.0
                       .NETCoreApp,Version=v6.0
                           DisplayName = .NET 6.0
                           Alias = net6.0
                       .NETCoreApp,Version=v7.0
                           DisplayName = .NET 7.0
                           Alias = net7.0
                       .NETCoreApp,Version=v8.0
                           DisplayName = .NET 8.0
                           Alias = net8.0
                   SupportedNETFrameworkTargetFramework
                       .NETFramework,Version=v2.0
                           DisplayName = .NET Framework 2.0
                           Alias = net20
                       .NETFramework,Version=v3.0
                           DisplayName = .NET Framework 3.0
                           Alias = net30
                       .NETFramework,Version=v3.5
                           DisplayName = .NET Framework 3.5
                           Alias = net35
                       .NETFramework,Version=v4.0
                           DisplayName = .NET Framework 4.0
                           Alias = net40
                       .NETFramework,Version=v4.5
                           DisplayName = .NET Framework 4.5
                           Alias = net45
                       .NETFramework,Version=v4.5.1
                           DisplayName = .NET Framework 4.5.1
                           Alias = net451
                       .NETFramework,Version=v4.5.2
                           DisplayName = .NET Framework 4.5.2
                           Alias = net452
                       .NETFramework,Version=v4.6
                           DisplayName = .NET Framework 4.6
                           Alias = net46
                       .NETFramework,Version=v4.6.1
                           DisplayName = .NET Framework 4.6.1
                           Alias = net461
                       .NETFramework,Version=v4.6.2
                           DisplayName = .NET Framework 4.6.2
                           Alias = net462
                       .NETFramework,Version=v4.7
                           DisplayName = .NET Framework 4.7
                           Alias = net47
                       .NETFramework,Version=v4.7.1
                           DisplayName = .NET Framework 4.7.1
                           Alias = net471
                       .NETFramework,Version=v4.7.2
                           DisplayName = .NET Framework 4.7.2
                           Alias = net472
                       .NETFramework,Version=v4.8
                           DisplayName = .NET Framework 4.8
                           Alias = net48
                       .NETFramework,Version=v4.8.1
                           DisplayName = .NET Framework 4.8.1
                           Alias = net481
                   SupportedNETStandardTargetFramework
                       .NETStandard,Version=v1.0
                           DisplayName = .NET Standard 1.0
                           Alias = netstandard1.0
                       .NETStandard,Version=v1.1
                           DisplayName = .NET Standard 1.1
                           Alias = netstandard1.1
                       .NETStandard,Version=v1.2
                           DisplayName = .NET Standard 1.2
                           Alias = netstandard1.2
                       .NETStandard,Version=v1.3
                           DisplayName = .NET Standard 1.3
                           Alias = netstandard1.3
                       .NETStandard,Version=v1.4
                           DisplayName = .NET Standard 1.4
                           Alias = netstandard1.4
                       .NETStandard,Version=v1.5
                           DisplayName = .NET Standard 1.5
                           Alias = netstandard1.5
                       .NETStandard,Version=v1.6
                           DisplayName = .NET Standard 1.6
                           Alias = netstandard1.6
                       .NETStandard,Version=v2.0
                           DisplayName = .NET Standard 2.0
                           Alias = netstandard2.0
                       .NETStandard,Version=v2.1
                           DisplayName = .NET Standard 2.1
                           Alias = netstandard2.1
                   SupportedPlatform
                       Linux
                       macOS
                       Windows
                   SupportedTargetFramework
                       .NETCoreApp,Version=v1.0
                           DisplayName = .NET Core 1.0
                           Alias = netcoreapp1.0
                       .NETCoreApp,Version=v1.1
                           DisplayName = .NET Core 1.1
                           Alias = netcoreapp1.1
                       .NETCoreApp,Version=v2.0
                           DisplayName = .NET Core 2.0
                           Alias = netcoreapp2.0
                       .NETCoreApp,Version=v2.1
                           DisplayName = .NET Core 2.1
                           Alias = netcoreapp2.1
                       .NETCoreApp,Version=v2.2
                           DisplayName = .NET Core 2.2
                           Alias = netcoreapp2.2
                       .NETCoreApp,Version=v3.0
                           DisplayName = .NET Core 3.0
                           Alias = netcoreapp3.0
                       .NETCoreApp,Version=v3.1
                           DisplayName = .NET Core 3.1
                           Alias = netcoreapp3.1
                       .NETCoreApp,Version=v5.0
                           DisplayName = .NET 5.0
                           Alias = net5.0
                       .NETCoreApp,Version=v6.0
                           DisplayName = .NET 6.0
                           Alias = net6.0
                       .NETCoreApp,Version=v7.0
                           DisplayName = .NET 7.0
                           Alias = net7.0
                       .NETCoreApp,Version=v8.0
                           DisplayName = .NET 8.0
                           Alias = net8.0
                       .NETFramework,Version=v2.0
                           DisplayName = .NET Framework 2.0
                           Alias = net20
                       .NETFramework,Version=v3.0
                           DisplayName = .NET Framework 3.0
                           Alias = net30
                       .NETFramework,Version=v3.5
                           DisplayName = .NET Framework 3.5
                           Alias = net35
                       .NETFramework,Version=v4.0
                           DisplayName = .NET Framework 4.0
                           Alias = net40
                       .NETFramework,Version=v4.5
                           DisplayName = .NET Framework 4.5
                           Alias = net45
                       .NETFramework,Version=v4.5.1
                           DisplayName = .NET Framework 4.5.1
                           Alias = net451
                       .NETFramework,Version=v4.5.2
                           DisplayName = .NET Framework 4.5.2
                           Alias = net452
                       .NETFramework,Version=v4.6
                           DisplayName = .NET Framework 4.6
                           Alias = net46
                       .NETFramework,Version=v4.6.1
                           DisplayName = .NET Framework 4.6.1
                           Alias = net461
                       .NETFramework,Version=v4.6.2
                           DisplayName = .NET Framework 4.6.2
                           Alias = net462
                       .NETFramework,Version=v4.7
                           DisplayName = .NET Framework 4.7
                           Alias = net47
                       .NETFramework,Version=v4.7.1
                           DisplayName = .NET Framework 4.7.1
                           Alias = net471
                       .NETFramework,Version=v4.7.2
                           DisplayName = .NET Framework 4.7.2
                           Alias = net472
                       .NETFramework,Version=v4.8
                           DisplayName = .NET Framework 4.8
                           Alias = net48
                       .NETFramework,Version=v4.8.1
                           DisplayName = .NET Framework 4.8.1
                           Alias = net481
                       .NETStandard,Version=v1.0
                           DisplayName = .NET Standard 1.0
                           Alias = netstandard1.0
                       .NETStandard,Version=v1.1
                           DisplayName = .NET Standard 1.1
                           Alias = netstandard1.1
                       .NETStandard,Version=v1.2
                           DisplayName = .NET Standard 1.2
                           Alias = netstandard1.2
                       .NETStandard,Version=v1.3
                           DisplayName = .NET Standard 1.3
                           Alias = netstandard1.3
                       .NETStandard,Version=v1.4
                           DisplayName = .NET Standard 1.4
                           Alias = netstandard1.4
                       .NETStandard,Version=v1.5
                           DisplayName = .NET Standard 1.5
                           Alias = netstandard1.5
                       .NETStandard,Version=v1.6
                           DisplayName = .NET Standard 1.6
                           Alias = netstandard1.6
                       .NETStandard,Version=v2.0
                           DisplayName = .NET Standard 2.0
                           Alias = netstandard2.0
                       .NETStandard,Version=v2.1
                           DisplayName = .NET Standard 2.1
                           Alias = netstandard2.1
                   Using
                       System
                       System.Collections.Generic
                       System.IO
                       System.Linq
                       System.Net.Http
                       System.Threading
                       System.Threading.Tasks
                   WindowsSdkSupportedTargetPlatformVersion
                       10.0.17763.0
                           WindowsSdkPackageVersion = 10.0.17763.55
                           MinimumNETVersion = 6.0
                       10.0.17763.0
                           WindowsSdkPackageVersion = 10.0.17763.56
                           MinimumNETVersion = 8.0
                       10.0.17763.0
                           WindowsSdkPackageVersion = 10.0.17763.26
                           MinimumNETVersion = 5.0
                       10.0.18362.0
                           WindowsSdkPackageVersion = 10.0.18362.55
                           MinimumNETVersion = 6.0
                       10.0.18362.0
                           WindowsSdkPackageVersion = 10.0.18362.56
                           MinimumNETVersion = 8.0
                       10.0.18362.0
                           WindowsSdkPackageVersion = 10.0.18362.26
                           MinimumNETVersion = 5.0
                       10.0.19041.0
                           WindowsSdkPackageVersion = 10.0.19041.26
                           MinimumNETVersion = 5.0
                       10.0.19041.0
                           WindowsSdkPackageVersion = 10.0.19041.55
                           MinimumNETVersion = 6.0
                       10.0.19041.0
                           WindowsSdkPackageVersion = 10.0.19041.56
                           MinimumNETVersion = 8.0
                       10.0.20348.0
                           WindowsSdkPackageVersion = 10.0.20348.55
                           MinimumNETVersion = 6.0
                       10.0.20348.0
                           WindowsSdkPackageVersion = 10.0.20348.26
                           MinimumNETVersion = 5.0
                       10.0.20348.0
                           WindowsSdkPackageVersion = 10.0.20348.56
                           MinimumNETVersion = 8.0
                       10.0.22000.0
                           WindowsSdkPackageVersion = 10.0.22000.56
                           MinimumNETVersion = 8.0
                       10.0.22000.0
                           WindowsSdkPackageVersion = 10.0.22000.26
                           MinimumNETVersion = 5.0
                       10.0.22000.0
                           WindowsSdkPackageVersion = 10.0.22000.55
                           MinimumNETVersion = 6.0
                       10.0.22621.0
                           WindowsSdkPackageVersion = 10.0.22621.56
                           MinimumNETVersion = 8.0
                       10.0.22621.0
                           WindowsSdkPackageVersion = 10.0.22621.55
                           MinimumNETVersion = 6.0
                       10.0.26100.0
                           WindowsSdkPackageVersion = 10.0.26100.56
                           MinimumNETVersion = 8.0
                       10.0.26100.0
                           WindowsSdkPackageVersion = 10.0.26100.55
                           MinimumNETVersion = 6.0
                       7.0
                       8.0

20:21:26.303     1>Project "/home/home/Desktop/codex-test/src/SampleOnionApp.McpServer/SampleOnionApp.McpServer.csproj" on node 1 (default targets).
20:21:26.308     1>Target "NETStandardCompatError_Microsoft_Extensions_Configuration_Binder: (TargetId:2)" in file "/home/home/.nuget/packages/microsoft.extensions.configuration.binder/8.0.0/buildTransitive/netstandard2.0/Microsoft.Extensions.Configuration.Binder.targets" from project "/home/home/Desktop/codex-test/src/SampleOnionApp.McpServer/SampleOnionApp.McpServer.csproj" (entry point):
20:21:26.330     1>Task "Warning" skipped, due to false condition; ('$(_Microsoft_Extensions_Configuration_Binder_Compatible_TargetFramework)' != '') was evaluated as ('' != '').
20:21:26.330     1>Done building target "NETStandardCompatError_Microsoft_Extensions_Configuration_Binder" in project "SampleOnionApp.McpServer.csproj".: (TargetId:2)
                   Target "_CheckForUnsupportedTargetFramework" skipped, due to false condition; ('$(_UnsupportedTargetFrameworkError)' == 'true') was evaluated as ('' == 'true').
20:21:26.330     1>Target "_CollectTargetFrameworkForTelemetry: (TargetId:3)" in file "/usr/lib/dotnet/sdk/8.0.121/Sdks/Microsoft.NET.Sdk/targets/Microsoft.NET.TargetFrameworkInference.targets" from project "/home/home/Desktop/codex-test/src/SampleOnionApp.McpServer/SampleOnionApp.McpServer.csproj" (target "_CheckForInvalidConfigurationAndPlatform" depends on it):
                   Added Item(s): 
                       TFTelemetry=
                           TargetFrameworkVersion
                                   Value=.NETCoreApp,Version=v8.0
                   Added Item(s): 
                       TFTelemetry=
                           RuntimeIdentifier
                                   Value=
                   Added Item(s): 
                       TFTelemetry=
                           SelfContained
                                   Value=false
                   Added Item(s): 
                       TFTelemetry=
                           UseApphost
                                   Value=true
                   Added Item(s): 
                       TFTelemetry=
                           OutputType
                                   Value=Exe
                   Added Item(s): 
                       TFTelemetry=
                           UseArtifactsOutput
                                   Value=
                   Added Item(s): 
                       TFTelemetry=
                           ArtifactsPathLocationType
                                   Value=
                   Using "AllowEmptyTelemetry" task from assembly "/usr/lib/dotnet/sdk/8.0.121/Sdks/Microsoft.NET.Sdk/targets/../tools/net8.0/Microsoft.NET.Build.Tasks.dll".
                   Task "AllowEmptyTelemetry" (TaskId:2)
                     Task Parameter:
                         EventData=
                             TargetFrameworkVersion
                                     Value=.NETCoreApp,Version=v8.0
                             RuntimeIdentifier
                                     Value=
                             SelfContained
                                     Value=false
                             UseApphost
                                     Value=true
                             OutputType
                                     Value=Exe
                             UseArtifactsOutput
                                     Value=
                             ArtifactsPathLocationType
                                     Value= (TaskId:2)
                     Task Parameter:EventName=targetframeworkeval (TaskId:2)
                   Done executing task "AllowEmptyTelemetry". (TaskId:2)
20:21:26.339     1>Done building target "_CollectTargetFrameworkForTelemetry" in project "SampleOnionApp.McpServer.csproj".: (TargetId:3)
                   Target "_CheckForUnsupportedTargetPlatformIdentifier" skipped, due to false condition; ('$(TargetPlatformIdentifier)' != '' and '$(TargetFrameworkIdentifier)' == '.NETCoreApp' and $([MSBuild]::VersionGreaterThanOrEquals($(TargetFrameworkVersion), 5.0)) And ('$(DesignTimeBuild)' != 'true' Or '@(MissingWorkloadPack)' == '')) was evaluated as ('' != '' and '.NETCoreApp' == '.NETCoreApp' and True And ('' != 'true' Or '' == '')).
                   Target "_CheckForMissingWorkload" skipped, due to false condition; ('@(MissingWorkloadPack)' != '' And '$(DesignTimeBuild)' != 'true') was evaluated as ('' != '' And '' != 'true').
20:21:26.339     1>Target "_CheckForUnsupportedNETCoreVersion: (TargetId:4)" in file "/usr/lib/dotnet/sdk/8.0.121/Sdks/Microsoft.NET.Sdk/targets/Microsoft.NET.TargetFrameworkInference.targets" from project "/home/home/Desktop/codex-test/src/SampleOnionApp.McpServer/SampleOnionApp.McpServer.csproj" (target "_CheckForInvalidConfigurationAndPlatform" depends on it):
                   Task "NETSdkError" skipped, due to false condition; ('$(_TargetFrameworkVersionWithoutV)' > '$(NETCoreAppMaximumVersion)' and '$(DisplayVSMessage)' != 'true') was evaluated as ('8.0' > '8.0' and '' != 'true').
                   Task "NETSdkError" skipped, due to false condition; ('$(DisplayVSMessage)' == 'true') was evaluated as ('' == 'true').
20:21:26.339     1>Done building target "_CheckForUnsupportedNETCoreVersion" in project "SampleOnionApp.McpServer.csproj".: (TargetId:4)
                   Target "_CheckForEolTargetFrameworks" skipped, due to false condition; ('@(_EolNetCoreTargetFrameworkVersions->AnyHaveMetadataValue('Identity', '$(_TargetFrameworkVersionWithoutV)'))' and '$(TargetFrameworkIdentifier)' == '.NETCoreApp' and '$(CheckEolTargetFramework)' == 'true') was evaluated as ('false' and '.NETCoreApp' == '.NETCoreApp' and 'true' == 'true').
                   Target "_CheckForEolWorkloads" skipped, due to false condition; ('@(EolWorkload)' != '' and '$(CheckEolWorkloads)' == 'true') was evaluated as ('' != '' and 'true' == 'true').
20:21:26.340     1>Target "_CheckForUnsupportedCppNETCoreVersion: (TargetId:5)" in file "/usr/lib/dotnet/sdk/8.0.121/Sdks/Microsoft.NET.Sdk/targets/Microsoft.NET.TargetFrameworkInference.targets" from project "/home/home/Desktop/codex-test/src/SampleOnionApp.McpServer/SampleOnionApp.McpServer.csproj" (target "_CheckForInvalidConfigurationAndPlatform" depends on it):
                   Task "NETSdkError" skipped, due to false condition; ('$(TargetFrameworkIdentifier)' == '.NETCoreApp' and '$(_TargetFrameworkVersionWithoutV)' < '3.1' and ('$(Language)' == 'C++' and '$(_EnablePackageReferencesInVCProjects)' != 'true')) was evaluated as ('.NETCoreApp' == '.NETCoreApp' and '8.0' < '3.1' and ('C#' == 'C++' and '' != 'true')).
20:21:26.340     1>Done building target "_CheckForUnsupportedCppNETCoreVersion" in project "SampleOnionApp.McpServer.csproj".: (TargetId:5)
                   Target "_CheckForUnsupportedNETStandardVersion" skipped, due to false condition; ('$(TargetFrameworkIdentifier)' == '.NETStandard' And '$(NETStandardMaximumVersion)' != '') was evaluated as ('.NETCoreApp' == '.NETStandard' And '' != '').
                   Target "_CheckForUnsupportedTargetFrameworkAndFeatureCombination" skipped, due to false condition; ('$(TargetFrameworkIdentifier)' == '.NETFramework') was evaluated as ('.NETCoreApp' == '.NETFramework').
                   Target "_CheckForSupportedOSPlatformVersionHigherThanTargetPlatformVersion" skipped, due to false condition; ('$(TargetPlatformVersion)' != '' and '$(TargetFrameworkIdentifier)' == '.NETCoreApp' and $([MSBuild]::VersionGreaterThanOrEquals($(TargetFrameworkVersion), 5.0))) was evaluated as ('' != '' and '.NETCoreApp' == '.NETCoreApp' and True).
                   Target "_CheckForInvalidTargetPlatformVersion" skipped, due to false condition; ('$(TargetPlatformVersion)' != '' and '$(TargetFrameworkIdentifier)' == '.NETCoreApp' and $([MSBuild]::VersionGreaterThanOrEquals($(TargetFrameworkVersion), 5.0)) and ('$(Language)' != 'C++' or '$(_EnablePackageReferencesInVCProjects)' == 'true')) was evaluated as ('' != '' and '.NETCoreApp' == '.NETCoreApp' and True and ('C#' != 'C++' or '' == 'true')).
20:21:26.340     1>Target "_CheckForUnsupportedArtifactsPath: (TargetId:6)" in file "/usr/lib/dotnet/sdk/8.0.121/Sdks/Microsoft.NET.Sdk/targets/Microsoft.NET.DefaultOutputPaths.targets" from project "/home/home/Desktop/codex-test/src/SampleOnionApp.McpServer/SampleOnionApp.McpServer.csproj" (target "_CheckForInvalidConfigurationAndPlatform" depends on it):
                   Task "NetSdkError" skipped, due to false condition; ('$(UseArtifactsOutput)' == 'true' and '$(_ArtifactsPathSetEarly)' != 'true') was evaluated as ('' == 'true' and '' != 'true').
                   Task "NetSdkError" skipped, due to false condition; ('$(_ArtifactsPathLocationType)' == 'ProjectFolder') was evaluated as ('' == 'ProjectFolder').
20:21:26.340     1>Done building target "_CheckForUnsupportedArtifactsPath" in project "SampleOnionApp.McpServer.csproj".: (TargetId:6)
                   Target "_CheckForMissingWorkload" skipped, due to false condition; ('@(MissingWorkloadPack)' != '' And '$(DesignTimeBuild)' != 'true') was evaluated as ('' != '' And '' != 'true').
20:21:26.340     1>Target "_CheckForUnsupportedAppHostUsage: (TargetId:7)" in file "/usr/lib/dotnet/sdk/8.0.121/Sdks/Microsoft.NET.Sdk/targets/Microsoft.NET.RuntimeIdentifierInference.targets" from project "/home/home/Desktop/codex-test/src/SampleOnionApp.McpServer/SampleOnionApp.McpServer.csproj" (target "_CheckForInvalidConfigurationAndPlatform" depends on it):
                   Task "NETSdkError" skipped, due to false condition; ('$(SelfContained)' == 'true' and '$(RuntimeIdentifier)' == '' and '$(AllowSelfContainedWithoutRuntimeIdentifier)' != 'true') was evaluated as ('false' == 'true' and '' == '' and '' != 'true').
                   Task "NETSdkError" skipped, due to false condition; ('$(PublishReadyToRun)' == 'true' and '$(RuntimeIdentifier)' == '' and '$(_IsPublishing)' == 'true') was evaluated as ('' == 'true' and '' == '' and '' == 'true').
                   Task "NETSdkError" skipped, due to false condition; ('$(PublishSingleFile)' == 'true' and '$(RuntimeIdentifier)' == '' and '$(_IsPublishing)' == 'true') was evaluated as ('' == 'true' and '' == '' and '' == 'true').
                   Task "NETSdkError" skipped, due to false condition; ('$(PublishAot)' == 'true' and '$(RuntimeIdentifier)' == '' and '$(_IsPublishing)' == 'true' and '$(AllowPublishAotWithoutRuntimeIdentifier)' != 'true') was evaluated as ('' == 'true' and '' == '' and '' == 'true' and '' != 'true').
                   Task "NETSdkError" skipped, due to false condition; ('$(PublishSelfContained)' != 'true' and '$(PublishSelfContained)' != 'false' and '$(PublishSelfContained)' != '') was evaluated as ('' != 'true' and '' != 'false' and '' != '').
                   Task "NETSdkError" skipped, due to false condition; ('$(SelfContained)' == 'true' and '$(UseAppHost)' != 'true' and '$(_RuntimeIdentifierUsesAppHost)' == 'true') was evaluated as ('false' == 'true' and 'true' != 'true' and 'true' == 'true').
                   Task "NETSdkError" skipped, due to false condition; ('$(SelfContained)' != 'true' and '$(UseAppHost)' == 'true' and '$(_TargetFrameworkVersionWithoutV)' < '2.1') was evaluated as ('false' != 'true' and 'true' == 'true' and '8.0' < '2.1').
                   Task "NETSdkError" skipped, due to false condition; ('$(PublishSingleFile)' == 'true' and '$(_TargetFrameworkVersionWithoutV)' < '3.0') was evaluated as ('' == 'true' and '8.0' < '3.0').
                   Task "NETSdkWarning" skipped, due to false condition; ('$(PublishReadyToRun)' == 'true' and '$(_TargetFrameworkVersionWithoutV)' < '3.0') was evaluated as ('' == 'true' and '8.0' < '3.0').
                   Task "NETSdkWarning" skipped, due to false condition; ('$(RuntimeIdentifier)' != '' and '$(_TargetFrameworkVersionWithoutV)' != '' and $([MSBuild]::VersionLessThan($(_TargetFrameworkVersionWithoutV), '8.0')) and '$(_SelfContainedWasSpecified)' != 'true') was evaluated as ('' != '' and '8.0' != '' and False and '' != 'true').
                   Task "NetSdkError" skipped, due to false condition; (('$(UseWindowsForms)' == 'true') and ('$(PublishTrimmed)' == 'true') and ('$(_SuppressWinFormsTrimError)' != 'true')) was evaluated as (('' == 'true') and ('' == 'true') and ('' != 'true')).
                   Task "NetSdkError" skipped, due to false condition; (('$(UseWpf)' == 'true') and ('$(PublishTrimmed)' == 'true') and ('$(_SuppressWpfTrimError)' != 'true')) was evaluated as (('' == 'true') and ('' == 'true') and ('' != 'true')).
20:21:26.340     1>Done building target "_CheckForUnsupportedAppHostUsage" in project "SampleOnionApp.McpServer.csproj".: (TargetId:7)
20:21:26.340     1>Target "_CheckForUnsupportedHostingUsage: (TargetId:8)" in file "/usr/lib/dotnet/sdk/8.0.121/Sdks/Microsoft.NET.Sdk/targets/Microsoft.NET.RuntimeIdentifierInference.targets" from project "/home/home/Desktop/codex-test/src/SampleOnionApp.McpServer/SampleOnionApp.McpServer.csproj" (target "_CheckForInvalidConfigurationAndPlatform" depends on it):
                   Task "NETSdkWarning" skipped, due to false condition; ('$(SelfContained)' == 'true' and '$(EnableComHosting)' == 'true') was evaluated as ('false' == 'true' and '' == 'true').
20:21:26.340     1>Done building target "_CheckForUnsupportedHostingUsage" in project "SampleOnionApp.McpServer.csproj".: (TargetId:8)
20:21:26.340     1>Target "_CheckAndUnsetUnsupportedPrefer32Bit: (TargetId:9)" in file "/usr/lib/dotnet/sdk/8.0.121/Sdks/Microsoft.NET.Sdk/targets/Microsoft.NET.RuntimeIdentifierInference.targets" from project "/home/home/Desktop/codex-test/src/SampleOnionApp.McpServer/SampleOnionApp.McpServer.csproj" (target "_CheckForInvalidConfigurationAndPlatform" depends on it):
                   Task "NETSdkWarning" skipped, due to false condition; ('$(Prefer32Bit)' == 'true') was evaluated as ('false' == 'true').
                   Set Property: Prefer32Bit=false
20:21:26.340     1>Done building target "_CheckAndUnsetUnsupportedPrefer32Bit" in project "SampleOnionApp.McpServer.csproj".: (TargetId:9)
                   Target "_CheckForMismatchingPlatform" skipped, due to false condition; ('$(RuntimeIdentifier)' != '' and '$(PlatformTarget)' != '') was evaluated as ('' != '' and '' != '').
20:21:26.340     1>Target "_CheckForLanguageAndFeatureCombinationSupport: (TargetId:10)" in file "/usr/lib/dotnet/sdk/8.0.121/Sdks/Microsoft.NET.Sdk/targets/Microsoft.NET.RuntimeIdentifierInference.targets" from project "/home/home/Desktop/codex-test/src/SampleOnionApp.McpServer/SampleOnionApp.McpServer.csproj" (target "_CheckForInvalidConfigurationAndPlatform" depends on it):
                   Task "NETSdkError" skipped, due to false condition; (('$(Language)' == 'C++' and '$(_EnablePackageReferencesInVCProjects)' != 'true') and $(OutputType) != 'library' and '$(TargetFrameworkIdentifier)' == '.NETCoreApp') was evaluated as (('C#' == 'C++' and '' != 'true') and Exe != 'library' and '.NETCoreApp' == '.NETCoreApp').
                   Task "NETSdkError" skipped, due to false condition; (('$(Language)' == 'C++' and '$(_EnablePackageReferencesInVCProjects)' != 'true') and $(EnableComHosting) == 'true') was evaluated as (('C#' == 'C++' and '' != 'true') and  == 'true').
                   Task "NETSdkError" skipped, due to false condition; (('$(Language)' == 'C++' and '$(_EnablePackageReferencesInVCProjects)' != 'true') and $(SelfContained) == 'true') was evaluated as (('C#' == 'C++' and '' != 'true') and false == 'true').
20:21:26.340     1>Done building target "_CheckForLanguageAndFeatureCombinationSupport" in project "SampleOnionApp.McpServer.csproj".: (TargetId:10)
                   Target "_CheckForNETCoreSdkIsPreview" skipped, due to false condition; ( '$(_NETCoreSdkIsPreview)' == 'true' AND '$(SuppressNETCoreSdkPreviewMessage)' != 'true' ) was evaluated as ( 'false' == 'true' AND '' != 'true' ).
20:21:26.341     1>Target "_GetProjectJsonPath: (TargetId:11)" in file "/usr/lib/dotnet/sdk/8.0.121/NuGet.targets" from project "/home/home/Desktop/codex-test/src/SampleOnionApp.McpServer/SampleOnionApp.McpServer.csproj" (target "_GetRestoreProjectStyle" depends on it):
                   Task "GetRestoreProjectJsonPathTask" skipped, due to false condition; ( '$(RestoreProjectStyle)' == 'ProjectJson' OR '$(RestoreProjectStyle)' == '' ) was evaluated as ( 'PackageReference' == 'ProjectJson' OR 'PackageReference' == '' ).
20:21:26.341     1>Done building target "_GetProjectJsonPath" in project "SampleOnionApp.McpServer.csproj".: (TargetId:11)
                   Target "_CheckForUnsupportedTargetPlatformIdentifier" skipped, due to false condition; ('$(TargetPlatformIdentifier)' != '' and '$(TargetFrameworkIdentifier)' == '.NETCoreApp' and $([MSBuild]::VersionGreaterThanOrEquals($(TargetFrameworkVersion), 5.0)) And ('$(DesignTimeBuild)' != 'true' Or '@(MissingWorkloadPack)' == '')) was evaluated as ('' != '' and '.NETCoreApp' == '.NETCoreApp' and True And ('' != 'true' Or '' == '')).
                   Target "_CheckForMissingWorkload" skipped, due to false condition; ('@(MissingWorkloadPack)' != '' And '$(DesignTimeBuild)' != 'true') was evaluated as ('' != '' And '' != 'true').
                   Target "_CheckForUnsupportedNETStandardVersion" skipped, due to false condition; ('$(TargetFrameworkIdentifier)' == '.NETStandard' And '$(NETStandardMaximumVersion)' != '') was evaluated as ('.NETCoreApp' == '.NETStandard' And '' != '').
                   Target "_CheckForUnsupportedTargetFrameworkAndFeatureCombination" skipped, due to false condition; ('$(TargetFrameworkIdentifier)' == '.NETFramework') was evaluated as ('.NETCoreApp' == '.NETFramework').
20:21:26.341     1>Target "UpdateAspNetToFrameworkReference: (TargetId:12)" in file "/usr/lib/dotnet/sdk/8.0.121/Sdks/Microsoft.NET.Sdk/targets/Microsoft.NET.Sdk.DefaultItems.Shared.targets" from project "/home/home/Desktop/codex-test/src/SampleOnionApp.McpServer/SampleOnionApp.McpServer.csproj" (target "ApplyImplicitVersions" depends on it):
                   Using "CheckIfPackageReferenceShouldBeFrameworkReference" task from assembly "/usr/lib/dotnet/sdk/8.0.121/Sdks/Microsoft.NET.Sdk/targets/../tools/net8.0/Microsoft.NET.Build.Tasks.dll".
                   Task "CheckIfPackageReferenceShouldBeFrameworkReference" (TaskId:3)
                     Task Parameter:PackageReferenceToReplace=Microsoft.AspNetCore.All (TaskId:3)
                     Task Parameter:
                         PackageReferences=
                             Microsoft.Extensions.Hosting
                                     Version=8.0.0
                             ModelContextProtocol
                                     Version=0.4.0-preview.3 (TaskId:3)
                     Task Parameter:FrameworkReferenceToUse=Microsoft.AspNetCore.App (TaskId:3)
                     Task Parameter:
                         FrameworkReferences=
                             Microsoft.NETCore.App
                                     IsImplicitlyDefined=true
                                     Pack=false
                                     PrivateAssets=All (TaskId:3)
                     Output Property: _ShouldRemoveAspNetCoreAll=False (TaskId:3)
                   Done executing task "CheckIfPackageReferenceShouldBeFrameworkReference". (TaskId:3)
                   Task "NETSdkError" skipped, due to false condition; ('$(_ShouldRemoveAspNetCoreAll)' == 'true') was evaluated as ('False' == 'true').
                   Task "CheckIfPackageReferenceShouldBeFrameworkReference" (TaskId:4)
                     Task Parameter:PackageReferenceToReplace=Microsoft.AspNetCore.App (TaskId:4)
                     Task Parameter:
                         PackageReferences=
                             Microsoft.Extensions.Hosting
                                     Version=8.0.0
                             ModelContextProtocol
                                     Version=0.4.0-preview.3 (TaskId:4)
                     Task Parameter:FrameworkReferenceToUse=Microsoft.AspNetCore.App (TaskId:4)
                     Task Parameter:
                         FrameworkReferences=
                             Microsoft.NETCore.App
                                     IsImplicitlyDefined=true
                                     Pack=false
                                     PrivateAssets=All (TaskId:4)
                     Output Property: _ShouldRemoveAspNetCoreApp=False (TaskId:4)
                     Output Property: _ShouldAddAspNetCoreAppFrameworkReference=False (TaskId:4)
                   Done executing task "CheckIfPackageReferenceShouldBeFrameworkReference". (TaskId:4)
                   Task "NETSdkWarning" skipped, due to false condition; ('$(_ShouldRemoveAspNetCoreApp)' == 'true') was evaluated as ('False' == 'true').
20:21:26.343     1>Done building target "UpdateAspNetToFrameworkReference" in project "SampleOnionApp.McpServer.csproj".: (TargetId:12)
                   Target "IncludeTargetingPackReference" skipped, due to false condition; ('$(TargetFrameworkMoniker)' != '' and '$(TargetFrameworkIdentifier)' == '.NETFramework' and '$(AutomaticallyUseReferenceAssemblyPackages)' == 'true') was evaluated as ('.NETCoreApp,Version=v8.0' != '' and '.NETCoreApp' == '.NETFramework' and 'true' == 'true').
20:21:26.343     1>Target "CheckForImplicitPackageReferenceOverrides: (TargetId:13)" in file "/usr/lib/dotnet/sdk/8.0.121/Sdks/Microsoft.NET.Sdk/targets/Microsoft.NET.Sdk.DefaultItems.Shared.targets" from project "/home/home/Desktop/codex-test/src/SampleOnionApp.McpServer/SampleOnionApp.McpServer.csproj" (target "ApplyImplicitVersions" depends on it):
                   Set Property: ImplicitPackageReferenceInformationLink=https://aka.ms/sdkimplicitrefs
                   Using "CheckForImplicitPackageReferenceOverrides" task from assembly "/usr/lib/dotnet/sdk/8.0.121/Sdks/Microsoft.NET.Sdk/targets/../tools/net8.0/Microsoft.NET.Build.Tasks.dll".
                   Task "CheckForImplicitPackageReferenceOverrides" (TaskId:5)
                     Task Parameter:MoreInformationLink=https://aka.ms/sdkimplicitrefs (TaskId:5)
                     Task Parameter:
                         PackageReferenceItems=
                             Microsoft.Extensions.Hosting
                                     Version=8.0.0
                             ModelContextProtocol
                                     Version=0.4.0-preview.3 (TaskId:5)
                   Done executing task "CheckForImplicitPackageReferenceOverrides". (TaskId:5)
20:21:26.344     1>Done building target "CheckForImplicitPackageReferenceOverrides" in project "SampleOnionApp.McpServer.csproj".: (TargetId:13)
20:21:26.344     1>Target "ApplyImplicitVersions: (TargetId:14)" in file "/usr/lib/dotnet/sdk/8.0.121/Sdks/Microsoft.NET.Sdk/targets/Microsoft.NET.Sdk.DefaultItems.Shared.targets" from project "/home/home/Desktop/codex-test/src/SampleOnionApp.McpServer/SampleOnionApp.McpServer.csproj" (target "CollectPackageReferences" depends on it):
                   Using "ApplyImplicitVersions" task from assembly "/usr/lib/dotnet/sdk/8.0.121/Sdks/Microsoft.NET.Sdk/targets/../tools/net8.0/Microsoft.NET.Build.Tasks.dll".
                   Task "ApplyImplicitVersions" (TaskId:6)
                     Task Parameter:
                         ImplicitPackageReferenceVersions=
                             Microsoft.NETCore.App
                                     DefaultVersion=1.0.5
                                     LatestVersion=1.0.16
                                     TargetFrameworkVersion=1.0
                             Microsoft.NETCore.App
                                     DefaultVersion=1.1.2
                                     LatestVersion=1.1.13
                                     TargetFrameworkVersion=1.1
                             Microsoft.NETCore.App
                                     DefaultVersion=2.0.0
                                     LatestVersion=2.0.9
                                     TargetFrameworkVersion=2.0
                             Microsoft.NETCore.App
                                     DefaultVersion=2.1.0
                                     LatestVersion=2.1.30
                                     TargetFrameworkVersion=2.1
                             Microsoft.NETCore.App
                                     DefaultVersion=2.2.0
                                     LatestVersion=2.2.8
                                     TargetFrameworkVersion=2.2
                             Microsoft.AspNetCore.App
                                     DefaultVersion=2.1.1
                                     LatestVersion=2.1.30
                                     TargetFrameworkVersion=2.1
                             Microsoft.AspNetCore.All
                                     DefaultVersion=2.1.1
                                     LatestVersion=2.1.30
                                     TargetFrameworkVersion=2.1
                             Microsoft.AspNetCore.App
                                     DefaultVersion=2.2.0
                                     LatestVersion=2.2.8
                                     TargetFrameworkVersion=2.2
                             Microsoft.AspNetCore.All
                                     DefaultVersion=2.2.0
                                     LatestVersion=2.2.8
                                     TargetFrameworkVersion=2.2 (TaskId:6)
                     Task Parameter:
                         PackageReferences=
                             Microsoft.Extensions.Hosting
                                     Version=8.0.0
                             ModelContextProtocol
                                     Version=0.4.0-preview.3 (TaskId:6)
                     Task Parameter:TargetLatestRuntimePatch=False (TaskId:6)
                     Task Parameter:TargetFrameworkVersion=8.0 (TaskId:6)
                   Done executing task "ApplyImplicitVersions". (TaskId:6)
20:21:26.346     1>Done building target "ApplyImplicitVersions" in project "SampleOnionApp.McpServer.csproj".: (TargetId:14)
                   Target "CheckForImplicitPackageReferenceOverrides" skipped. Previously built successfully.
                   Target "AddWindowsSdkKnownFrameworkReferences" skipped, due to false condition; ('$(TargetFrameworkIdentifier)' == '.NETCoreApp' And '$(TargetPlatformIdentifier)' == 'Windows') was evaluated as ('.NETCoreApp' == '.NETCoreApp' And '' == 'Windows').
                   Target "_NormalizeTargetPlatformVersion" skipped, due to false condition; ('$(TargetPlatformVersion)' != '' and '$(TargetFrameworkIdentifier)' == '.NETCoreApp' and $([MSBuild]::VersionGreaterThanOrEquals($(TargetFrameworkVersion), 5.0)) and ('$(Language)' != 'C++' or '$(_EnablePackageReferencesInVCProjects)' == 'true')) was evaluated as ('' != '' and '.NETCoreApp' == '.NETCoreApp' and True and ('C#' != 'C++' or '' == 'true')).
20:21:26.347     1>Target "_ComputeToolPackInputsToProcessFrameworkReferences: (TargetId:15)" in file "/usr/lib/dotnet/sdk/8.0.121/Sdks/Microsoft.NET.Sdk/targets/Microsoft.NET.Publish.targets" from project "/home/home/Desktop/codex-test/src/SampleOnionApp.McpServer/SampleOnionApp.McpServer.csproj" (target "ProcessFrameworkReferences" depends on it):
                   Set Property: _RequiresILLinkPack=false
                   Set Property: _FirstTargetFrameworkToSupportTrimming=net6.0
                   Set Property: _FirstTargetFrameworkToSupportAot=net7.0
                   Set Property: _FirstTargetFrameworkToSupportSingleFile=net6.0
                   Set Property: _MinNonEolTargetFrameworkForTrimming=net8.0
                   Set Property: _MinNonEolTargetFrameworkForSingleFile=net8.0
                   Set Property: _MinNonEolTargetFrameworkForAot=net8.0
20:21:26.348     1>Done building target "_ComputeToolPackInputsToProcessFrameworkReferences" in project "SampleOnionApp.McpServer.csproj".: (TargetId:15)
20:21:26.348     1>Target "ProcessFrameworkReferences: (TargetId:16)" in file "/usr/lib/dotnet/sdk/8.0.121/Sdks/Microsoft.NET.Sdk/targets/Microsoft.NET.Sdk.FrameworkReferenceResolution.targets" from project "/home/home/Desktop/codex-test/src/SampleOnionApp.McpServer/SampleOnionApp.McpServer.csproj" (target "CollectPackageReferences" depends on it):
                   Using "CheckForDuplicateFrameworkReferences" task from assembly "/usr/lib/dotnet/sdk/8.0.121/Sdks/Microsoft.NET.Sdk/targets/../tools/net8.0/Microsoft.NET.Build.Tasks.dll".
                   Task "CheckForDuplicateFrameworkReferences" (TaskId:7)
                     Task Parameter:
                         FrameworkReferences=
                             Microsoft.NETCore.App
                                     IsImplicitlyDefined=true
                                     Pack=false
                                     PrivateAssets=All (TaskId:7)
                     Task Parameter:MoreInformationLink=https://aka.ms/sdkimplicitrefs (TaskId:7)
                   Done executing task "CheckForDuplicateFrameworkReferences". (TaskId:7)
                   Set Property: EnableTargetingPackDownload=true
                   Set Property: EnableRuntimePackDownload=true
                   Using "ProcessFrameworkReferences" task from assembly "/usr/lib/dotnet/sdk/8.0.121/Sdks/Microsoft.NET.Sdk/targets/../tools/net8.0/Microsoft.NET.Build.Tasks.dll".
                   Task "ProcessFrameworkReferences" (TaskId:8)
                     Task Parameter:NETCoreSdkRuntimeIdentifier=ubuntu.24.04-x64 (TaskId:8)
                     Task Parameter:EnableRuntimePackDownload=True (TaskId:8)
                     Task Parameter:EnableTargetingPackDownload=True (TaskId:8)
                     Task Parameter:
                         KnownWebAssemblySdkPacks=
                             Microsoft.NET.Sdk.WebAssembly.Pack
                                     TargetFramework=net8.0
                                     WebAssemblySdkPackVersion=8.0.21
                             Microsoft.NET.Sdk.WebAssembly.Pack
                                     TargetFramework=net7.0
                                     WebAssemblySdkPackVersion=8.0.21
                             Microsoft.NET.Sdk.WebAssembly.Pack
                                     TargetFramework=net6.0
                                     WebAssemblySdkPackVersion=8.0.21 (TaskId:8)
                     Task Parameter:NetCoreRoot=/usr/lib/dotnet/ (TaskId:8)
                     Task Parameter:NETCoreSdkVersion=8.0.121 (TaskId:8)
                     Task Parameter:
                         KnownCrossgen2Packs=
                             Microsoft.NETCore.App.Crossgen2
                                     Crossgen2PackNamePattern=Microsoft.NETCore.App.Crossgen2.**RID**
                                     Crossgen2PackVersion=8.0.21
                                     Crossgen2RuntimeIdentifiers=linux-musl-x64;linux-x64;win-x64;linux-arm;linux-arm64;linux-musl-arm;linux-musl-arm64;osx-arm64;osx-x64;win-arm64;win-x86
                                     TargetFramework=net8.0
                             Microsoft.NETCore.App.Crossgen2
                                     Crossgen2PackNamePattern=Microsoft.NETCore.App.Crossgen2.**RID**
                                     Crossgen2PackVersion=7.0.20
                                     Crossgen2RuntimeIdentifiers=linux-musl-x64;linux-x64;win-x64;linux-arm;linux-arm64;linux-musl-arm;linux-musl-arm64;osx-arm64;osx-x64;win-arm;win-arm64;win-x86
                                     TargetFramework=net7.0
                             Microsoft.NETCore.App.Crossgen2
                                     Crossgen2PackNamePattern=Microsoft.NETCore.App.Crossgen2.**RID**
                                     Crossgen2PackVersion=6.0.36
                                     Crossgen2RuntimeIdentifiers=linux-musl-x64;linux-x64;win-x64;linux-arm;linux-arm64;linux-musl-arm;linux-musl-arm64;osx-arm64;osx-x64;win-arm;win-arm64;win-x86
                                     TargetFramework=net6.0
                             Microsoft.NETCore.App.Crossgen2
                                     Crossgen2PackNamePattern=Microsoft.NETCore.App.Crossgen2.**RID**
                                     Crossgen2PackVersion=5.0.17
                                     Crossgen2RuntimeIdentifiers=linux-musl-x64;linux-x64;win-x64
                                     TargetFramework=net5.0 (TaskId:8)
                     Task Parameter:TargetLatestRuntimePatchIsDefault=True (TaskId:8)
                     Task Parameter:
                         KnownILCompilerPacks=
                             Microsoft.DotNet.ILCompiler
                                     ILCompilerPackNamePattern=runtime.**RID**.Microsoft.DotNet.ILCompiler
                                     ILCompilerPackVersion=8.0.21
                                     ILCompilerRuntimeIdentifiers=linux-arm64;linux-musl-arm64;linux-musl-x64;linux-x64;win-arm64;win-x64;osx-x64;osx-arm64
                                     TargetFramework=net8.0
                             Microsoft.DotNet.ILCompiler
                                     ILCompilerPackNamePattern=runtime.**RID**.Microsoft.DotNet.ILCompiler
                                     ILCompilerPackVersion=7.0.20
                                     ILCompilerRuntimeIdentifiers=linux-arm64;linux-musl-arm64;linux-musl-x64;linux-x64;win-arm64;win-x64
                                     TargetFramework=net7.0 (TaskId:8)
                     Task Parameter:RuntimeGraphPath=/usr/lib/dotnet/sdk/8.0.121/PortableRuntimeIdentifierGraph.json (TaskId:8)
                     Task Parameter:RequiresILLinkPack=False (TaskId:8)
                     Task Parameter:SelfContained=False (TaskId:8)
                     Task Parameter:
                         KnownRuntimePacks=
                             Microsoft.NETCore.App
                                     LatestRuntimeFrameworkVersion=8.0.21
                                     RuntimeFrameworkName=Microsoft.NETCore.App
                                     RuntimePackLabels=NativeAOT
                                     RuntimePackNamePatterns=Microsoft.NETCore.App.Runtime.NativeAOT.**RID**
                                     RuntimePackRuntimeIdentifiers=ios-arm64;iossimulator-arm64;iossimulator-x64;tvos-arm64;tvossimulator-arm64;tvossimulator-x64;maccatalyst-arm64;maccatalyst-x64;linux-bionic-arm64;linux-bionic-x64;osx-arm64;osx-x64
                                     TargetFramework=net8.0
                             Microsoft.NETCore.App
                                     LatestRuntimeFrameworkVersion=8.0.21
                                     RuntimeFrameworkName=Microsoft.NETCore.App
                                     RuntimePackLabels=Mono
                                     RuntimePackNamePatterns=Microsoft.NETCore.App.Runtime.Mono.**RID**
                                     RuntimePackRuntimeIdentifiers=linux-arm;linux-arm64;linux-musl-arm64;linux-musl-x64;linux-x64;osx-x64;rhel.6-x64;win-arm64;win-x64;win-x86;linux-musl-arm;osx-arm64;linux-s390x;browser-wasm;ios-arm64;ios-arm;iossimulator-arm64;iossimulator-x64;iossimulator-x86;tvos-arm64;tvossimulator-arm64;tvossimulator-x64;maccatalyst-x64;maccatalyst-arm64;android-arm64;android-arm;android-x64;android-x86
                                     TargetFramework=net8.0
                             Microsoft.NETCore.App
                                     LatestRuntimeFrameworkVersion=7.0.20
                                     RuntimeFrameworkName=Microsoft.NETCore.App
                                     RuntimePackLabels=Mono
                                     RuntimePackNamePatterns=Microsoft.NETCore.App.Runtime.Mono.**RID**
                                     RuntimePackRuntimeIdentifiers=linux-arm;linux-arm64;linux-musl-arm64;linux-musl-x64;linux-x64;osx-x64;rhel.6-x64;win-arm;win-arm64;win-x64;win-x86;linux-musl-arm;osx-arm64;linux-s390x;browser-wasm;ios-arm64;ios-arm;iossimulator-arm64;iossimulator-x64;iossimulator-x86;tvos-arm64;tvossimulator-arm64;tvossimulator-x64;maccatalyst-x64;maccatalyst-arm64;android-arm64;android-arm;android-x64;android-x86
                                     TargetFramework=net7.0
                             Microsoft.NETCore.App
                                     LatestRuntimeFrameworkVersion=6.0.36
                                     RuntimeFrameworkName=Microsoft.NETCore.App
                                     RuntimePackLabels=Mono
                                     RuntimePackNamePatterns=Microsoft.NETCore.App.Runtime.Mono.**RID**
                                     RuntimePackRuntimeIdentifiers=linux-arm;linux-arm64;linux-musl-arm64;linux-musl-x64;linux-x64;osx-x64;rhel.6-x64;win-arm;win-arm64;win-x64;win-x86;linux-musl-arm;osx-arm64;linux-s390x;browser-wasm;ios-arm64;ios-arm;iossimulator-arm64;iossimulator-x64;iossimulator-x86;tvos-arm64;tvossimulator-arm64;tvossimulator-x64;maccatalyst-x64;maccatalyst-arm64;android-arm64;android-arm;android-x64;android-x86
                                     TargetFramework=net6.0 (TaskId:8)
                     Task Parameter:
                         FrameworkReferences=
                             Microsoft.NETCore.App
                                     IsImplicitlyDefined=true
                                     Pack=false
                                     PrivateAssets=All (TaskId:8)
                     Task Parameter:TargetingPackRoot=/usr/lib/dotnet/packs (TaskId:8)
                     Task Parameter:ReadyToRunUseCrossgen2=True (TaskId:8)
                     Task Parameter:TargetLatestRuntimePatch=False (TaskId:8)
                     Task Parameter:MinNonEolTargetFrameworkForTrimming=net8.0 (TaskId:8)
                     Task Parameter:MinNonEolTargetFrameworkForAot=net8.0 (TaskId:8)
                     Task Parameter:TargetFrameworkIdentifier=.NETCoreApp (TaskId:8)
                     Task Parameter:MinNonEolTargetFrameworkForSingleFile=net8.0 (TaskId:8)
                     Task Parameter:
                         KnownFrameworkReferences=
                             Microsoft.NETCore.App
                                     DefaultRuntimeFrameworkVersion=8.0.0
                                     LatestRuntimeFrameworkVersion=8.0.21
                                     RuntimeFrameworkName=Microsoft.NETCore.App
                                     RuntimePackNamePatterns=Microsoft.NETCore.App.Runtime.**RID**
                                     RuntimePackRuntimeIdentifiers=linux-arm;linux-arm64;linux-musl-arm64;linux-musl-x64;linux-x64;osx-x64;rhel.6-x64;tizen.4.0.0-armel;tizen.5.0.0-armel;win-arm64;win-x64;win-x86;linux-musl-arm;osx-arm64;linux-s390x;linux-bionic-arm;linux-bionic-arm64;linux-bionic-x64;linux-bionic-x86;linux-ppc64le;ubuntu.24.04-x64
                                     TargetFramework=net8.0
                                     TargetingPackName=Microsoft.NETCore.App.Ref
                                     TargetingPackVersion=8.0.21
                             Microsoft.WindowsDesktop.App
                                     DefaultRuntimeFrameworkVersion=8.0.0
                                     IsWindowsOnly=true
                                     LatestRuntimeFrameworkVersion=8.0.21
                                     RuntimeFrameworkName=Microsoft.WindowsDesktop.App
                                     RuntimePackNamePatterns=Microsoft.WindowsDesktop.App.Runtime.**RID**
                                     RuntimePackRuntimeIdentifiers=win-x64;win-x86;win-arm64
                                     TargetFramework=net8.0
                                     TargetingPackName=Microsoft.WindowsDesktop.App.Ref
                                     TargetingPackVersion=8.0.21
                             Microsoft.WindowsDesktop.App.WPF
                                     DefaultRuntimeFrameworkVersion=8.0.0
                                     IsWindowsOnly=true
                                     LatestRuntimeFrameworkVersion=8.0.21
                                     Profile=WPF
                                     RuntimeFrameworkName=Microsoft.WindowsDesktop.App
                                     RuntimePackNamePatterns=Microsoft.WindowsDesktop.App.Runtime.**RID**
                                     RuntimePackRuntimeIdentifiers=win-x64;win-x86;win-arm64
                                     TargetFramework=net8.0
                                     TargetingPackName=Microsoft.WindowsDesktop.App.Ref
                                     TargetingPackVersion=8.0.21
                             Microsoft.WindowsDesktop.App.WindowsForms
                                     DefaultRuntimeFrameworkVersion=8.0.0
                                     IsWindowsOnly=true
                                     LatestRuntimeFrameworkVersion=8.0.21
                                     Profile=WindowsForms
                                     RuntimeFrameworkName=Microsoft.WindowsDesktop.App
                                     RuntimePackNamePatterns=Microsoft.WindowsDesktop.App.Runtime.**RID**
                                     RuntimePackRuntimeIdentifiers=win-x64;win-x86;win-arm64
                                     TargetFramework=net8.0
                                     TargetingPackName=Microsoft.WindowsDesktop.App.Ref
                                     TargetingPackVersion=8.0.21
                             Microsoft.AspNetCore.App
                                     DefaultRuntimeFrameworkVersion=8.0.0
                                     LatestRuntimeFrameworkVersion=8.0.21
                                     RuntimeFrameworkName=Microsoft.AspNetCore.App
                                     RuntimePackExcludedRuntimeIdentifiers=android;linux-bionic
                                     RuntimePackNamePatterns=Microsoft.AspNetCore.App.Runtime.**RID**
                                     RuntimePackRuntimeIdentifiers=ubuntu.24.04-x64;win-x64;win-x86;win-arm;osx-x64;linux-musl-x64;linux-musl-arm64;linux-x64;linux-arm;linux-arm64;linux-musl-arm;win-arm64;osx-arm64;linux-s390x;linux-ppc64le
                                     TargetFramework=net8.0
                                     TargetingPackName=Microsoft.AspNetCore.App.Ref
                                     TargetingPackVersion=8.0.21
                             Microsoft.Windows.SDK.NET.Ref
                                     DefaultRuntimeFrameworkVersion=10.0.17763.56
                                     IsWindowsOnly=true
                                     LatestRuntimeFrameworkVersion=10.0.17763.56
                                     RuntimeFrameworkName=Microsoft.Windows.SDK.NET.Ref
                                     RuntimePackAlwaysCopyLocal=true
                                     RuntimePackNamePatterns=Microsoft.Windows.SDK.NET.Ref
                                     RuntimePackRuntimeIdentifiers=any
                                     TargetFramework=net8.0-windows10.0.17763.0
                                     TargetingPackName=Microsoft.Windows.SDK.NET.Ref
                                     TargetingPackVersion=10.0.17763.56
                             Microsoft.Windows.SDK.NET.Ref
                                     DefaultRuntimeFrameworkVersion=10.0.18362.56
                                     IsWindowsOnly=true
                                     LatestRuntimeFrameworkVersion=10.0.18362.56
                                     RuntimeFrameworkName=Microsoft.Windows.SDK.NET.Ref
                                     RuntimePackAlwaysCopyLocal=true
                                     RuntimePackNamePatterns=Microsoft.Windows.SDK.NET.Ref
                                     RuntimePackRuntimeIdentifiers=any
                                     TargetFramework=net8.0-windows10.0.18362.0
                                     TargetingPackName=Microsoft.Windows.SDK.NET.Ref
                                     TargetingPackVersion=10.0.18362.56
                             Microsoft.Windows.SDK.NET.Ref
                                     DefaultRuntimeFrameworkVersion=10.0.19041.56
                                     IsWindowsOnly=true
                                     LatestRuntimeFrameworkVersion=10.0.19041.56
                                     RuntimeFrameworkName=Microsoft.Windows.SDK.NET.Ref
                                     RuntimePackAlwaysCopyLocal=true
                                     RuntimePackNamePatterns=Microsoft.Windows.SDK.NET.Ref
                                     RuntimePackRuntimeIdentifiers=any
                                     TargetFramework=net8.0-windows10.0.19041.0
                                     TargetingPackName=Microsoft.Windows.SDK.NET.Ref
                                     TargetingPackVersion=10.0.19041.56
                             Microsoft.NETCore.App
                                     DefaultRuntimeFrameworkVersion=7.0.0
                                     LatestRuntimeFrameworkVersion=7.0.20
                                     RuntimeFrameworkName=Microsoft.NETCore.App
                                     RuntimePackNamePatterns=Microsoft.NETCore.App.Runtime.**RID**
                                     RuntimePackRuntimeIdentifiers=linux-arm;linux-arm64;linux-musl-arm64;linux-musl-x64;linux-x64;osx-x64;rhel.6-x64;tizen.4.0.0-armel;tizen.5.0.0-armel;win-arm;win-arm64;win-x64;win-x86;linux-musl-arm;osx-arm64;linux-s390x;linux-bionic-arm;linux-bionic-arm64;linux-bionic-x64;linux-bionic-x86;linux-ppc64le
                                     TargetFramework=net7.0
                                     TargetingPackName=Microsoft.NETCore.App.Ref
                                     TargetingPackVersion=7.0.20
                             Microsoft.WindowsDesktop.App
                                     DefaultRuntimeFrameworkVersion=7.0.0
                                     IsWindowsOnly=true
                                     LatestRuntimeFrameworkVersion=7.0.20
                                     RuntimeFrameworkName=Microsoft.WindowsDesktop.App
                                     RuntimePackNamePatterns=Microsoft.WindowsDesktop.App.Runtime.**RID**
                                     RuntimePackRuntimeIdentifiers=win-x64;win-x86;win-arm64
                                     TargetFramework=net7.0
                                     TargetingPackName=Microsoft.WindowsDesktop.App.Ref
                                     TargetingPackVersion=7.0.20
                             Microsoft.WindowsDesktop.App.WPF
                                     DefaultRuntimeFrameworkVersion=7.0.0
                                     IsWindowsOnly=true
                                     LatestRuntimeFrameworkVersion=7.0.20
                                     Profile=WPF
                                     RuntimeFrameworkName=Microsoft.WindowsDesktop.App
                                     RuntimePackNamePatterns=Microsoft.WindowsDesktop.App.Runtime.**RID**
                                     RuntimePackRuntimeIdentifiers=win-x64;win-x86;win-arm64
                                     TargetFramework=net7.0
                                     TargetingPackName=Microsoft.WindowsDesktop.App.Ref
                                     TargetingPackVersion=7.0.20
                             Microsoft.WindowsDesktop.App.WindowsForms
                                     DefaultRuntimeFrameworkVersion=7.0.0
                                     IsWindowsOnly=true
                                     LatestRuntimeFrameworkVersion=7.0.20
                                     Profile=WindowsForms
                                     RuntimeFrameworkName=Microsoft.WindowsDesktop.App
                                     RuntimePackNamePatterns=Microsoft.WindowsDesktop.App.Runtime.**RID**
                                     RuntimePackRuntimeIdentifiers=win-x64;win-x86;win-arm64
                                     TargetFramework=net7.0
                                     TargetingPackName=Microsoft.WindowsDesktop.App.Ref
                                     TargetingPackVersion=7.0.20
                             Microsoft.AspNetCore.App
                                     DefaultRuntimeFrameworkVersion=7.0.0
                                     LatestRuntimeFrameworkVersion=7.0.20
                                     RuntimeFrameworkName=Microsoft.AspNetCore.App
                                     RuntimePackExcludedRuntimeIdentifiers=android
                                     RuntimePackNamePatterns=Microsoft.AspNetCore.App.Runtime.**RID**
                                     RuntimePackRuntimeIdentifiers=win-x64;win-x86;win-arm;osx-x64;linux-musl-x64;linux-musl-arm64;linux-x64;linux-arm;linux-arm64;linux-musl-arm;win-arm64;osx-arm64;linux-s390x;linux-ppc64le
                                     TargetFramework=net7.0
                                     TargetingPackName=Microsoft.AspNetCore.App.Ref
                                     TargetingPackVersion=7.0.20
                             Microsoft.Windows.SDK.NET.Ref
                                     DefaultRuntimeFrameworkVersion=10.0.17763.56
                                     IsWindowsOnly=true
                                     LatestRuntimeFrameworkVersion=10.0.17763.56
                                     RuntimeFrameworkName=Microsoft.Windows.SDK.NET.Ref
                                     RuntimePackAlwaysCopyLocal=true
                                     RuntimePackNamePatterns=Microsoft.Windows.SDK.NET.Ref
                                     RuntimePackRuntimeIdentifiers=any
                                     TargetFramework=net7.0-windows10.0.17763.0
                                     TargetingPackName=Microsoft.Windows.SDK.NET.Ref
                                     TargetingPackVersion=10.0.17763.56
                             Microsoft.Windows.SDK.NET.Ref
                                     DefaultRuntimeFrameworkVersion=10.0.18362.56
                                     IsWindowsOnly=true
                                     LatestRuntimeFrameworkVersion=10.0.18362.56
                                     RuntimeFrameworkName=Microsoft.Windows.SDK.NET.Ref
                                     RuntimePackAlwaysCopyLocal=true
                                     RuntimePackNamePatterns=Microsoft.Windows.SDK.NET.Ref
                                     RuntimePackRuntimeIdentifiers=any
                                     TargetFramework=net7.0-windows10.0.18362.0
                                     TargetingPackName=Microsoft.Windows.SDK.NET.Ref
                                     TargetingPackVersion=10.0.18362.56
                             Microsoft.Windows.SDK.NET.Ref
                                     DefaultRuntimeFrameworkVersion=10.0.19041.56
                                     IsWindowsOnly=true
                                     LatestRuntimeFrameworkVersion=10.0.19041.56
                                     RuntimeFrameworkName=Microsoft.Windows.SDK.NET.Ref
                                     RuntimePackAlwaysCopyLocal=true
                                     RuntimePackNamePatterns=Microsoft.Windows.SDK.NET.Ref
                                     RuntimePackRuntimeIdentifiers=any
                                     TargetFramework=net7.0-windows10.0.19041.0
                                     TargetingPackName=Microsoft.Windows.SDK.NET.Ref
                                     TargetingPackVersion=10.0.19041.56
                             Microsoft.NETCore.App
                                     DefaultRuntimeFrameworkVersion=6.0.0
                                     LatestRuntimeFrameworkVersion=6.0.36
                                     RuntimeFrameworkName=Microsoft.NETCore.App
                                     RuntimePackNamePatterns=Microsoft.NETCore.App.Runtime.**RID**
                                     RuntimePackRuntimeIdentifiers=linux-arm;linux-arm64;linux-musl-arm64;linux-musl-x64;linux-x64;osx-x64;rhel.6-x64;tizen.4.0.0-armel;tizen.5.0.0-armel;win-arm;win-arm64;win-x64;win-x86;linux-musl-arm;osx-arm64;linux-s390x
                                     TargetFramework=net6.0
                                     TargetingPackName=Microsoft.NETCore.App.Ref
                                     TargetingPackVersion=6.0.36
                             Microsoft.WindowsDesktop.App
                                     DefaultRuntimeFrameworkVersion=6.0.0
                                     IsWindowsOnly=true
                                     LatestRuntimeFrameworkVersion=6.0.36
                                     RuntimeFrameworkName=Microsoft.WindowsDesktop.App
                                     RuntimePackNamePatterns=Microsoft.WindowsDesktop.App.Runtime.**RID**
                                     RuntimePackRuntimeIdentifiers=win-x64;win-x86;win-arm64
                                     TargetFramework=net6.0
                                     TargetingPackName=Microsoft.WindowsDesktop.App.Ref
                                     TargetingPackVersion=6.0.36
                             Microsoft.WindowsDesktop.App.WPF
                                     DefaultRuntimeFrameworkVersion=6.0.0
                                     IsWindowsOnly=true
                                     LatestRuntimeFrameworkVersion=6.0.36
                                     Profile=WPF
                                     RuntimeFrameworkName=Microsoft.WindowsDesktop.App
                                     RuntimePackNamePatterns=Microsoft.WindowsDesktop.App.Runtime.**RID**
                                     RuntimePackRuntimeIdentifiers=win-x64;win-x86;win-arm64
                                     TargetFramework=net6.0
                                     TargetingPackName=Microsoft.WindowsDesktop.App.Ref
                                     TargetingPackVersion=6.0.36
                             Microsoft.WindowsDesktop.App.WindowsForms
                                     DefaultRuntimeFrameworkVersion=6.0.0
                                     IsWindowsOnly=true
                                     LatestRuntimeFrameworkVersion=6.0.36
                                     Profile=WindowsForms
                                     RuntimeFrameworkName=Microsoft.WindowsDesktop.App
                                     RuntimePackNamePatterns=Microsoft.WindowsDesktop.App.Runtime.**RID**
                                     RuntimePackRuntimeIdentifiers=win-x64;win-x86;win-arm64
                                     TargetFramework=net6.0
                                     TargetingPackName=Microsoft.WindowsDesktop.App.Ref
                                     TargetingPackVersion=6.0.36
                             Microsoft.AspNetCore.App
                                     DefaultRuntimeFrameworkVersion=6.0.0
                                     LatestRuntimeFrameworkVersion=6.0.36
                                     RuntimeFrameworkName=Microsoft.AspNetCore.App
                                     RuntimePackNamePatterns=Microsoft.AspNetCore.App.Runtime.**RID**
                                     RuntimePackRuntimeIdentifiers=win-x64;win-x86;win-arm;osx-x64;linux-musl-x64;linux-musl-arm64;linux-x64;linux-arm;linux-arm64;linux-musl-arm;win-arm64;osx-arm64;linux-s390x
                                     TargetFramework=net6.0
                                     TargetingPackName=Microsoft.AspNetCore.App.Ref
                                     TargetingPackVersion=6.0.36
                             Microsoft.Windows.SDK.NET.Ref
                                     DefaultRuntimeFrameworkVersion=10.0.17763.56
                                     IsWindowsOnly=true
                                     LatestRuntimeFrameworkVersion=10.0.17763.56
                                     RuntimeFrameworkName=Microsoft.Windows.SDK.NET.Ref
                                     RuntimePackAlwaysCopyLocal=true
                                     RuntimePackNamePatterns=Microsoft.Windows.SDK.NET.Ref
                                     RuntimePackRuntimeIdentifiers=any
                                     TargetFramework=net6.0-windows10.0.17763.0
                                     TargetingPackName=Microsoft.Windows.SDK.NET.Ref
                                     TargetingPackVersion=10.0.17763.56
                             Microsoft.Windows.SDK.NET.Ref
                                     DefaultRuntimeFrameworkVersion=10.0.18362.56
                                     IsWindowsOnly=true
                                     LatestRuntimeFrameworkVersion=10.0.18362.56
                                     RuntimeFrameworkName=Microsoft.Windows.SDK.NET.Ref
                                     RuntimePackAlwaysCopyLocal=true
                                     RuntimePackNamePatterns=Microsoft.Windows.SDK.NET.Ref
                                     RuntimePackRuntimeIdentifiers=any
                                     TargetFramework=net6.0-windows10.0.18362.0
                                     TargetingPackName=Microsoft.Windows.SDK.NET.Ref
                                     TargetingPackVersion=10.0.18362.56
                             Microsoft.Windows.SDK.NET.Ref
                                     DefaultRuntimeFrameworkVersion=10.0.19041.56
                                     IsWindowsOnly=true
                                     LatestRuntimeFrameworkVersion=10.0.19041.56
                                     RuntimeFrameworkName=Microsoft.Windows.SDK.NET.Ref
                                     RuntimePackAlwaysCopyLocal=true
                                     RuntimePackNamePatterns=Microsoft.Windows.SDK.NET.Ref
                                     RuntimePackRuntimeIdentifiers=any
                                     TargetFramework=net6.0-windows10.0.19041.0
                                     TargetingPackName=Microsoft.Windows.SDK.NET.Ref
                                     TargetingPackVersion=10.0.19041.56
                             Microsoft.NETCore.App
                                     DefaultRuntimeFrameworkVersion=5.0.0
                                     IsTrimmable=true
                                     LatestRuntimeFrameworkVersion=5.0.17
                                     RuntimeFrameworkName=Microsoft.NETCore.App
                                     RuntimePackNamePatterns=Microsoft.NETCore.App.Runtime.**RID**
                                     RuntimePackRuntimeIdentifiers=linux-arm;linux-arm64;linux-musl-arm64;linux-musl-x64;linux-x64;osx-x64;rhel.6-x64;tizen.4.0.0-armel;tizen.5.0.0-armel;win-arm;win-arm64;win-x64;win-x86;linux-musl-arm;browser-wasm
                                     TargetFramework=net5.0
                                     TargetingPackName=Microsoft.NETCore.App.Ref
                                     TargetingPackVersion=5.0.0
                             Microsoft.WindowsDesktop.App
                                     DefaultRuntimeFrameworkVersion=5.0.0
                                     IsWindowsOnly=true
                                     LatestRuntimeFrameworkVersion=5.0.17
                                     RuntimeFrameworkName=Microsoft.WindowsDesktop.App
                                     RuntimePackNamePatterns=Microsoft.WindowsDesktop.App.Runtime.**RID**
                                     RuntimePackRuntimeIdentifiers=win-x64;win-x86;win-arm64
                                     TargetFramework=net5.0
                                     TargetingPackName=Microsoft.WindowsDesktop.App.Ref
                                     TargetingPackVersion=5.0.0
                             Microsoft.WindowsDesktop.App.WPF
                                     DefaultRuntimeFrameworkVersion=5.0.0
                                     IsWindowsOnly=true
                                     LatestRuntimeFrameworkVersion=5.0.17
                                     Profile=WPF
                                     RuntimeFrameworkName=Microsoft.WindowsDesktop.App
                                     RuntimePackNamePatterns=Microsoft.WindowsDesktop.App.Runtime.**RID**
                                     RuntimePackRuntimeIdentifiers=win-x64;win-x86;win-arm64
                                     TargetFramework=net5.0
                                     TargetingPackName=Microsoft.WindowsDesktop.App.Ref
                                     TargetingPackVersion=5.0.0
                             Microsoft.WindowsDesktop.App.WindowsForms
                                     DefaultRuntimeFrameworkVersion=5.0.0
                                     IsWindowsOnly=true
                                     LatestRuntimeFrameworkVersion=5.0.17
                                     Profile=WindowsForms
                                     RuntimeFrameworkName=Microsoft.WindowsDesktop.App
                                     RuntimePackNamePatterns=Microsoft.WindowsDesktop.App.Runtime.**RID**
                                     RuntimePackRuntimeIdentifiers=win-x64;win-x86;win-arm64
                                     TargetFramework=net5.0
                                     TargetingPackName=Microsoft.WindowsDesktop.App.Ref
                                     TargetingPackVersion=5.0.0
                             Microsoft.AspNetCore.App
                                     DefaultRuntimeFrameworkVersion=5.0.0
                                     LatestRuntimeFrameworkVersion=5.0.17
                                     RuntimeFrameworkName=Microsoft.AspNetCore.App
                                     RuntimePackNamePatterns=Microsoft.AspNetCore.App.Runtime.**RID**
                                     RuntimePackRuntimeIdentifiers=win-x64;win-x86;win-arm;osx-x64;linux-musl-x64;linux-musl-arm64;linux-x64;linux-arm;linux-arm64;linux-musl-arm;win-arm64
                                     TargetFramework=net5.0
                                     TargetingPackName=Microsoft.AspNetCore.App.Ref
                                     TargetingPackVersion=5.0.0
                             Microsoft.Windows.SDK.NET.Ref
                                     DefaultRuntimeFrameworkVersion=10.0.17763.56
                                     IsWindowsOnly=true
                                     LatestRuntimeFrameworkVersion=10.0.17763.56
                                     RuntimeFrameworkName=Microsoft.Windows.SDK.NET.Ref
                                     RuntimePackAlwaysCopyLocal=true
                                     RuntimePackNamePatterns=Microsoft.Windows.SDK.NET.Ref
                                     RuntimePackRuntimeIdentifiers=any
                                     TargetFramework=net5.0-windows10.0.17763.0
                                     TargetingPackName=Microsoft.Windows.SDK.NET.Ref
                                     TargetingPackVersion=10.0.17763.56
                             Microsoft.Windows.SDK.NET.Ref
                                     DefaultRuntimeFrameworkVersion=10.0.18362.56
                                     IsWindowsOnly=true
                                     LatestRuntimeFrameworkVersion=10.0.18362.56
                                     RuntimeFrameworkName=Microsoft.Windows.SDK.NET.Ref
                                     RuntimePackAlwaysCopyLocal=true
                                     RuntimePackNamePatterns=Microsoft.Windows.SDK.NET.Ref
                                     RuntimePackRuntimeIdentifiers=any
                                     TargetFramework=net5.0-windows10.0.18362.0
                                     TargetingPackName=Microsoft.Windows.SDK.NET.Ref
                                     TargetingPackVersion=10.0.18362.56
                             Microsoft.Windows.SDK.NET.Ref
                                     DefaultRuntimeFrameworkVersion=10.0.19041.56
                                     IsWindowsOnly=true
                                     LatestRuntimeFrameworkVersion=10.0.19041.56
                                     RuntimeFrameworkName=Microsoft.Windows.SDK.NET.Ref
                                     RuntimePackAlwaysCopyLocal=true
                                     RuntimePackNamePatterns=Microsoft.Windows.SDK.NET.Ref
                                     RuntimePackRuntimeIdentifiers=any
                                     TargetFramework=net5.0-windows10.0.19041.0
                                     TargetingPackName=Microsoft.Windows.SDK.NET.Ref
                                     TargetingPackVersion=10.0.19041.56
                             Microsoft.NETCore.App
                                     DefaultRuntimeFrameworkVersion=3.1.0
                                     IsTrimmable=true
                                     LatestRuntimeFrameworkVersion=3.1.32
                                     RuntimeFrameworkName=Microsoft.NETCore.App
                                     RuntimePackNamePatterns=Microsoft.NETCore.App.Runtime.**RID**
                                     RuntimePackRuntimeIdentifiers=linux-arm;linux-arm64;linux-musl-arm64;linux-musl-x64;linux-x64;osx-x64;rhel.6-x64;tizen.4.0.0-armel;tizen.5.0.0-armel;win-arm;win-arm64;win-x64;win-x86
                                     TargetFramework=netcoreapp3.1
                                     TargetingPackName=Microsoft.NETCore.App.Ref
                                     TargetingPackVersion=3.1.0
                             Microsoft.WindowsDesktop.App
                                     DefaultRuntimeFrameworkVersion=3.1.0
                                     IsWindowsOnly=true
                                     LatestRuntimeFrameworkVersion=3.1.32
                                     RuntimeFrameworkName=Microsoft.WindowsDesktop.App
                                     RuntimePackNamePatterns=Microsoft.WindowsDesktop.App.Runtime.**RID**
                                     RuntimePackRuntimeIdentifiers=win-x64;win-x86
                                     TargetFramework=netcoreapp3.1
                                     TargetingPackName=Microsoft.WindowsDesktop.App.Ref
                                     TargetingPackVersion=3.1.0
                             Microsoft.WindowsDesktop.App.WPF
                                     DefaultRuntimeFrameworkVersion=3.1.0
                                     IsWindowsOnly=true
                                     LatestRuntimeFrameworkVersion=3.1.32
                                     Profile=WPF
                                     RuntimeFrameworkName=Microsoft.WindowsDesktop.App
                                     RuntimePackNamePatterns=Microsoft.WindowsDesktop.App.Runtime.**RID**
                                     RuntimePackRuntimeIdentifiers=win-x64;win-x86
                                     TargetFramework=netcoreapp3.1
                                     TargetingPackName=Microsoft.WindowsDesktop.App.Ref
                                     TargetingPackVersion=3.1.0
                             Microsoft.WindowsDesktop.App.WindowsForms
                                     DefaultRuntimeFrameworkVersion=3.1.0
                                     IsWindowsOnly=true
                                     LatestRuntimeFrameworkVersion=3.1.32
                                     Profile=WindowsForms
                                     RuntimeFrameworkName=Microsoft.WindowsDesktop.App
                                     RuntimePackNamePatterns=Microsoft.WindowsDesktop.App.Runtime.**RID**
                                     RuntimePackRuntimeIdentifiers=win-x64;win-x86
                                     TargetFramework=netcoreapp3.1
                                     TargetingPackName=Microsoft.WindowsDesktop.App.Ref
                                     TargetingPackVersion=3.1.0
                             Microsoft.AspNetCore.App
                                     DefaultRuntimeFrameworkVersion=3.1.0
                                     LatestRuntimeFrameworkVersion=3.1.32
                                     RuntimeFrameworkName=Microsoft.AspNetCore.App
                                     RuntimePackNamePatterns=Microsoft.AspNetCore.App.Runtime.**RID**
                                     RuntimePackRuntimeIdentifiers=win-x64;win-x86;win-arm;osx-x64;linux-musl-x64;linux-musl-arm64;linux-x64;linux-arm;linux-arm64
                                     TargetFramework=netcoreapp3.1
                                     TargetingPackName=Microsoft.AspNetCore.App.Ref
                                     TargetingPackVersion=3.1.10
                             Microsoft.NETCore.App
                                     DefaultRuntimeFrameworkVersion=3.0.0
                                     IsTrimmable=true
                                     LatestRuntimeFrameworkVersion=3.0.3
                                     RuntimeFrameworkName=Microsoft.NETCore.App
                                     RuntimePackNamePatterns=Microsoft.NETCore.App.Runtime.**RID**
                                     RuntimePackRuntimeIdentifiers=linux-arm;linux-arm64;linux-musl-arm64;linux-musl-x64;linux-x64;osx-x64;rhel.6-x64;tizen.4.0.0-armel;tizen.5.0.0-armel;win-arm;win-arm64;win-x64;win-x86
                                     TargetFramework=netcoreapp3.0
                                     TargetingPackName=Microsoft.NETCore.App.Ref
                                     TargetingPackVersion=3.0.0
                             Microsoft.WindowsDesktop.App
                                     DefaultRuntimeFrameworkVersion=3.0.0
                                     IsWindowsOnly=true
                                     LatestRuntimeFrameworkVersion=3.0.3
                                     RuntimeFrameworkName=Microsoft.WindowsDesktop.App
                                     RuntimePackNamePatterns=Microsoft.WindowsDesktop.App.Runtime.**RID**
                                     RuntimePackRuntimeIdentifiers=win-x64;win-x86
                                     TargetFramework=netcoreapp3.0
                                     TargetingPackName=Microsoft.WindowsDesktop.App.Ref
                                     TargetingPackVersion=3.0.0
                             Microsoft.WindowsDesktop.App.WPF
                                     DefaultRuntimeFrameworkVersion=3.0.0
                                     IsWindowsOnly=true
                                     LatestRuntimeFrameworkVersion=3.0.3
                                     Profile=WPF
                                     RuntimeFrameworkName=Microsoft.WindowsDesktop.App
                                     RuntimePackNamePatterns=Microsoft.WindowsDesktop.App.Runtime.**RID**
                                     RuntimePackRuntimeIdentifiers=win-x64;win-x86
                                     TargetFramework=netcoreapp3.0
                                     TargetingPackName=Microsoft.WindowsDesktop.App.Ref
                                     TargetingPackVersion=3.0.0
                             Microsoft.WindowsDesktop.App.WindowsForms
                                     DefaultRuntimeFrameworkVersion=3.0.0
                                     IsWindowsOnly=true
                                     LatestRuntimeFrameworkVersion=3.0.3
                                     Profile=WindowsForms
                                     RuntimeFrameworkName=Microsoft.WindowsDesktop.App
                                     RuntimePackNamePatterns=Microsoft.WindowsDesktop.App.Runtime.**RID**
                                     RuntimePackRuntimeIdentifiers=win-x64;win-x86
                                     TargetFramework=netcoreapp3.0
                                     TargetingPackName=Microsoft.WindowsDesktop.App.Ref
                                     TargetingPackVersion=3.0.0
                             Microsoft.AspNetCore.App
                                     DefaultRuntimeFrameworkVersion=3.0.0
                                     LatestRuntimeFrameworkVersion=3.0.3
                                     RuntimeFrameworkName=Microsoft.AspNetCore.App
                                     RuntimePackNamePatterns=Microsoft.AspNetCore.App.Runtime.**RID**
                                     RuntimePackRuntimeIdentifiers=win-x64;win-x86;win-arm;osx-x64;linux-musl-x64;linux-musl-arm64;linux-x64;linux-arm;linux-arm64
                                     TargetFramework=netcoreapp3.0
                                     TargetingPackName=Microsoft.AspNetCore.App.Ref
                                     TargetingPackVersion=3.0.1
                             NETStandard.Library
                                     TargetFramework=netstandard2.1
                                     TargetingPackName=NETStandard.Library.Ref
                                     TargetingPackVersion=2.1.0 (TaskId:8)
                     Task Parameter:TargetFrameworkVersion=8.0 (TaskId:8)
                     Task Parameter:
                         KnownILLinkPacks=
                             Microsoft.NET.ILLink.Tasks
                                     ILLinkPackVersion=8.0.21
                                     TargetFramework=net8.0
                             Microsoft.NET.ILLink.Tasks
                                     ILLinkPackVersion=7.0.100-1.23211.1
                                     TargetFramework=net7.0
                             Microsoft.NET.ILLink.Tasks
                                     ILLinkPackVersion=7.0.100-1.23211.1
                                     TargetFramework=net6.0
                             Microsoft.NET.ILLink.Tasks
                                     ILLinkPackVersion=7.0.100-1.23211.1
                                     TargetFramework=net5.0
                             Microsoft.NET.ILLink.Tasks
                                     ILLinkPackVersion=7.0.100-1.23211.1
                                     TargetFramework=netcoreapp3.1
                             Microsoft.NET.ILLink.Tasks
                                     ILLinkPackVersion=7.0.100-1.23211.1
                                     TargetFramework=netcoreapp3.0 (TaskId:8)
                     Output Item(s): 
                         RuntimeFramework=
                             Microsoft.NETCore.App
                                     FrameworkName=Microsoft.NETCore.App
                                     Version=8.0.0
                             Microsoft.AspNetCore.App
                                     FrameworkName=Microsoft.AspNetCore.App
                                     Version=8.0.0 (TaskId:8)
                     Output Item(s): 
                         TargetingPack=
                             Microsoft.NETCore.App
                                     NuGetPackageId=Microsoft.NETCore.App.Ref
                                     NuGetPackageVersion=8.0.21
                                     PackageConflictPreferredPackages=Microsoft.NETCore.App.Ref;Microsoft.NETCore.App.Runtime.linux-arm;Microsoft.NETCore.App.Runtime.linux-arm64;Microsoft.NETCore.App.Runtime.linux-musl-arm64;Microsoft.NETCore.App.Runtime.linux-musl-x64;Microsoft.NETCore.App.Runtime.linux-x64;Microsoft.NETCore.App.Runtime.osx-x64;Microsoft.NETCore.App.Runtime.rhel.6-x64;Microsoft.NETCore.App.Runtime.tizen.4.0.0-armel;Microsoft.NETCore.App.Runtime.tizen.5.0.0-armel;Microsoft.NETCore.App.Runtime.win-arm64;Microsoft.NETCore.App.Runtime.win-x64;Microsoft.NETCore.App.Runtime.win-x86;Microsoft.NETCore.App.Runtime.linux-musl-arm;Microsoft.NETCore.App.Runtime.osx-arm64;Microsoft.NETCore.App.Runtime.linux-s390x;Microsoft.NETCore.App.Runtime.linux-bionic-arm;Microsoft.NETCore.App.Runtime.linux-bionic-arm64;Microsoft.NETCore.App.Runtime.linux-bionic-x64;Microsoft.NETCore.App.Runtime.linux-bionic-x86;Microsoft.NETCore.App.Runtime.linux-ppc64le;Microsoft.NETCore.App.Runtime.ubuntu.24.04-x64
                                     PackageDirectory=/usr/lib/dotnet/packs/Microsoft.NETCore.App.Ref/8.0.21
                                     Path=/usr/lib/dotnet/packs/Microsoft.NETCore.App.Ref/8.0.21
                                     RuntimeFrameworkName=Microsoft.NETCore.App
                                     RuntimePackRuntimeIdentifiers=linux-arm;linux-arm64;linux-musl-arm64;linux-musl-x64;linux-x64;osx-x64;rhel.6-x64;tizen.4.0.0-armel;tizen.5.0.0-armel;win-arm64;win-x64;win-x86;linux-musl-arm;osx-arm64;linux-s390x;linux-bionic-arm;linux-bionic-arm64;linux-bionic-x64;linux-bionic-x86;linux-ppc64le;ubuntu.24.04-x64
                                     TargetFramework=net8.0
                                     TargetingPackFormat=
                             Microsoft.AspNetCore.App
                                     NuGetPackageId=Microsoft.AspNetCore.App.Ref
                                     NuGetPackageVersion=8.0.21
                                     PackageConflictPreferredPackages=Microsoft.AspNetCore.App.Ref;Microsoft.AspNetCore.App.Runtime.ubuntu.24.04-x64;Microsoft.AspNetCore.App.Runtime.win-x64;Microsoft.AspNetCore.App.Runtime.win-x86;Microsoft.AspNetCore.App.Runtime.win-arm;Microsoft.AspNetCore.App.Runtime.osx-x64;Microsoft.AspNetCore.App.Runtime.linux-musl-x64;Microsoft.AspNetCore.App.Runtime.linux-musl-arm64;Microsoft.AspNetCore.App.Runtime.linux-x64;Microsoft.AspNetCore.App.Runtime.linux-arm;Microsoft.AspNetCore.App.Runtime.linux-arm64;Microsoft.AspNetCore.App.Runtime.linux-musl-arm;Microsoft.AspNetCore.App.Runtime.win-arm64;Microsoft.AspNetCore.App.Runtime.osx-arm64;Microsoft.AspNetCore.App.Runtime.linux-s390x;Microsoft.AspNetCore.App.Runtime.linux-ppc64le
                                     PackageDirectory=/usr/lib/dotnet/packs/Microsoft.AspNetCore.App.Ref/8.0.21
                                     Path=/usr/lib/dotnet/packs/Microsoft.AspNetCore.App.Ref/8.0.21
                                     RuntimeFrameworkName=Microsoft.AspNetCore.App
                                     RuntimePackRuntimeIdentifiers=ubuntu.24.04-x64;win-x64;win-x86;win-arm;osx-x64;linux-musl-x64;linux-musl-arm64;linux-x64;linux-arm;linux-arm64;linux-musl-arm;win-arm64;osx-arm64;linux-s390x;linux-ppc64le
                                     TargetFramework=net8.0
                                     TargetingPackFormat= (TaskId:8)
                     Output Item(s): 
                         _KnownRuntimeIdentifierPlatformsForTargetFramework=
                             linux
                             linux-musl
                             osx
                             rhel.6
                             tizen.4.0.0
                             tizen.5.0.0
                             win
                             linux-bionic
                             ubuntu.24.04
                             ios
                             iossimulator
                             tvos
                             tvossimulator
                             maccatalyst
                             browser
                             android (TaskId:8)
                   Done executing task "ProcessFrameworkReferences". (TaskId:8)
                   Set Property: AppHostRuntimeIdentifier=
                   Set Property: AppHostRuntimeIdentifier=ubuntu.24.04-x64
                   Using "ResolveAppHosts" task from assembly "/usr/lib/dotnet/sdk/8.0.121/Sdks/Microsoft.NET.Sdk/targets/../tools/net8.0/Microsoft.NET.Build.Tasks.dll".
                   Task "ResolveAppHosts" (TaskId:9)
                     Task Parameter:
                         KnownAppHostPacks=
                             Microsoft.NETCore.App
                                     AppHostPackNamePattern=Microsoft.NETCore.App.Host.**RID**
                                     AppHostPackVersion=8.0.21
                                     AppHostRuntimeIdentifiers=linux-arm;linux-arm64;linux-musl-arm64;linux-musl-x64;linux-x64;osx-x64;rhel.6-x64;tizen.4.0.0-armel;tizen.5.0.0-armel;win-arm64;win-x64;win-x86;linux-musl-arm;osx-arm64;linux-s390x;linux-bionic-arm;linux-bionic-arm64;linux-bionic-x64;linux-bionic-x86;linux-ppc64le;ubuntu.24.04-x64
                                     ExcludedRuntimeIdentifiers=android
                                     TargetFramework=net8.0
                             Microsoft.NETCore.App
                                     AppHostPackNamePattern=Microsoft.NETCore.App.Host.**RID**
                                     AppHostPackVersion=7.0.20
                                     AppHostRuntimeIdentifiers=linux-arm;linux-arm64;linux-musl-arm64;linux-musl-x64;linux-x64;osx-x64;rhel.6-x64;tizen.4.0.0-armel;tizen.5.0.0-armel;win-arm;win-arm64;win-x64;win-x86;linux-musl-arm;osx-arm64;linux-s390x;linux-bionic-arm;linux-bionic-arm64;linux-bionic-x64;linux-bionic-x86;linux-ppc64le
                                     ExcludedRuntimeIdentifiers=android
                                     TargetFramework=net7.0
                             Microsoft.NETCore.App
                                     AppHostPackNamePattern=Microsoft.NETCore.App.Host.**RID**
                                     AppHostPackVersion=6.0.36
                                     AppHostRuntimeIdentifiers=linux-arm;linux-arm64;linux-musl-arm64;linux-musl-x64;linux-x64;osx-x64;rhel.6-x64;tizen.4.0.0-armel;tizen.5.0.0-armel;win-arm;win-arm64;win-x64;win-x86;linux-musl-arm;osx-arm64;linux-s390x
                                     ExcludedRuntimeIdentifiers=android
                                     TargetFramework=net6.0
                             Microsoft.NETCore.App
                                     AppHostPackNamePattern=Microsoft.NETCore.App.Host.**RID**
                                     AppHostPackVersion=5.0.17
                                     AppHostRuntimeIdentifiers=linux-arm;linux-arm64;linux-musl-arm64;linux-musl-x64;linux-x64;osx-x64;rhel.6-x64;tizen.4.0.0-armel;tizen.5.0.0-armel;win-arm;win-arm64;win-x64;win-x86;linux-musl-arm
                                     TargetFramework=net5.0
                             Microsoft.NETCore.App
                                     AppHostPackNamePattern=Microsoft.NETCore.App.Host.**RID**
                                     AppHostPackVersion=3.1.32
                                     AppHostRuntimeIdentifiers=linux-arm;linux-arm64;linux-musl-arm64;linux-musl-x64;linux-x64;osx-x64;rhel.6-x64;tizen.4.0.0-armel;tizen.5.0.0-armel;win-arm;win-arm64;win-x64;win-x86
                                     TargetFramework=netcoreapp3.1
                             Microsoft.NETCore.App
                                     AppHostPackNamePattern=Microsoft.NETCore.App.Host.**RID**
                                     AppHostPackVersion=3.0.3
                                     AppHostRuntimeIdentifiers=linux-arm;linux-arm64;linux-musl-arm64;linux-musl-x64;linux-x64;osx-x64;rhel.6-x64;tizen.4.0.0-armel;tizen.5.0.0-armel;win-arm;win-arm64;win-x64;win-x86
                                     TargetFramework=netcoreapp3.0 (TaskId:9)
                     Task Parameter:DotNetSingleFileHostExecutableNameWithoutExtension=singlefilehost (TaskId:9)
                     Task Parameter:AppHostRuntimeIdentifier=ubuntu.24.04-x64 (TaskId:9)
                     Task Parameter:NetCoreTargetingPackRoot=/usr/lib/dotnet/packs (TaskId:9)
                     Task Parameter:RuntimeGraphPath=/usr/lib/dotnet/sdk/8.0.121/PortableRuntimeIdentifierGraph.json (TaskId:9)
                     Task Parameter:DotNetAppHostExecutableNameWithoutExtension=apphost (TaskId:9)
                     Task Parameter:TargetingPackRoot=/usr/lib/dotnet/packs (TaskId:9)
                     Task Parameter:TargetFrameworkIdentifier=.NETCoreApp (TaskId:9)
                     Task Parameter:DotNetComHostLibraryNameWithoutExtension=comhost (TaskId:9)
                     Task Parameter:TargetFrameworkVersion=8.0 (TaskId:9)
                     Task Parameter:DotNetIjwHostLibraryNameWithoutExtension=Ijwhost (TaskId:9)
                     Output Item(s): 
                         AppHostPack=
                             AppHost
                                     PackageDirectory=/usr/lib/dotnet/packs/Microsoft.NETCore.App.Host.ubuntu.24.04-x64/8.0.21
                                     Path=/usr/lib/dotnet/packs/Microsoft.NETCore.App.Host.ubuntu.24.04-x64/8.0.21/runtimes/ubuntu.24.04-x64/native/apphost
                                     PathInPackage=runtimes/ubuntu.24.04-x64/native/apphost
                                     RuntimeIdentifier=ubuntu.24.04-x64 (TaskId:9)
                     Output Item(s): 
                         SingleFileHostPack=
                             SingleFileHost
                                     PackageDirectory=/usr/lib/dotnet/packs/Microsoft.NETCore.App.Host.ubuntu.24.04-x64/8.0.21
                                     Path=/usr/lib/dotnet/packs/Microsoft.NETCore.App.Host.ubuntu.24.04-x64/8.0.21/runtimes/ubuntu.24.04-x64/native/singlefilehost
                                     PathInPackage=runtimes/ubuntu.24.04-x64/native/singlefilehost
                                     RuntimeIdentifier=ubuntu.24.04-x64 (TaskId:9)
                     Output Item(s): 
                         ComHostPack=
                             ComHost
                                     PackageDirectory=/usr/lib/dotnet/packs/Microsoft.NETCore.App.Host.ubuntu.24.04-x64/8.0.21
                                     Path=/usr/lib/dotnet/packs/Microsoft.NETCore.App.Host.ubuntu.24.04-x64/8.0.21/runtimes/ubuntu.24.04-x64/native/comhost.dll
                                     PathInPackage=runtimes/ubuntu.24.04-x64/native/comhost.dll
                                     RuntimeIdentifier=ubuntu.24.04-x64 (TaskId:9)
                     Output Item(s): 
                         IjwHostPack=
                             IjwHost
                                     PackageDirectory=/usr/lib/dotnet/packs/Microsoft.NETCore.App.Host.ubuntu.24.04-x64/8.0.21
                                     Path=/usr/lib/dotnet/packs/Microsoft.NETCore.App.Host.ubuntu.24.04-x64/8.0.21/runtimes/ubuntu.24.04-x64/native/Ijwhost.dll
                                     PathInPackage=runtimes/ubuntu.24.04-x64/native/Ijwhost.dll
                                     RuntimeIdentifier=ubuntu.24.04-x64 (TaskId:9)
                   Done executing task "ResolveAppHosts". (TaskId:9)
                   Set Property: UsePackageDownload=true
                   Set Property: UsePackageDownload=true
20:21:26.406     1>Done building target "ProcessFrameworkReferences" in project "SampleOnionApp.McpServer.csproj".: (TargetId:16)
                   Target "IncludeTargetingPackReference" skipped, due to false condition; ('$(TargetFrameworkMoniker)' != '' and '$(TargetFrameworkIdentifier)' == '.NETFramework' and '$(AutomaticallyUseReferenceAssemblyPackages)' == 'true') was evaluated as ('.NETCoreApp,Version=v8.0' != '' and '.NETCoreApp' == '.NETFramework' and 'true' == 'true').
20:21:26.406     1>Target "_AddMicrosoftNetCompilerToolsetFrameworkPackage: (TargetId:17)" in file "/usr/lib/dotnet/sdk/8.0.121/Sdks/Microsoft.NET.Sdk/targets/Microsoft.NET.Sdk.targets" from project "/home/home/Desktop/codex-test/src/SampleOnionApp.McpServer/SampleOnionApp.McpServer.csproj" (target "CollectPackageReferences" depends on it):
                   Task "NETSdkWarning" skipped, due to false condition; ('@(PackageReference->AnyHaveMetadataValue('Identity', 'Microsoft.Net.Compilers.Toolset.Framework'))' == 'true') was evaluated as ('false' == 'true').
20:21:26.407     1>Done building target "_AddMicrosoftNetCompilerToolsetFrameworkPackage" in project "SampleOnionApp.McpServer.csproj".: (TargetId:17)
20:21:26.407     1>Target "_CheckForObsoleteDotNetCliToolReferences: (TargetId:18)" in file "/usr/lib/dotnet/sdk/8.0.121/Sdks/Microsoft.NET.Sdk/targets/Microsoft.NET.ObsoleteReferences.targets" from project "/home/home/Desktop/codex-test/src/SampleOnionApp.McpServer/SampleOnionApp.McpServer.csproj" (target "CollectPackageReferences" depends on it):
                   Task "NETSdkWarning" skipped, due to false condition; ( '%(_ReferenceToObsoleteDotNetCliTool.Identity)' != '' ) was evaluated as ( '' != '' ).
20:21:26.407     1>Done building target "_CheckForObsoleteDotNetCliToolReferences" in project "SampleOnionApp.McpServer.csproj".: (TargetId:18)
20:21:26.407     1>Target "CollectPackageReferences: (TargetId:19)" in file "/usr/lib/dotnet/sdk/8.0.121/NuGet.targets" from project "/home/home/Desktop/codex-test/src/SampleOnionApp.McpServer/SampleOnionApp.McpServer.csproj" (target "_GetRestoreProjectStyle" depends on it):
                   Set Property: CollectPackageReferencesContinueOnError=false
                   Assembly loaded during TaskRun: NuGet.Build.Tasks, Version=6.8.1.32767, Culture=neutral, PublicKeyToken=31bf3856ad364e35 (location: /usr/lib/dotnet/sdk/8.0.121/NuGet.Build.Tasks.dll, MVID: be343005-c684-4604-bcb7-c07103a61aff, AppDomain: [Default])
                   Assembly loaded during TaskRun: NuGet.Common, Version=6.8.1.32767, Culture=neutral, PublicKeyToken=31bf3856ad364e35 (location: /usr/lib/dotnet/sdk/8.0.121/NuGet.Common.dll, MVID: 19bc2b51-dc92-4a8a-9bcc-7b9b7bfba1eb, AppDomain: [Default])
                   Assembly loaded during TaskRun: NuGet.Commands, Version=6.8.1.32767, Culture=neutral, PublicKeyToken=31bf3856ad364e35 (location: /usr/lib/dotnet/sdk/8.0.121/NuGet.Commands.dll, MVID: c561c593-1862-4b51-b584-ab109ed250a9, AppDomain: [Default])
                   Assembly loaded during TaskRun: NuGet.ProjectModel, Version=6.8.1.32767, Culture=neutral, PublicKeyToken=31bf3856ad364e35 (location: /usr/lib/dotnet/sdk/8.0.121/NuGet.ProjectModel.dll, MVID: 18d8fe7e-95c4-420d-b93a-849a10c338ac, AppDomain: [Default])
                   Using "CheckForDuplicateNuGetItemsTask" task from assembly "/usr/lib/dotnet/sdk/8.0.121/NuGet.Build.Tasks.dll".
                   Task "CheckForDuplicateNuGetItemsTask" (TaskId:10)
                     Task Parameter:WarningsAsErrors=;NU1605;SYSLIB0011 (TaskId:10)
                     Task Parameter:
                         Items=
                             Microsoft.Extensions.Hosting
                                     Version=8.0.0
                             ModelContextProtocol
                                     Version=0.4.0-preview.3 (TaskId:10)
                     Task Parameter:MSBuildProjectFullPath=/home/home/Desktop/codex-test/src/SampleOnionApp.McpServer/SampleOnionApp.McpServer.csproj (TaskId:10)
                     Task Parameter:NoWarn=1701;1702 (TaskId:10)
                     Task Parameter:LogCode=NU1504 (TaskId:10)
                     Task Parameter:TreatWarningsAsErrors=false (TaskId:10)
                     Task Parameter:ItemName=PackageReference (TaskId:10)
                   Done executing task "CheckForDuplicateNuGetItemsTask". (TaskId:10)
20:21:26.416     1>Done building target "CollectPackageReferences" in project "SampleOnionApp.McpServer.csproj".: (TargetId:19)
20:21:26.416     1>Target "_GetRestoreProjectStyle: (TargetId:20)" in file "/usr/lib/dotnet/sdk/8.0.121/NuGet.targets" from project "/home/home/Desktop/codex-test/src/SampleOnionApp.McpServer/SampleOnionApp.McpServer.csproj" (target "EnableIntermediateOutputPathMismatchWarning" depends on it):
                   Set Property: _HasPackageReferenceItems=true
                   Using "GetRestoreProjectStyleTask" task from assembly "/usr/lib/dotnet/sdk/8.0.121/NuGet.Build.Tasks.dll".
                   Task "GetRestoreProjectStyleTask" (TaskId:11)
                     Task Parameter:MSBuildProjectDirectory=/home/home/Desktop/codex-test/src/SampleOnionApp.McpServer (TaskId:11)
                     Task Parameter:RestoreProjectStyle=PackageReference (TaskId:11)
                     Task Parameter:MSBuildProjectName=SampleOnionApp.McpServer (TaskId:11)
                     Task Parameter:HasPackageReferenceItems=True (TaskId:11)
                     (in) HasPackageReferenceItems 'True' (TaskId:11)
                     (in) MSBuildProjectDirectory '/home/home/Desktop/codex-test/src/SampleOnionApp.McpServer' (TaskId:11)
                     (in) MSBuildProjectName 'SampleOnionApp.McpServer' (TaskId:11)
                     (in) ProjectJsonPath '' (TaskId:11)
                     (in) RestoreProjectStyle 'PackageReference' (TaskId:11)
                     (out) IsPackageReferenceCompatibleProjectStyle 'True' (TaskId:11)
                     (out) ProjectStyle 'PackageReference' (TaskId:11)
                     Output Property: RestoreProjectStyle=PackageReference (TaskId:11)
                     Output Property: PackageReferenceCompatibleProjectStyle=True (TaskId:11)
                   Done executing task "GetRestoreProjectStyleTask". (TaskId:11)
                   Set Property: _HasPackageReferenceItems=
20:21:26.423     1>Done building target "_GetRestoreProjectStyle" in project "SampleOnionApp.McpServer.csproj".: (TargetId:20)
20:21:26.423     1>Target "EnableIntermediateOutputPathMismatchWarning: (TargetId:21)" in file "/usr/lib/dotnet/sdk/8.0.121/NuGet.targets" from project "/home/home/Desktop/codex-test/src/SampleOnionApp.McpServer/SampleOnionApp.McpServer.csproj" (target "_CheckForInvalidConfigurationAndPlatform" depends on it):
                   Set Property: EnableBaseIntermediateOutputPathMismatchWarning=true
20:21:26.423     1>Done building target "EnableIntermediateOutputPathMismatchWarning" in project "SampleOnionApp.McpServer.csproj".: (TargetId:21)
                   Target "ApplyImplicitVersions" skipped. Previously built successfully.
                   Target "CheckForImplicitPackageReferenceOverrides" skipped. Previously built successfully.
20:21:26.423     1>Target "CheckForDuplicateItems: (TargetId:22)" in file "/usr/lib/dotnet/sdk/8.0.121/Sdks/Microsoft.NET.Sdk/targets/Microsoft.NET.Sdk.DefaultItems.Shared.targets" from project "/home/home/Desktop/codex-test/src/SampleOnionApp.McpServer/SampleOnionApp.McpServer.csproj" (target "_CheckForInvalidConfigurationAndPlatform" depends on it):
                   Set Property: DefaultItemsMoreInformationLink=https://aka.ms/sdkimplicititems
                   Using "CheckForDuplicateItems" task from assembly "/usr/lib/dotnet/sdk/8.0.121/Sdks/Microsoft.NET.Sdk/targets/../tools/net8.0/Microsoft.NET.Build.Tasks.dll".
                   Task "CheckForDuplicateItems" (TaskId:12)
                     Task Parameter:PropertyNameToDisableDefaultItems=EnableDefaultCompileItems (TaskId:12)
                     Task Parameter:Items=Program.cs (TaskId:12)
                     Task Parameter:DefaultItemsEnabled=True (TaskId:12)
                     Task Parameter:MoreInformationLink=https://aka.ms/sdkimplicititems (TaskId:12)
                     Task Parameter:DefaultItemsOfThisTypeEnabled=True (TaskId:12)
                     Task Parameter:ItemName=Compile (TaskId:12)
                   Done executing task "CheckForDuplicateItems". (TaskId:12)
                   Task "CheckForDuplicateItems" (TaskId:13)
                     Task Parameter:PropertyNameToDisableDefaultItems=EnableDefaultEmbeddedResourceItems (TaskId:13)
                     Task Parameter:DefaultItemsEnabled=True (TaskId:13)
                     Task Parameter:MoreInformationLink=https://aka.ms/sdkimplicititems (TaskId:13)
                     Task Parameter:DefaultItemsOfThisTypeEnabled=True (TaskId:13)
                     Task Parameter:ItemName=EmbeddedResource (TaskId:13)
                   Done executing task "CheckForDuplicateItems". (TaskId:13)
                   Task "CheckForDuplicateItems" (TaskId:14)
                     Task Parameter:PropertyNameToDisableDefaultItems=EnableDefaultContentItems (TaskId:14)
                     Task Parameter:DefaultItemsEnabled=True (TaskId:14)
                     Task Parameter:MoreInformationLink=https://aka.ms/sdkimplicititems (TaskId:14)
                     Task Parameter:ItemName=Content (TaskId:14)
                   Done executing task "CheckForDuplicateItems". (TaskId:14)
20:21:26.425     1>Done building target "CheckForDuplicateItems" in project "SampleOnionApp.McpServer.csproj".: (TargetId:22)
                   Target "WarnForExplicitVersions" skipped, due to false condition; ('@(SdkBuildWarning)' != '') was evaluated as ('' != '').
                   Target "_CheckForFailedSDKResolution" skipped, due to false condition; ('$(SdkResolverHonoredGlobalJson)' == 'false') was evaluated as ('' == 'false').
                   Target "_WarnWhenUsingNET8AndVSPriorTo178" skipped, due to false condition; ($([MSBuild]::VersionLessThan($(MSBuildVersion), '17.8.0')) and '$(TargetFrameworkIdentifier)' == '.NETCoreApp' and $([MSBuild]::VersionGreaterThanOrEquals($(_TargetFrameworkVersionWithoutV), '8.0'))) was evaluated as (False and '.NETCoreApp' == '.NETCoreApp' and True).
                   Target "_CheckForInvalidWindowsDesktopTargetingConfiguration" skipped, due to false condition; ('$(TargetFrameworkIdentifier)' == '.NETCoreApp' and $([MSBuild]::VersionGreaterThanOrEquals($(_TargetFrameworkVersionWithoutV), '5.0')) and ('$(UseWindowsForms)' == 'true' or '$(UseWPF)' == 'true')) was evaluated as ('.NETCoreApp' == '.NETCoreApp' and True and ('' == 'true' or '' == 'true')).
                   Target "_CheckForUnnecessaryWindowsDesktopSDK" skipped, due to false condition; ('$(TargetFrameworkIdentifier)' == '.NETCoreApp' and $([MSBuild]::VersionGreaterThanOrEquals($(_TargetFrameworkVersionWithoutV), '5.0')) and '$(_MicrosoftWindowsDesktopSdkImported)' == 'true' and '$(TargetFrameworks)' == '') was evaluated as ('.NETCoreApp' == '.NETCoreApp' and True and '' == 'true' and '' == '').
                   Target "ProcessFrameworkReferences" skipped. Previously built successfully.
                   Target "IncludeTargetingPackReference" skipped, due to false condition; ('$(TargetFrameworkMoniker)' != '' and '$(TargetFrameworkIdentifier)' == '.NETFramework' and '$(AutomaticallyUseReferenceAssemblyPackages)' == 'true') was evaluated as ('.NETCoreApp,Version=v8.0' != '' and '.NETCoreApp' == '.NETFramework' and 'true' == 'true').
20:21:26.426     1>Target "_CheckForInvalidConfigurationAndPlatform: (TargetId:23)" in file "/usr/lib/dotnet/sdk/8.0.121/Microsoft.Common.CurrentVersion.targets" from project "/home/home/Desktop/codex-test/src/SampleOnionApp.McpServer/SampleOnionApp.McpServer.csproj" (target "BeforeBuild" depends on it):
                   Set Property: _InvalidConfigurationMessageText=The BaseOutputPath/OutputPath property is not set for project 'SampleOnionApp.McpServer.csproj'.  Please check to make sure that you have specified a valid combination of Configuration and Platform for this project.  Configuration='Debug'  Platform='AnyCPU'.
                   Set Property: _InvalidConfigurationMessageText=The BaseOutputPath/OutputPath property is not set for project 'SampleOnionApp.McpServer.csproj'.  Please check to make sure that you have specified a valid combination of Configuration and Platform for this project.  Configuration='Debug'  Platform='AnyCPU'.  You may be seeing this message because you are trying to build a project without a solution file, and have specified a non-default Configuration or Platform that doesn't exist for this project.
                   Task "Error" skipped, due to false condition; ( '$(_InvalidConfigurationError)' == 'true' ) was evaluated as ( '' == 'true' ).
                   Task "Warning" skipped, due to false condition; ( '$(_InvalidConfigurationWarning)' == 'true' ) was evaluated as ( '' == 'true' ).
                   Using "Message" task from assembly "Microsoft.Build.Tasks.Core, Version=15.1.0.0, Culture=neutral, PublicKeyToken=b03f5f7f11d50a3a".
                   Task "Message" (TaskId:15)
                     Task Parameter:Importance=Low (TaskId:15)
                     Task Parameter:Text=Configuration=Debug (TaskId:15)
                     Configuration=Debug (TaskId:15)
                   Done executing task "Message". (TaskId:15)
                   Task "Message" (TaskId:16)
                     Task Parameter:Importance=Low (TaskId:16)
                     Task Parameter:Text=Platform=AnyCPU (TaskId:16)
                     Platform=AnyCPU (TaskId:16)
                   Done executing task "Message". (TaskId:16)
                   Task "Error" skipped, due to false condition; ('$(OutDir)' != '' and !HasTrailingSlash('$(OutDir)')) was evaluated as ('bin/Debug/net8.0/' != '' and !HasTrailingSlash('bin/Debug/net8.0/')).
                   Task "Error" skipped, due to false condition; ('$(IntermediateOutputPath)' != '' and !HasTrailingSlash('$(IntermediateOutputPath)')) was evaluated as ('obj/Debug/net8.0/' != '' and !HasTrailingSlash('obj/Debug/net8.0/')).
                   Task "Error" skipped, due to false condition; ('$(BaseIntermediateOutputPath)' != '' and !HasTrailingSlash('$(BaseIntermediateOutputPath)')) was evaluated as ('obj/' != '' and !HasTrailingSlash('obj/')).
                   Task "Error" skipped, due to false condition; ( '$(_InitialMSBuildProjectExtensionsPath)' != '' And '$(MSBuildProjectExtensionsPath)' != '$(_InitialMSBuildProjectExtensionsPath)' ) was evaluated as ( '/home/home/Desktop/codex-test/src/SampleOnionApp.McpServer/obj/' != '' And '/home/home/Desktop/codex-test/src/SampleOnionApp.McpServer/obj/' != '/home/home/Desktop/codex-test/src/SampleOnionApp.McpServer/obj/' ).
                   Task "Warning" skipped, due to false condition; ( '$(EnableBaseIntermediateOutputPathMismatchWarning)' == 'true' And '$(_InitialBaseIntermediateOutputPath)' != '$(BaseIntermediateOutputPath)' And '$(BaseIntermediateOutputPath)' != '$(MSBuildProjectExtensionsPath)' ) was evaluated as ( 'true' == 'true' And 'obj/' != 'obj/' And 'obj/' != '/home/home/Desktop/codex-test/src/SampleOnionApp.McpServer/obj/' ).
20:21:26.429     1>Done building target "_CheckForInvalidConfigurationAndPlatform" in project "SampleOnionApp.McpServer.csproj".: (TargetId:23)
20:21:26.429     1>Target "ValidateCommandLineProperties: (TargetId:24)" in file "/usr/lib/dotnet/sdk/8.0.121/Sdks/Microsoft.NET.Sdk/targets/Microsoft.NET.Sdk.targets" from project "/home/home/Desktop/codex-test/src/SampleOnionApp.McpServer/SampleOnionApp.McpServer.csproj" (target "BeforeBuild" depends on it):
20:21:26.429     1>Done building target "ValidateCommandLineProperties" in project "SampleOnionApp.McpServer.csproj".: (TargetId:24)
20:21:26.429     1>Target "BeforeBuild: (TargetId:25)" in file "/usr/lib/dotnet/sdk/8.0.121/Microsoft.Common.CurrentVersion.targets" from project "/home/home/Desktop/codex-test/src/SampleOnionApp.McpServer/SampleOnionApp.McpServer.csproj" (target "Build" depends on it):
20:21:26.429     1>Done building target "BeforeBuild" in project "SampleOnionApp.McpServer.csproj".: (TargetId:25)
                   Target "_CheckForBuildWithNoBuild" skipped, due to false condition; ('$(NoBuild)' == 'true' and '$(GeneratePackageOnBuild)' != 'true') was evaluated as ('' == 'true' and 'false' != 'true').
20:21:26.429     1>Target "BuildOnlySettings: (TargetId:26)" in file "/usr/lib/dotnet/sdk/8.0.121/Microsoft.Common.CurrentVersion.targets" from project "/home/home/Desktop/codex-test/src/SampleOnionApp.McpServer/SampleOnionApp.McpServer.csproj" (target "CoreBuild" depends on it):
                   Set Property: BuildingProject=true
20:21:26.429     1>Done building target "BuildOnlySettings" in project "SampleOnionApp.McpServer.csproj".: (TargetId:26)
                   Target "_CheckForUnsupportedTargetFramework" skipped, due to false condition; ('$(_UnsupportedTargetFrameworkError)' == 'true') was evaluated as ('' == 'true').
                   Target "_CheckForUnsupportedTargetPlatformIdentifier" skipped, due to false condition; ('$(TargetPlatformIdentifier)' != '' and '$(TargetFrameworkIdentifier)' == '.NETCoreApp' and $([MSBuild]::VersionGreaterThanOrEquals($(TargetFrameworkVersion), 5.0)) And ('$(DesignTimeBuild)' != 'true' Or '@(MissingWorkloadPack)' == '')) was evaluated as ('' != '' and '.NETCoreApp' == '.NETCoreApp' and True And ('' != 'true' Or '' == '')).
                   Target "_CheckForMissingWorkload" skipped, due to false condition; ('@(MissingWorkloadPack)' != '' And '$(DesignTimeBuild)' != 'true') was evaluated as ('' != '' And '' != 'true').
20:21:26.429     1>Target "GetFrameworkPaths: (TargetId:27)" in file "/usr/lib/dotnet/sdk/8.0.121/Sdks/Microsoft.NET.Sdk/targets/Microsoft.NET.DisableStandardFrameworkResolution.targets" from project "/home/home/Desktop/codex-test/src/SampleOnionApp.McpServer/SampleOnionApp.McpServer.csproj" (target "PrepareForBuild" depends on it):
20:21:26.429     1>Done building target "GetFrameworkPaths" in project "SampleOnionApp.McpServer.csproj".: (TargetId:27)
                   Target "_CheckForUnsupportedTargetFramework" skipped, due to false condition; ('$(_UnsupportedTargetFrameworkError)' == 'true') was evaluated as ('' == 'true').
                   Target "_CheckForUnsupportedTargetPlatformIdentifier" skipped, due to false condition; ('$(TargetPlatformIdentifier)' != '' and '$(TargetFrameworkIdentifier)' == '.NETCoreApp' and $([MSBuild]::VersionGreaterThanOrEquals($(TargetFrameworkVersion), 5.0)) And ('$(DesignTimeBuild)' != 'true' Or '@(MissingWorkloadPack)' == '')) was evaluated as ('' != '' and '.NETCoreApp' == '.NETCoreApp' and True And ('' != 'true' Or '' == '')).
                   Target "_CheckForMissingWorkload" skipped, due to false condition; ('@(MissingWorkloadPack)' != '' And '$(DesignTimeBuild)' != 'true') was evaluated as ('' != '' And '' != 'true').
20:21:26.429     1>Target "GetReferenceAssemblyPaths: (TargetId:28)" in file "/usr/lib/dotnet/sdk/8.0.121/Sdks/Microsoft.NET.Sdk/targets/Microsoft.NET.DisableStandardFrameworkResolution.targets" from project "/home/home/Desktop/codex-test/src/SampleOnionApp.McpServer/SampleOnionApp.McpServer.csproj" (target "PrepareForBuild" depends on it):
20:21:26.429     1>Done building target "GetReferenceAssemblyPaths" in project "SampleOnionApp.McpServer.csproj".: (TargetId:28)
                   Target "AssignLinkMetadata" skipped, due to false condition; ( '$(SynthesizeLinkMetadata)' == 'true' ) was evaluated as ( '' == 'true' ).
                   Target "_VerifyPackReleaseConfigurations" skipped, due to false condition; ('$(_IsPacking)' == 'true' and '$(DOTNET_CLI_DISABLE_PUBLISH_AND_PACK_RELEASE)' != 'true' and '$(DOTNET_CLI_LAZY_PUBLISH_AND_PACK_RELEASE_FOR_SOLUTIONS)' == 'true') was evaluated as ('' == 'true' and '' != 'true' and '' == 'true').
20:21:26.429     1>Target "PrepareForBuild: (TargetId:29)" in file "/usr/lib/dotnet/sdk/8.0.121/Microsoft.Common.CurrentVersion.targets" from project "/home/home/Desktop/codex-test/src/SampleOnionApp.McpServer/SampleOnionApp.McpServer.csproj" (target "CoreBuild" depends on it):
                   Using "FindAppConfigFile" task from assembly "Microsoft.Build.Tasks.Core, Version=15.1.0.0, Culture=neutral, PublicKeyToken=b03f5f7f11d50a3a".
                   Task "FindAppConfigFile" (TaskId:17)
                     Task Parameter:TargetPath=SampleOnionApp.McpServer.dll.config (TaskId:17)
                     Task Parameter:
                         PrimaryList=
                             build.log
                             restore.log (TaskId:17)
                   Done executing task "FindAppConfigFile". (TaskId:17)
                   Using "MakeDir" task from assembly "Microsoft.Build.Tasks.Core, Version=15.1.0.0, Culture=neutral, PublicKeyToken=b03f5f7f11d50a3a".
                   Task "MakeDir" (TaskId:18)
                     Task Parameter:
                         Directories=
                             bin/Debug/net8.0/
                             obj/Debug/net8.0/
                             /home/home/Desktop/codex-test/src/SampleOnionApp.McpServer/obj/Debug/net8.0/refint/
                             obj/Debug/net8.0/ref (TaskId:18)
                   Done executing task "MakeDir". (TaskId:18)
20:21:26.436     1>Done building target "PrepareForBuild" in project "SampleOnionApp.McpServer.csproj".: (TargetId:29)
20:21:26.436     1>Target "GenerateGlobalUsings: (TargetId:30)" in file "/usr/lib/dotnet/sdk/8.0.121/Sdks/Microsoft.NET.Sdk/targets/Microsoft.NET.GenerateGlobalUsings.targets" from project "/home/home/Desktop/codex-test/src/SampleOnionApp.McpServer/SampleOnionApp.McpServer.csproj" (target "CoreBuild" depends on it):
                   Using "GenerateGlobalUsings" task from assembly "/usr/lib/dotnet/sdk/8.0.121/Sdks/Microsoft.NET.Sdk/targets/../tools/net8.0/Microsoft.NET.Build.Tasks.dll".
                   Task "GenerateGlobalUsings" (TaskId:19)
                     Task Parameter:
                         Usings=
                             System
                             System.Collections.Generic
                             System.IO
                             System.Linq
                             System.Net.Http
                             System.Threading
                             System.Threading.Tasks (TaskId:19)
                     Output Item(s): 
                         _GlobalUsingLines=
                             // <auto-generated/>
                             global using global::System;
                             global using global::System.Collections.Generic;
                             global using global::System.IO;
                             global using global::System.Linq;
                             global using global::System.Net.Http;
                             global using global::System.Threading;
                             global using global::System.Threading.Tasks; (TaskId:19)
                   Done executing task "GenerateGlobalUsings". (TaskId:19)
                   Using "WriteLinesToFile" task from assembly "Microsoft.Build.Tasks.Core, Version=15.1.0.0, Culture=neutral, PublicKeyToken=b03f5f7f11d50a3a".
                   Task "WriteLinesToFile" (TaskId:20)
                     Task Parameter:
                         Lines=
                             // <auto-generated/>
                             global using global::System;
                             global using global::System.Collections.Generic;
                             global using global::System.IO;
                             global using global::System.Linq;
                             global using global::System.Net.Http;
                             global using global::System.Threading;
                             global using global::System.Threading.Tasks; (TaskId:20)
                     Task Parameter:WriteOnlyWhenDifferent=True (TaskId:20)
                     Task Parameter:Overwrite=True (TaskId:20)
                     Task Parameter:File=obj/Debug/net8.0/SampleOnionApp.McpServer.GlobalUsings.g.cs (TaskId:20)
                     Skipping write to file "obj/Debug/net8.0/SampleOnionApp.McpServer.GlobalUsings.g.cs" because content would not change. (TaskId:20)
                   Done executing task "WriteLinesToFile". (TaskId:20)
                   Added Item(s): Compile=obj/Debug/net8.0/SampleOnionApp.McpServer.GlobalUsings.g.cs
20:21:26.445     1>Done building target "GenerateGlobalUsings" in project "SampleOnionApp.McpServer.csproj".: (TargetId:30)
                   Target "PreBuildEvent" skipped, due to false condition; ('$(PreBuildEvent)'!='') was evaluated as (''!='').
20:21:26.445     1>Target "BeforeResolveReferences: (TargetId:31)" in file "/usr/lib/dotnet/sdk/8.0.121/Microsoft.Common.CurrentVersion.targets" from project "/home/home/Desktop/codex-test/src/SampleOnionApp.McpServer/SampleOnionApp.McpServer.csproj" (target "ResolveReferences" depends on it):
20:21:26.445     1>Done building target "BeforeResolveReferences" in project "SampleOnionApp.McpServer.csproj".: (TargetId:31)
20:21:26.445     1>Target "IgnoreJavaScriptOutputAssembly: (TargetId:32)" in file "/usr/lib/dotnet/sdk/8.0.121/Microsoft.Common.CurrentVersion.targets" from project "/home/home/Desktop/codex-test/src/SampleOnionApp.McpServer/SampleOnionApp.McpServer.csproj" (target "AssignProjectConfiguration" depends on it):
20:21:26.445     1>Done building target "IgnoreJavaScriptOutputAssembly" in project "SampleOnionApp.McpServer.csproj".: (TargetId:32)
                   Target "ProcessFrameworkReferences" skipped. Previously built successfully.
20:21:26.445     1>Target "_DefaultMicrosoftNETPlatformLibrary: (TargetId:33)" in file "/usr/lib/dotnet/sdk/8.0.121/Sdks/Microsoft.NET.Sdk/targets/Microsoft.NET.Sdk.Shared.targets" from project "/home/home/Desktop/codex-test/src/SampleOnionApp.McpServer/SampleOnionApp.McpServer.csproj" (target "ResolvePackageAssets" depends on it):
20:21:26.445     1>Done building target "_DefaultMicrosoftNETPlatformLibrary" in project "SampleOnionApp.McpServer.csproj".: (TargetId:33)
20:21:26.445     1>Target "_ComputePackageReferencePublish: (TargetId:34)" in file "/usr/lib/dotnet/sdk/8.0.121/Sdks/Microsoft.NET.Sdk/targets/Microsoft.NET.Sdk.Shared.targets" from project "/home/home/Desktop/codex-test/src/SampleOnionApp.McpServer/SampleOnionApp.McpServer.csproj" (target "ResolvePackageAssets" depends on it):
20:21:26.446     1>Done building target "_ComputePackageReferencePublish" in project "SampleOnionApp.McpServer.csproj".: (TargetId:34)
                   Target "_ResolveCompilerVersion" skipped, due to false condition; ('$(CompilerApiVersion)' == '' And
                                        ('$(Language)' == 'C#' Or '$(Language)' == 'VB') And
                                        Exists('$(RoslynTargetsPath)\Microsoft.Build.Tasks.CodeAnalysis.dll')) was evaluated as ('roslyn4.8' == '' And
                                        ('C#' == 'C#' Or 'C#' == 'VB') And
                                        Exists('/usr/lib/dotnet/sdk/8.0.121/Roslyn\Microsoft.Build.Tasks.CodeAnalysis.dll')).
20:21:26.446     1>Target "ResolvePackageAssets: (TargetId:35)" in file "/usr/lib/dotnet/sdk/8.0.121/Sdks/Microsoft.NET.Sdk/targets/Microsoft.PackageDependencyResolution.targets" from project "/home/home/Desktop/codex-test/src/SampleOnionApp.McpServer/SampleOnionApp.McpServer.csproj" (target "ResolveLockFileReferences" depends on it):
                   Set Property: UseAppHostFromAssetsFile=false
                   Set Property: CopyLocalRuntimeTargetAssets=true
                   Using "ResolvePackageAssets" task from assembly "/usr/lib/dotnet/sdk/8.0.121/Sdks/Microsoft.NET.Sdk/targets/../tools/net8.0/Microsoft.NET.Build.Tasks.dll".
                   Task "ResolvePackageAssets" (TaskId:21)
                     Task Parameter:MarkPackageReferencesAsExternallyResolved=True (TaskId:21)
                     Task Parameter:IsSelfContained=False (TaskId:21)
                     Task Parameter:VerifyMatchingImplicitPackageVersion=True (TaskId:21)
                     Task Parameter:DefaultImplicitPackages=Microsoft.NETCore.App;NETStandard.Library (TaskId:21)
                     Task Parameter:ProjectPath=/home/home/Desktop/codex-test/src/SampleOnionApp.McpServer/SampleOnionApp.McpServer.csproj (TaskId:21)
                     Task Parameter:
                         PackageReferences=
                             Microsoft.Extensions.Hosting
                                     Version=8.0.0
                             ModelContextProtocol
                                     Version=0.4.0-preview.3 (TaskId:21)
                     Task Parameter:DotNetAppHostExecutableNameWithoutExtension=apphost (TaskId:21)
                     Task Parameter:ProjectAssetsCacheFile=/home/home/Desktop/codex-test/src/SampleOnionApp.McpServer/obj/Debug/net8.0/SampleOnionApp.McpServer.assets.cache (TaskId:21)
                     Task Parameter:TargetFramework=net8.0 (TaskId:21)
                     Task Parameter:
                         RuntimeFrameworks=
                             Microsoft.NETCore.App
                                     FrameworkName=Microsoft.NETCore.App
                                     Version=8.0.0
                             Microsoft.AspNetCore.App
                                     FrameworkName=Microsoft.AspNetCore.App
                                     Version=8.0.0 (TaskId:21)
                     Task Parameter:ProjectAssetsFile=/home/home/Desktop/codex-test/src/SampleOnionApp.McpServer/obj/project.assets.json (TaskId:21)
                     Task Parameter:EmitAssetsLogMessages=True (TaskId:21)
                     Task Parameter:ProjectLanguage=C# (TaskId:21)
                     Task Parameter:CompilerApiVersion=roslyn4.8 (TaskId:21)
                     Task Parameter:CopyLocalRuntimeTargetAssets=True (TaskId:21)
                     Output Item(s): 
                         ResolvedAnalyzers=
                             /home/home/.nuget/packages/microsoft.extensions.configuration.binder/8.0.0/analyzers/dotnet/cs/Microsoft.Extensions.Configuration.Binder.SourceGeneration.dll
                                     NuGetPackageId=Microsoft.Extensions.Configuration.Binder
                                     NuGetPackageVersion=8.0.0
                             /home/home/.nuget/packages/microsoft.extensions.logging.abstractions/8.0.3/analyzers/dotnet/roslyn4.4/cs/Microsoft.Extensions.Logging.Generators.dll
                                     NuGetPackageId=Microsoft.Extensions.Logging.Abstractions
                                     NuGetPackageVersion=8.0.3
                             /home/home/.nuget/packages/microsoft.extensions.options/8.0.2/analyzers/dotnet/roslyn4.4/cs/Microsoft.Extensions.Options.SourceGeneration.dll
                                     NuGetPackageId=Microsoft.Extensions.Options
                                     NuGetPackageVersion=8.0.2
                             /home/home/.nuget/packages/system.text.json/8.0.0/analyzers/dotnet/roslyn4.4/cs/System.Text.Json.SourceGeneration.dll
                                     NuGetPackageId=System.Text.Json
                                     NuGetPackageVersion=8.0.0 (TaskId:21)
                     Output Item(s): 
                         _ReferenceDocumentationFiles=
                             /home/home/.nuget/packages/microsoft.extensions.ai.abstractions/9.10.0/lib/net8.0/Microsoft.Extensions.AI.Abstractions.xml
                                     NuGetPackageId=Microsoft.Extensions.AI.Abstractions
                                     NuGetPackageVersion=9.10.0
                             /home/home/.nuget/packages/microsoft.extensions.configuration/8.0.0/lib/net8.0/Microsoft.Extensions.Configuration.xml
                                     NuGetPackageId=Microsoft.Extensions.Configuration
                                     NuGetPackageVersion=8.0.0
                             /home/home/.nuget/packages/microsoft.extensions.configuration.abstractions/8.0.0/lib/net8.0/Microsoft.Extensions.Configuration.Abstractions.xml
                                     NuGetPackageId=Microsoft.Extensions.Configuration.Abstractions
                                     NuGetPackageVersion=8.0.0
                             /home/home/.nuget/packages/microsoft.extensions.configuration.binder/8.0.0/lib/net8.0/Microsoft.Extensions.Configuration.Binder.xml
                                     NuGetPackageId=Microsoft.Extensions.Configuration.Binder
                                     NuGetPackageVersion=8.0.0
                             /home/home/.nuget/packages/microsoft.extensions.configuration.commandline/8.0.0/lib/net8.0/Microsoft.Extensions.Configuration.CommandLine.xml
                                     NuGetPackageId=Microsoft.Extensions.Configuration.CommandLine
                                     NuGetPackageVersion=8.0.0
                             /home/home/.nuget/packages/microsoft.extensions.configuration.environmentvariables/8.0.0/lib/net8.0/Microsoft.Extensions.Configuration.EnvironmentVariables.xml
                                     NuGetPackageId=Microsoft.Extensions.Configuration.EnvironmentVariables
                                     NuGetPackageVersion=8.0.0
                             /home/home/.nuget/packages/microsoft.extensions.configuration.fileextensions/8.0.0/lib/net8.0/Microsoft.Extensions.Configuration.FileExtensions.xml
                                     NuGetPackageId=Microsoft.Extensions.Configuration.FileExtensions
                                     NuGetPackageVersion=8.0.0
                             /home/home/.nuget/packages/microsoft.extensions.configuration.json/8.0.0/lib/net8.0/Microsoft.Extensions.Configuration.Json.xml
                                     NuGetPackageId=Microsoft.Extensions.Configuration.Json
                                     NuGetPackageVersion=8.0.0
                             /home/home/.nuget/packages/microsoft.extensions.configuration.usersecrets/8.0.0/lib/net8.0/Microsoft.Extensions.Configuration.UserSecrets.xml
                                     NuGetPackageId=Microsoft.Extensions.Configuration.UserSecrets
                                     NuGetPackageVersion=8.0.0
                             /home/home/.nuget/packages/microsoft.extensions.dependencyinjection/8.0.0/lib/net8.0/Microsoft.Extensions.DependencyInjection.xml
                                     NuGetPackageId=Microsoft.Extensions.DependencyInjection
                                     NuGetPackageVersion=8.0.0
                             /home/home/.nuget/packages/microsoft.extensions.dependencyinjection.abstractions/8.0.2/lib/net8.0/Microsoft.Extensions.DependencyInjection.Abstractions.xml
                                     NuGetPackageId=Microsoft.Extensions.DependencyInjection.Abstractions
                                     NuGetPackageVersion=8.0.2
                             /home/home/.nuget/packages/microsoft.extensions.diagnostics/8.0.0/lib/net8.0/Microsoft.Extensions.Diagnostics.xml
                                     NuGetPackageId=Microsoft.Extensions.Diagnostics
                                     NuGetPackageVersion=8.0.0
                             /home/home/.nuget/packages/microsoft.extensions.diagnostics.abstractions/8.0.1/lib/net8.0/Microsoft.Extensions.Diagnostics.Abstractions.xml
                                     NuGetPackageId=Microsoft.Extensions.Diagnostics.Abstractions
                                     NuGetPackageVersion=8.0.1
                             /home/home/.nuget/packages/microsoft.extensions.fileproviders.abstractions/8.0.0/lib/net8.0/Microsoft.Extensions.FileProviders.Abstractions.xml
                                     NuGetPackageId=Microsoft.Extensions.FileProviders.Abstractions
                                     NuGetPackageVersion=8.0.0
                             /home/home/.nuget/packages/microsoft.extensions.fileproviders.physical/8.0.0/lib/net8.0/Microsoft.Extensions.FileProviders.Physical.xml
                                     NuGetPackageId=Microsoft.Extensions.FileProviders.Physical
                                     NuGetPackageVersion=8.0.0
                             /home/home/.nuget/packages/microsoft.extensions.filesystemglobbing/8.0.0/lib/net8.0/Microsoft.Extensions.FileSystemGlobbing.xml
                                     NuGetPackageId=Microsoft.Extensions.FileSystemGlobbing
                                     NuGetPackageVersion=8.0.0
                             /home/home/.nuget/packages/microsoft.extensions.hosting/8.0.0/lib/net8.0/Microsoft.Extensions.Hosting.xml
                                     NuGetPackageId=Microsoft.Extensions.Hosting
                                     NuGetPackageVersion=8.0.0
                             /home/home/.nuget/packages/microsoft.extensions.hosting.abstractions/8.0.1/lib/net8.0/Microsoft.Extensions.Hosting.Abstractions.xml
                                     NuGetPackageId=Microsoft.Extensions.Hosting.Abstractions
                                     NuGetPackageVersion=8.0.1
                             /home/home/.nuget/packages/microsoft.extensions.logging/8.0.0/lib/net8.0/Microsoft.Extensions.Logging.xml
                                     NuGetPackageId=Microsoft.Extensions.Logging
                                     NuGetPackageVersion=8.0.0
                             /home/home/.nuget/packages/microsoft.extensions.logging.abstractions/8.0.3/lib/net8.0/Microsoft.Extensions.Logging.Abstractions.xml
                                     NuGetPackageId=Microsoft.Extensions.Logging.Abstractions
                                     NuGetPackageVersion=8.0.3
                             /home/home/.nuget/packages/microsoft.extensions.logging.configuration/8.0.0/lib/net8.0/Microsoft.Extensions.Logging.Configuration.xml
                                     NuGetPackageId=Microsoft.Extensions.Logging.Configuration
                                     NuGetPackageVersion=8.0.0
                             /home/home/.nuget/packages/microsoft.extensions.logging.console/8.0.0/lib/net8.0/Microsoft.Extensions.Logging.Console.xml
                                     NuGetPackageId=Microsoft.Extensions.Logging.Console
                                     NuGetPackageVersion=8.0.0
                             /home/home/.nuget/packages/microsoft.extensions.logging.debug/8.0.0/lib/net8.0/Microsoft.Extensions.Logging.Debug.xml
                                     NuGetPackageId=Microsoft.Extensions.Logging.Debug
                                     NuGetPackageVersion=8.0.0
                             /home/home/.nuget/packages/microsoft.extensions.logging.eventlog/8.0.0/lib/net8.0/Microsoft.Extensions.Logging.EventLog.xml
                                     NuGetPackageId=Microsoft.Extensions.Logging.EventLog
                                     NuGetPackageVersion=8.0.0
                             /home/home/.nuget/packages/microsoft.extensions.logging.eventsource/8.0.0/lib/net8.0/Microsoft.Extensions.Logging.EventSource.xml
                                     NuGetPackageId=Microsoft.Extensions.Logging.EventSource
                                     NuGetPackageVersion=8.0.0
                             /home/home/.nuget/packages/microsoft.extensions.options/8.0.2/lib/net8.0/Microsoft.Extensions.Options.xml
                                     NuGetPackageId=Microsoft.Extensions.Options
                                     NuGetPackageVersion=8.0.2
                             /home/home/.nuget/packages/microsoft.extensions.options.configurationextensions/8.0.0/lib/net8.0/Microsoft.Extensions.Options.ConfigurationExtensions.xml
                                     NuGetPackageId=Microsoft.Extensions.Options.ConfigurationExtensions
                                     NuGetPackageVersion=8.0.0
                             /home/home/.nuget/packages/microsoft.extensions.primitives/8.0.0/lib/net8.0/Microsoft.Extensions.Primitives.xml
                                     NuGetPackageId=Microsoft.Extensions.Primitives
                                     NuGetPackageVersion=8.0.0
                             /home/home/.nuget/packages/modelcontextprotocol/0.4.0-preview.3/lib/net8.0/ModelContextProtocol.xml
                                     NuGetPackageId=ModelContextProtocol
                                     NuGetPackageVersion=0.4.0-preview.3
                             /home/home/.nuget/packages/modelcontextprotocol.core/0.4.0-preview.3/lib/net8.0/ModelContextProtocol.Core.xml
                                     NuGetPackageId=ModelContextProtocol.Core
                                     NuGetPackageVersion=0.4.0-preview.3
                             /home/home/.nuget/packages/system.diagnostics.eventlog/8.0.0/lib/net8.0/System.Diagnostics.EventLog.xml
                                     NuGetPackageId=System.Diagnostics.EventLog
                                     NuGetPackageVersion=8.0.0
                             /home/home/.nuget/packages/system.io.pipelines/8.0.0/lib/net8.0/System.IO.Pipelines.xml
                                     NuGetPackageId=System.IO.Pipelines
                                     NuGetPackageVersion=8.0.0
                             /home/home/.nuget/packages/system.net.serversentevents/10.0.0-rc.2.25502.107/lib/net8.0/System.Net.ServerSentEvents.xml
                                     NuGetPackageId=System.Net.ServerSentEvents
                                     NuGetPackageVersion=10.0.0-rc.2.25502.107
                             /home/home/.nuget/packages/system.text.encodings.web/8.0.0/lib/net8.0/System.Text.Encodings.Web.xml
                                     NuGetPackageId=System.Text.Encodings.Web
                                     NuGetPackageVersion=8.0.0
                             /home/home/.nuget/packages/system.text.json/8.0.0/lib/net8.0/System.Text.Json.xml
                                     NuGetPackageId=System.Text.Json
                                     NuGetPackageVersion=8.0.0 (TaskId:21)
                     Output Item(s): 
                         RuntimeCopyLocalItems=
                             /home/home/.nuget/packages/microsoft.extensions.ai.abstractions/9.10.0/lib/net8.0/Microsoft.Extensions.AI.Abstractions.dll
                                     AssetType=runtime
                                     CopyLocal=true
                                     DestinationSubPath=Microsoft.Extensions.AI.Abstractions.dll
                                     NuGetPackageId=Microsoft.Extensions.AI.Abstractions
                                     NuGetPackageVersion=9.10.0
                                     PathInPackage=lib/net8.0/Microsoft.Extensions.AI.Abstractions.dll
                             /home/home/.nuget/packages/microsoft.extensions.configuration/8.0.0/lib/net8.0/Microsoft.Extensions.Configuration.dll
                                     AssetType=runtime
                                     CopyLocal=true
                                     DestinationSubPath=Microsoft.Extensions.Configuration.dll
                                     NuGetPackageId=Microsoft.Extensions.Configuration
                                     NuGetPackageVersion=8.0.0
                                     PathInPackage=lib/net8.0/Microsoft.Extensions.Configuration.dll
                             /home/home/.nuget/packages/microsoft.extensions.configuration.abstractions/8.0.0/lib/net8.0/Microsoft.Extensions.Configuration.Abstractions.dll
                                     AssetType=runtime
                                     CopyLocal=true
                                     DestinationSubPath=Microsoft.Extensions.Configuration.Abstractions.dll
                                     NuGetPackageId=Microsoft.Extensions.Configuration.Abstractions
                                     NuGetPackageVersion=8.0.0
                                     PathInPackage=lib/net8.0/Microsoft.Extensions.Configuration.Abstractions.dll
                             /home/home/.nuget/packages/microsoft.extensions.configuration.binder/8.0.0/lib/net8.0/Microsoft.Extensions.Configuration.Binder.dll
                                     AssetType=runtime
                                     CopyLocal=true
                                     DestinationSubPath=Microsoft.Extensions.Configuration.Binder.dll
                                     NuGetPackageId=Microsoft.Extensions.Configuration.Binder
                                     NuGetPackageVersion=8.0.0
                                     PathInPackage=lib/net8.0/Microsoft.Extensions.Configuration.Binder.dll
                             /home/home/.nuget/packages/microsoft.extensions.configuration.commandline/8.0.0/lib/net8.0/Microsoft.Extensions.Configuration.CommandLine.dll
                                     AssetType=runtime
                                     CopyLocal=true
                                     DestinationSubPath=Microsoft.Extensions.Configuration.CommandLine.dll
                                     NuGetPackageId=Microsoft.Extensions.Configuration.CommandLine
                                     NuGetPackageVersion=8.0.0
                                     PathInPackage=lib/net8.0/Microsoft.Extensions.Configuration.CommandLine.dll
                             /home/home/.nuget/packages/microsoft.extensions.configuration.environmentvariables/8.0.0/lib/net8.0/Microsoft.Extensions.Configuration.EnvironmentVariables.dll
                                     AssetType=runtime
                                     CopyLocal=true
                                     DestinationSubPath=Microsoft.Extensions.Configuration.EnvironmentVariables.dll
                                     NuGetPackageId=Microsoft.Extensions.Configuration.EnvironmentVariables
                                     NuGetPackageVersion=8.0.0
                                     PathInPackage=lib/net8.0/Microsoft.Extensions.Configuration.EnvironmentVariables.dll
                             /home/home/.nuget/packages/microsoft.extensions.configuration.fileextensions/8.0.0/lib/net8.0/Microsoft.Extensions.Configuration.FileExtensions.dll
                                     AssetType=runtime
                                     CopyLocal=true
                                     DestinationSubPath=Microsoft.Extensions.Configuration.FileExtensions.dll
                                     NuGetPackageId=Microsoft.Extensions.Configuration.FileExtensions
                                     NuGetPackageVersion=8.0.0
                                     PathInPackage=lib/net8.0/Microsoft.Extensions.Configuration.FileExtensions.dll
                             /home/home/.nuget/packages/microsoft.extensions.configuration.json/8.0.0/lib/net8.0/Microsoft.Extensions.Configuration.Json.dll
                                     AssetType=runtime
                                     CopyLocal=true
                                     DestinationSubPath=Microsoft.Extensions.Configuration.Json.dll
                                     NuGetPackageId=Microsoft.Extensions.Configuration.Json
                                     NuGetPackageVersion=8.0.0
                                     PathInPackage=lib/net8.0/Microsoft.Extensions.Configuration.Json.dll
                             /home/home/.nuget/packages/microsoft.extensions.configuration.usersecrets/8.0.0/lib/net8.0/Microsoft.Extensions.Configuration.UserSecrets.dll
                                     AssetType=runtime
                                     CopyLocal=true
                                     DestinationSubPath=Microsoft.Extensions.Configuration.UserSecrets.dll
                                     NuGetPackageId=Microsoft.Extensions.Configuration.UserSecrets
                                     NuGetPackageVersion=8.0.0
                                     PathInPackage=lib/net8.0/Microsoft.Extensions.Configuration.UserSecrets.dll
                             /home/home/.nuget/packages/microsoft.extensions.dependencyinjection/8.0.0/lib/net8.0/Microsoft.Extensions.DependencyInjection.dll
                                     AssetType=runtime
                                     CopyLocal=true
                                     DestinationSubPath=Microsoft.Extensions.DependencyInjection.dll
                                     NuGetPackageId=Microsoft.Extensions.DependencyInjection
                                     NuGetPackageVersion=8.0.0
                                     PathInPackage=lib/net8.0/Microsoft.Extensions.DependencyInjection.dll
                             /home/home/.nuget/packages/microsoft.extensions.dependencyinjection.abstractions/8.0.2/lib/net8.0/Microsoft.Extensions.DependencyInjection.Abstractions.dll
                                     AssetType=runtime
                                     CopyLocal=true
                                     DestinationSubPath=Microsoft.Extensions.DependencyInjection.Abstractions.dll
                                     NuGetPackageId=Microsoft.Extensions.DependencyInjection.Abstractions
                                     NuGetPackageVersion=8.0.2
                                     PathInPackage=lib/net8.0/Microsoft.Extensions.DependencyInjection.Abstractions.dll
                             /home/home/.nuget/packages/microsoft.extensions.diagnostics/8.0.0/lib/net8.0/Microsoft.Extensions.Diagnostics.dll
                                     AssetType=runtime
                                     CopyLocal=true
                                     DestinationSubPath=Microsoft.Extensions.Diagnostics.dll
                                     NuGetPackageId=Microsoft.Extensions.Diagnostics
                                     NuGetPackageVersion=8.0.0
                                     PathInPackage=lib/net8.0/Microsoft.Extensions.Diagnostics.dll
                             /home/home/.nuget/packages/microsoft.extensions.diagnostics.abstractions/8.0.1/lib/net8.0/Microsoft.Extensions.Diagnostics.Abstractions.dll
                                     AssetType=runtime
                                     CopyLocal=true
                                     DestinationSubPath=Microsoft.Extensions.Diagnostics.Abstractions.dll
                                     NuGetPackageId=Microsoft.Extensions.Diagnostics.Abstractions
                                     NuGetPackageVersion=8.0.1
                                     PathInPackage=lib/net8.0/Microsoft.Extensions.Diagnostics.Abstractions.dll
                             /home/home/.nuget/packages/microsoft.extensions.fileproviders.abstractions/8.0.0/lib/net8.0/Microsoft.Extensions.FileProviders.Abstractions.dll
                                     AssetType=runtime
                                     CopyLocal=true
                                     DestinationSubPath=Microsoft.Extensions.FileProviders.Abstractions.dll
                                     NuGetPackageId=Microsoft.Extensions.FileProviders.Abstractions
                                     NuGetPackageVersion=8.0.0
                                     PathInPackage=lib/net8.0/Microsoft.Extensions.FileProviders.Abstractions.dll
                             /home/home/.nuget/packages/microsoft.extensions.fileproviders.physical/8.0.0/lib/net8.0/Microsoft.Extensions.FileProviders.Physical.dll
                                     AssetType=runtime
                                     CopyLocal=true
                                     DestinationSubPath=Microsoft.Extensions.FileProviders.Physical.dll
                                     NuGetPackageId=Microsoft.Extensions.FileProviders.Physical
                                     NuGetPackageVersion=8.0.0
                                     PathInPackage=lib/net8.0/Microsoft.Extensions.FileProviders.Physical.dll
                             /home/home/.nuget/packages/microsoft.extensions.filesystemglobbing/8.0.0/lib/net8.0/Microsoft.Extensions.FileSystemGlobbing.dll
                                     AssetType=runtime
                                     CopyLocal=true
                                     DestinationSubPath=Microsoft.Extensions.FileSystemGlobbing.dll
                                     NuGetPackageId=Microsoft.Extensions.FileSystemGlobbing
                                     NuGetPackageVersion=8.0.0
                                     PathInPackage=lib/net8.0/Microsoft.Extensions.FileSystemGlobbing.dll
                             /home/home/.nuget/packages/microsoft.extensions.hosting/8.0.0/lib/net8.0/Microsoft.Extensions.Hosting.dll
                                     AssetType=runtime
                                     CopyLocal=true
                                     DestinationSubPath=Microsoft.Extensions.Hosting.dll
                                     NuGetPackageId=Microsoft.Extensions.Hosting
                                     NuGetPackageVersion=8.0.0
                                     PathInPackage=lib/net8.0/Microsoft.Extensions.Hosting.dll
                             /home/home/.nuget/packages/microsoft.extensions.hosting.abstractions/8.0.1/lib/net8.0/Microsoft.Extensions.Hosting.Abstractions.dll
                                     AssetType=runtime
                                     CopyLocal=true
                                     DestinationSubPath=Microsoft.Extensions.Hosting.Abstractions.dll
                                     NuGetPackageId=Microsoft.Extensions.Hosting.Abstractions
                                     NuGetPackageVersion=8.0.1
                                     PathInPackage=lib/net8.0/Microsoft.Extensions.Hosting.Abstractions.dll
                             /home/home/.nuget/packages/microsoft.extensions.logging/8.0.0/lib/net8.0/Microsoft.Extensions.Logging.dll
                                     AssetType=runtime
                                     CopyLocal=true
                                     DestinationSubPath=Microsoft.Extensions.Logging.dll
                                     NuGetPackageId=Microsoft.Extensions.Logging
                                     NuGetPackageVersion=8.0.0
                                     PathInPackage=lib/net8.0/Microsoft.Extensions.Logging.dll
                             /home/home/.nuget/packages/microsoft.extensions.logging.abstractions/8.0.3/lib/net8.0/Microsoft.Extensions.Logging.Abstractions.dll
                                     AssetType=runtime
                                     CopyLocal=true
                                     DestinationSubPath=Microsoft.Extensions.Logging.Abstractions.dll
                                     NuGetPackageId=Microsoft.Extensions.Logging.Abstractions
                                     NuGetPackageVersion=8.0.3
                                     PathInPackage=lib/net8.0/Microsoft.Extensions.Logging.Abstractions.dll
                             /home/home/.nuget/packages/microsoft.extensions.logging.configuration/8.0.0/lib/net8.0/Microsoft.Extensions.Logging.Configuration.dll
                                     AssetType=runtime
                                     CopyLocal=true
                                     DestinationSubPath=Microsoft.Extensions.Logging.Configuration.dll
                                     NuGetPackageId=Microsoft.Extensions.Logging.Configuration
                                     NuGetPackageVersion=8.0.0
                                     PathInPackage=lib/net8.0/Microsoft.Extensions.Logging.Configuration.dll
                             /home/home/.nuget/packages/microsoft.extensions.logging.console/8.0.0/lib/net8.0/Microsoft.Extensions.Logging.Console.dll
                                     AssetType=runtime
                                     CopyLocal=true
                                     DestinationSubPath=Microsoft.Extensions.Logging.Console.dll
                                     NuGetPackageId=Microsoft.Extensions.Logging.Console
                                     NuGetPackageVersion=8.0.0
                                     PathInPackage=lib/net8.0/Microsoft.Extensions.Logging.Console.dll
                             /home/home/.nuget/packages/microsoft.extensions.logging.debug/8.0.0/lib/net8.0/Microsoft.Extensions.Logging.Debug.dll
                                     AssetType=runtime
                                     CopyLocal=true
                                     DestinationSubPath=Microsoft.Extensions.Logging.Debug.dll
                                     NuGetPackageId=Microsoft.Extensions.Logging.Debug
                                     NuGetPackageVersion=8.0.0
                                     PathInPackage=lib/net8.0/Microsoft.Extensions.Logging.Debug.dll
                             /home/home/.nuget/packages/microsoft.extensions.logging.eventlog/8.0.0/lib/net8.0/Microsoft.Extensions.Logging.EventLog.dll
                                     AssetType=runtime
                                     CopyLocal=true
                                     DestinationSubPath=Microsoft.Extensions.Logging.EventLog.dll
                                     NuGetPackageId=Microsoft.Extensions.Logging.EventLog
                                     NuGetPackageVersion=8.0.0
                                     PathInPackage=lib/net8.0/Microsoft.Extensions.Logging.EventLog.dll
                             /home/home/.nuget/packages/microsoft.extensions.logging.eventsource/8.0.0/lib/net8.0/Microsoft.Extensions.Logging.EventSource.dll
                                     AssetType=runtime
                                     CopyLocal=true
                                     DestinationSubPath=Microsoft.Extensions.Logging.EventSource.dll
                                     NuGetPackageId=Microsoft.Extensions.Logging.EventSource
                                     NuGetPackageVersion=8.0.0
                                     PathInPackage=lib/net8.0/Microsoft.Extensions.Logging.EventSource.dll
                             /home/home/.nuget/packages/microsoft.extensions.options/8.0.2/lib/net8.0/Microsoft.Extensions.Options.dll
                                     AssetType=runtime
                                     CopyLocal=true
                                     DestinationSubPath=Microsoft.Extensions.Options.dll
                                     NuGetPackageId=Microsoft.Extensions.Options
                                     NuGetPackageVersion=8.0.2
                                     PathInPackage=lib/net8.0/Microsoft.Extensions.Options.dll
                             /home/home/.nuget/packages/microsoft.extensions.options.configurationextensions/8.0.0/lib/net8.0/Microsoft.Extensions.Options.ConfigurationExtensions.dll
                                     AssetType=runtime
                                     CopyLocal=true
                                     DestinationSubPath=Microsoft.Extensions.Options.ConfigurationExtensions.dll
                                     NuGetPackageId=Microsoft.Extensions.Options.ConfigurationExtensions
                                     NuGetPackageVersion=8.0.0
                                     PathInPackage=lib/net8.0/Microsoft.Extensions.Options.ConfigurationExtensions.dll
                             /home/home/.nuget/packages/microsoft.extensions.primitives/8.0.0/lib/net8.0/Microsoft.Extensions.Primitives.dll
                                     AssetType=runtime
                                     CopyLocal=true
                                     DestinationSubPath=Microsoft.Extensions.Primitives.dll
                                     NuGetPackageId=Microsoft.Extensions.Primitives
                                     NuGetPackageVersion=8.0.0
                                     PathInPackage=lib/net8.0/Microsoft.Extensions.Primitives.dll
                             /home/home/.nuget/packages/modelcontextprotocol/0.4.0-preview.3/lib/net8.0/ModelContextProtocol.dll
                                     AssetType=runtime
                                     CopyLocal=true
                                     DestinationSubPath=ModelContextProtocol.dll
                                     NuGetPackageId=ModelContextProtocol
                                     NuGetPackageVersion=0.4.0-preview.3
                                     PathInPackage=lib/net8.0/ModelContextProtocol.dll
                             /home/home/.nuget/packages/modelcontextprotocol.core/0.4.0-preview.3/lib/net8.0/ModelContextProtocol.Core.dll
                                     AssetType=runtime
                                     CopyLocal=true
                                     DestinationSubPath=ModelContextProtocol.Core.dll
                                     NuGetPackageId=ModelContextProtocol.Core
                                     NuGetPackageVersion=0.4.0-preview.3
                                     PathInPackage=lib/net8.0/ModelContextProtocol.Core.dll
                             /home/home/.nuget/packages/system.diagnostics.eventlog/8.0.0/lib/net8.0/System.Diagnostics.EventLog.dll
                                     AssetType=runtime
                                     CopyLocal=true
                                     DestinationSubPath=System.Diagnostics.EventLog.dll
                                     NuGetPackageId=System.Diagnostics.EventLog
                                     NuGetPackageVersion=8.0.0
                                     PathInPackage=lib/net8.0/System.Diagnostics.EventLog.dll
                             /home/home/.nuget/packages/system.io.pipelines/8.0.0/lib/net8.0/System.IO.Pipelines.dll
                                     AssetType=runtime
                                     CopyLocal=true
                                     DestinationSubPath=System.IO.Pipelines.dll
                                     NuGetPackageId=System.IO.Pipelines
                                     NuGetPackageVersion=8.0.0
                                     PathInPackage=lib/net8.0/System.IO.Pipelines.dll
                             /home/home/.nuget/packages/system.net.serversentevents/10.0.0-rc.2.25502.107/lib/net8.0/System.Net.ServerSentEvents.dll
                                     AssetType=runtime
                                     CopyLocal=true
                                     DestinationSubPath=System.Net.ServerSentEvents.dll
                                     NuGetPackageId=System.Net.ServerSentEvents
                                     NuGetPackageVersion=10.0.0-rc.2.25502.107
                                     PathInPackage=lib/net8.0/System.Net.ServerSentEvents.dll
                             /home/home/.nuget/packages/system.text.encodings.web/8.0.0/lib/net8.0/System.Text.Encodings.Web.dll
                                     AssetType=runtime
                                     CopyLocal=true
                                     DestinationSubPath=System.Text.Encodings.Web.dll
                                     NuGetPackageId=System.Text.Encodings.Web
                                     NuGetPackageVersion=8.0.0
                                     PathInPackage=lib/net8.0/System.Text.Encodings.Web.dll
                             /home/home/.nuget/packages/system.text.json/8.0.0/lib/net8.0/System.Text.Json.dll
                                     AssetType=runtime
                                     CopyLocal=true
                                     DestinationSubPath=System.Text.Json.dll
                                     NuGetPackageId=System.Text.Json
                                     NuGetPackageVersion=8.0.0
                                     PathInPackage=lib/net8.0/System.Text.Json.dll (TaskId:21)
                     Output Item(s): 
                         RuntimeTargetsCopyLocalItems=
                             /home/home/.nuget/packages/system.diagnostics.eventlog/8.0.0/runtimes/win/lib/net8.0/System.Diagnostics.EventLog.Messages.dll
                                     AssetType=runtime
                                     CopyLocal=true
                                     DestinationSubDirectory=runtimes/win/lib/net8.0/
                                     DestinationSubPath=runtimes/win/lib/net8.0/System.Diagnostics.EventLog.Messages.dll
                                     NuGetPackageId=System.Diagnostics.EventLog
                                     NuGetPackageVersion=8.0.0
                                     PathInPackage=runtimes/win/lib/net8.0/System.Diagnostics.EventLog.Messages.dll
                                     RuntimeIdentifier=win
                             /home/home/.nuget/packages/system.diagnostics.eventlog/8.0.0/runtimes/win/lib/net8.0/System.Diagnostics.EventLog.dll
                                     AssetType=runtime
                                     CopyLocal=true
                                     DestinationSubDirectory=runtimes/win/lib/net8.0/
                                     DestinationSubPath=runtimes/win/lib/net8.0/System.Diagnostics.EventLog.dll
                                     NuGetPackageId=System.Diagnostics.EventLog
                                     NuGetPackageVersion=8.0.0
                                     PathInPackage=runtimes/win/lib/net8.0/System.Diagnostics.EventLog.dll
                                     RuntimeIdentifier=win
                             /home/home/.nuget/packages/system.text.encodings.web/8.0.0/runtimes/browser/lib/net8.0/System.Text.Encodings.Web.dll
                                     AssetType=runtime
                                     CopyLocal=true
                                     DestinationSubDirectory=runtimes/browser/lib/net8.0/
                                     DestinationSubPath=runtimes/browser/lib/net8.0/System.Text.Encodings.Web.dll
                                     NuGetPackageId=System.Text.Encodings.Web
                                     NuGetPackageVersion=8.0.0
                                     PathInPackage=runtimes/browser/lib/net8.0/System.Text.Encodings.Web.dll
                                     RuntimeIdentifier=browser (TaskId:21)
                     Output Item(s): 
                         ResolvedCompileFileDefinitions=
                             /home/home/.nuget/packages/microsoft.extensions.ai.abstractions/9.10.0/lib/net8.0/Microsoft.Extensions.AI.Abstractions.dll
                                     ExternallyResolved=true
                                     HintPath=/home/home/.nuget/packages/microsoft.extensions.ai.abstractions/9.10.0/lib/net8.0/Microsoft.Extensions.AI.Abstractions.dll
                                     NuGetPackageId=Microsoft.Extensions.AI.Abstractions
                                     NuGetPackageVersion=9.10.0
                                     NuGetSourceType=Package
                                     PathInPackage=lib/net8.0/Microsoft.Extensions.AI.Abstractions.dll
                                     Private=false
                             /home/home/.nuget/packages/microsoft.extensions.configuration/8.0.0/lib/net8.0/Microsoft.Extensions.Configuration.dll
                                     ExternallyResolved=true
                                     HintPath=/home/home/.nuget/packages/microsoft.extensions.configuration/8.0.0/lib/net8.0/Microsoft.Extensions.Configuration.dll
                                     NuGetPackageId=Microsoft.Extensions.Configuration
                                     NuGetPackageVersion=8.0.0
                                     NuGetSourceType=Package
                                     PathInPackage=lib/net8.0/Microsoft.Extensions.Configuration.dll
                                     Private=false
                             /home/home/.nuget/packages/microsoft.extensions.configuration.abstractions/8.0.0/lib/net8.0/Microsoft.Extensions.Configuration.Abstractions.dll
                                     ExternallyResolved=true
                                     HintPath=/home/home/.nuget/packages/microsoft.extensions.configuration.abstractions/8.0.0/lib/net8.0/Microsoft.Extensions.Configuration.Abstractions.dll
                                     NuGetPackageId=Microsoft.Extensions.Configuration.Abstractions
                                     NuGetPackageVersion=8.0.0
                                     NuGetSourceType=Package
                                     PathInPackage=lib/net8.0/Microsoft.Extensions.Configuration.Abstractions.dll
                                     Private=false
                             /home/home/.nuget/packages/microsoft.extensions.configuration.binder/8.0.0/lib/net8.0/Microsoft.Extensions.Configuration.Binder.dll
                                     ExternallyResolved=true
                                     HintPath=/home/home/.nuget/packages/microsoft.extensions.configuration.binder/8.0.0/lib/net8.0/Microsoft.Extensions.Configuration.Binder.dll
                                     NuGetPackageId=Microsoft.Extensions.Configuration.Binder
                                     NuGetPackageVersion=8.0.0
                                     NuGetSourceType=Package
                                     PathInPackage=lib/net8.0/Microsoft.Extensions.Configuration.Binder.dll
                                     Private=false
                             /home/home/.nuget/packages/microsoft.extensions.configuration.commandline/8.0.0/lib/net8.0/Microsoft.Extensions.Configuration.CommandLine.dll
                                     ExternallyResolved=true
                                     HintPath=/home/home/.nuget/packages/microsoft.extensions.configuration.commandline/8.0.0/lib/net8.0/Microsoft.Extensions.Configuration.CommandLine.dll
                                     NuGetPackageId=Microsoft.Extensions.Configuration.CommandLine
                                     NuGetPackageVersion=8.0.0
                                     NuGetSourceType=Package
                                     PathInPackage=lib/net8.0/Microsoft.Extensions.Configuration.CommandLine.dll
                                     Private=false
                             /home/home/.nuget/packages/microsoft.extensions.configuration.environmentvariables/8.0.0/lib/net8.0/Microsoft.Extensions.Configuration.EnvironmentVariables.dll
                                     ExternallyResolved=true
                                     HintPath=/home/home/.nuget/packages/microsoft.extensions.configuration.environmentvariables/8.0.0/lib/net8.0/Microsoft.Extensions.Configuration.EnvironmentVariables.dll
                                     NuGetPackageId=Microsoft.Extensions.Configuration.EnvironmentVariables
                                     NuGetPackageVersion=8.0.0
                                     NuGetSourceType=Package
                                     PathInPackage=lib/net8.0/Microsoft.Extensions.Configuration.EnvironmentVariables.dll
                                     Private=false
                             /home/home/.nuget/packages/microsoft.extensions.configuration.fileextensions/8.0.0/lib/net8.0/Microsoft.Extensions.Configuration.FileExtensions.dll
                                     ExternallyResolved=true
                                     HintPath=/home/home/.nuget/packages/microsoft.extensions.configuration.fileextensions/8.0.0/lib/net8.0/Microsoft.Extensions.Configuration.FileExtensions.dll
                                     NuGetPackageId=Microsoft.Extensions.Configuration.FileExtensions
                                     NuGetPackageVersion=8.0.0
                                     NuGetSourceType=Package
                                     PathInPackage=lib/net8.0/Microsoft.Extensions.Configuration.FileExtensions.dll
                                     Private=false
                             /home/home/.nuget/packages/microsoft.extensions.configuration.json/8.0.0/lib/net8.0/Microsoft.Extensions.Configuration.Json.dll
                                     ExternallyResolved=true
                                     HintPath=/home/home/.nuget/packages/microsoft.extensions.configuration.json/8.0.0/lib/net8.0/Microsoft.Extensions.Configuration.Json.dll
                                     NuGetPackageId=Microsoft.Extensions.Configuration.Json
                                     NuGetPackageVersion=8.0.0
                                     NuGetSourceType=Package
                                     PathInPackage=lib/net8.0/Microsoft.Extensions.Configuration.Json.dll
                                     Private=false
                             /home/home/.nuget/packages/microsoft.extensions.configuration.usersecrets/8.0.0/lib/net8.0/Microsoft.Extensions.Configuration.UserSecrets.dll
                                     ExternallyResolved=true
                                     HintPath=/home/home/.nuget/packages/microsoft.extensions.configuration.usersecrets/8.0.0/lib/net8.0/Microsoft.Extensions.Configuration.UserSecrets.dll
                                     NuGetPackageId=Microsoft.Extensions.Configuration.UserSecrets
                                     NuGetPackageVersion=8.0.0
                                     NuGetSourceType=Package
                                     PathInPackage=lib/net8.0/Microsoft.Extensions.Configuration.UserSecrets.dll
                                     Private=false
                             /home/home/.nuget/packages/microsoft.extensions.dependencyinjection/8.0.0/lib/net8.0/Microsoft.Extensions.DependencyInjection.dll
                                     ExternallyResolved=true
                                     HintPath=/home/home/.nuget/packages/microsoft.extensions.dependencyinjection/8.0.0/lib/net8.0/Microsoft.Extensions.DependencyInjection.dll
                                     NuGetPackageId=Microsoft.Extensions.DependencyInjection
                                     NuGetPackageVersion=8.0.0
                                     NuGetSourceType=Package
                                     PathInPackage=lib/net8.0/Microsoft.Extensions.DependencyInjection.dll
                                     Private=false
                             /home/home/.nuget/packages/microsoft.extensions.dependencyinjection.abstractions/8.0.2/lib/net8.0/Microsoft.Extensions.DependencyInjection.Abstractions.dll
                                     ExternallyResolved=true
                                     HintPath=/home/home/.nuget/packages/microsoft.extensions.dependencyinjection.abstractions/8.0.2/lib/net8.0/Microsoft.Extensions.DependencyInjection.Abstractions.dll
                                     NuGetPackageId=Microsoft.Extensions.DependencyInjection.Abstractions
                                     NuGetPackageVersion=8.0.2
                                     NuGetSourceType=Package
                                     PathInPackage=lib/net8.0/Microsoft.Extensions.DependencyInjection.Abstractions.dll
                                     Private=false
                             /home/home/.nuget/packages/microsoft.extensions.diagnostics/8.0.0/lib/net8.0/Microsoft.Extensions.Diagnostics.dll
                                     ExternallyResolved=true
                                     HintPath=/home/home/.nuget/packages/microsoft.extensions.diagnostics/8.0.0/lib/net8.0/Microsoft.Extensions.Diagnostics.dll
                                     NuGetPackageId=Microsoft.Extensions.Diagnostics
                                     NuGetPackageVersion=8.0.0
                                     NuGetSourceType=Package
                                     PathInPackage=lib/net8.0/Microsoft.Extensions.Diagnostics.dll
                                     Private=false
                             /home/home/.nuget/packages/microsoft.extensions.diagnostics.abstractions/8.0.1/lib/net8.0/Microsoft.Extensions.Diagnostics.Abstractions.dll
                                     ExternallyResolved=true
                                     HintPath=/home/home/.nuget/packages/microsoft.extensions.diagnostics.abstractions/8.0.1/lib/net8.0/Microsoft.Extensions.Diagnostics.Abstractions.dll
                                     NuGetPackageId=Microsoft.Extensions.Diagnostics.Abstractions
                                     NuGetPackageVersion=8.0.1
                                     NuGetSourceType=Package
                                     PathInPackage=lib/net8.0/Microsoft.Extensions.Diagnostics.Abstractions.dll
                                     Private=false
                             /home/home/.nuget/packages/microsoft.extensions.fileproviders.abstractions/8.0.0/lib/net8.0/Microsoft.Extensions.FileProviders.Abstractions.dll
                                     ExternallyResolved=true
                                     HintPath=/home/home/.nuget/packages/microsoft.extensions.fileproviders.abstractions/8.0.0/lib/net8.0/Microsoft.Extensions.FileProviders.Abstractions.dll
                                     NuGetPackageId=Microsoft.Extensions.FileProviders.Abstractions
                                     NuGetPackageVersion=8.0.0
                                     NuGetSourceType=Package
                                     PathInPackage=lib/net8.0/Microsoft.Extensions.FileProviders.Abstractions.dll
                                     Private=false
                             /home/home/.nuget/packages/microsoft.extensions.fileproviders.physical/8.0.0/lib/net8.0/Microsoft.Extensions.FileProviders.Physical.dll
                                     ExternallyResolved=true
                                     HintPath=/home/home/.nuget/packages/microsoft.extensions.fileproviders.physical/8.0.0/lib/net8.0/Microsoft.Extensions.FileProviders.Physical.dll
                                     NuGetPackageId=Microsoft.Extensions.FileProviders.Physical
                                     NuGetPackageVersion=8.0.0
                                     NuGetSourceType=Package
                                     PathInPackage=lib/net8.0/Microsoft.Extensions.FileProviders.Physical.dll
                                     Private=false
                             /home/home/.nuget/packages/microsoft.extensions.filesystemglobbing/8.0.0/lib/net8.0/Microsoft.Extensions.FileSystemGlobbing.dll
                                     ExternallyResolved=true
                                     HintPath=/home/home/.nuget/packages/microsoft.extensions.filesystemglobbing/8.0.0/lib/net8.0/Microsoft.Extensions.FileSystemGlobbing.dll
                                     NuGetPackageId=Microsoft.Extensions.FileSystemGlobbing
                                     NuGetPackageVersion=8.0.0
                                     NuGetSourceType=Package
                                     PathInPackage=lib/net8.0/Microsoft.Extensions.FileSystemGlobbing.dll
                                     Private=false
                             /home/home/.nuget/packages/microsoft.extensions.hosting/8.0.0/lib/net8.0/Microsoft.Extensions.Hosting.dll
                                     ExternallyResolved=true
                                     HintPath=/home/home/.nuget/packages/microsoft.extensions.hosting/8.0.0/lib/net8.0/Microsoft.Extensions.Hosting.dll
                                     NuGetPackageId=Microsoft.Extensions.Hosting
                                     NuGetPackageVersion=8.0.0
                                     NuGetSourceType=Package
                                     PathInPackage=lib/net8.0/Microsoft.Extensions.Hosting.dll
                                     Private=false
                             /home/home/.nuget/packages/microsoft.extensions.hosting.abstractions/8.0.1/lib/net8.0/Microsoft.Extensions.Hosting.Abstractions.dll
                                     ExternallyResolved=true
                                     HintPath=/home/home/.nuget/packages/microsoft.extensions.hosting.abstractions/8.0.1/lib/net8.0/Microsoft.Extensions.Hosting.Abstractions.dll
                                     NuGetPackageId=Microsoft.Extensions.Hosting.Abstractions
                                     NuGetPackageVersion=8.0.1
                                     NuGetSourceType=Package
                                     PathInPackage=lib/net8.0/Microsoft.Extensions.Hosting.Abstractions.dll
                                     Private=false
                             /home/home/.nuget/packages/microsoft.extensions.logging/8.0.0/lib/net8.0/Microsoft.Extensions.Logging.dll
                                     ExternallyResolved=true
                                     HintPath=/home/home/.nuget/packages/microsoft.extensions.logging/8.0.0/lib/net8.0/Microsoft.Extensions.Logging.dll
                                     NuGetPackageId=Microsoft.Extensions.Logging
                                     NuGetPackageVersion=8.0.0
                                     NuGetSourceType=Package
                                     PathInPackage=lib/net8.0/Microsoft.Extensions.Logging.dll
                                     Private=false
                             /home/home/.nuget/packages/microsoft.extensions.logging.abstractions/8.0.3/lib/net8.0/Microsoft.Extensions.Logging.Abstractions.dll
                                     ExternallyResolved=true
                                     HintPath=/home/home/.nuget/packages/microsoft.extensions.logging.abstractions/8.0.3/lib/net8.0/Microsoft.Extensions.Logging.Abstractions.dll
                                     NuGetPackageId=Microsoft.Extensions.Logging.Abstractions
                                     NuGetPackageVersion=8.0.3
                                     NuGetSourceType=Package
                                     PathInPackage=lib/net8.0/Microsoft.Extensions.Logging.Abstractions.dll
                                     Private=false
                             /home/home/.nuget/packages/microsoft.extensions.logging.configuration/8.0.0/lib/net8.0/Microsoft.Extensions.Logging.Configuration.dll
                                     ExternallyResolved=true
                                     HintPath=/home/home/.nuget/packages/microsoft.extensions.logging.configuration/8.0.0/lib/net8.0/Microsoft.Extensions.Logging.Configuration.dll
                                     NuGetPackageId=Microsoft.Extensions.Logging.Configuration
                                     NuGetPackageVersion=8.0.0
                                     NuGetSourceType=Package
                                     PathInPackage=lib/net8.0/Microsoft.Extensions.Logging.Configuration.dll
                                     Private=false
                             /home/home/.nuget/packages/microsoft.extensions.logging.console/8.0.0/lib/net8.0/Microsoft.Extensions.Logging.Console.dll
                                     ExternallyResolved=true
                                     HintPath=/home/home/.nuget/packages/microsoft.extensions.logging.console/8.0.0/lib/net8.0/Microsoft.Extensions.Logging.Console.dll
                                     NuGetPackageId=Microsoft.Extensions.Logging.Console
                                     NuGetPackageVersion=8.0.0
                                     NuGetSourceType=Package
                                     PathInPackage=lib/net8.0/Microsoft.Extensions.Logging.Console.dll
                                     Private=false
                             /home/home/.nuget/packages/microsoft.extensions.logging.debug/8.0.0/lib/net8.0/Microsoft.Extensions.Logging.Debug.dll
                                     ExternallyResolved=true
                                     HintPath=/home/home/.nuget/packages/microsoft.extensions.logging.debug/8.0.0/lib/net8.0/Microsoft.Extensions.Logging.Debug.dll
                                     NuGetPackageId=Microsoft.Extensions.Logging.Debug
                                     NuGetPackageVersion=8.0.0
                                     NuGetSourceType=Package
                                     PathInPackage=lib/net8.0/Microsoft.Extensions.Logging.Debug.dll
                                     Private=false
                             /home/home/.nuget/packages/microsoft.extensions.logging.eventlog/8.0.0/lib/net8.0/Microsoft.Extensions.Logging.EventLog.dll
                                     ExternallyResolved=true
                                     HintPath=/home/home/.nuget/packages/microsoft.extensions.logging.eventlog/8.0.0/lib/net8.0/Microsoft.Extensions.Logging.EventLog.dll
                                     NuGetPackageId=Microsoft.Extensions.Logging.EventLog
                                     NuGetPackageVersion=8.0.0
                                     NuGetSourceType=Package
                                     PathInPackage=lib/net8.0/Microsoft.Extensions.Logging.EventLog.dll
                                     Private=false
                             /home/home/.nuget/packages/microsoft.extensions.logging.eventsource/8.0.0/lib/net8.0/Microsoft.Extensions.Logging.EventSource.dll
                                     ExternallyResolved=true
                                     HintPath=/home/home/.nuget/packages/microsoft.extensions.logging.eventsource/8.0.0/lib/net8.0/Microsoft.Extensions.Logging.EventSource.dll
                                     NuGetPackageId=Microsoft.Extensions.Logging.EventSource
                                     NuGetPackageVersion=8.0.0
                                     NuGetSourceType=Package
                                     PathInPackage=lib/net8.0/Microsoft.Extensions.Logging.EventSource.dll
                                     Private=false
                             /home/home/.nuget/packages/microsoft.extensions.options/8.0.2/lib/net8.0/Microsoft.Extensions.Options.dll
                                     ExternallyResolved=true
                                     HintPath=/home/home/.nuget/packages/microsoft.extensions.options/8.0.2/lib/net8.0/Microsoft.Extensions.Options.dll
                                     NuGetPackageId=Microsoft.Extensions.Options
                                     NuGetPackageVersion=8.0.2
                                     NuGetSourceType=Package
                                     PathInPackage=lib/net8.0/Microsoft.Extensions.Options.dll
                                     Private=false
                             /home/home/.nuget/packages/microsoft.extensions.options.configurationextensions/8.0.0/lib/net8.0/Microsoft.Extensions.Options.ConfigurationExtensions.dll
                                     ExternallyResolved=true
                                     HintPath=/home/home/.nuget/packages/microsoft.extensions.options.configurationextensions/8.0.0/lib/net8.0/Microsoft.Extensions.Options.ConfigurationExtensions.dll
                                     NuGetPackageId=Microsoft.Extensions.Options.ConfigurationExtensions
                                     NuGetPackageVersion=8.0.0
                                     NuGetSourceType=Package
                                     PathInPackage=lib/net8.0/Microsoft.Extensions.Options.ConfigurationExtensions.dll
                                     Private=false
                             /home/home/.nuget/packages/microsoft.extensions.primitives/8.0.0/lib/net8.0/Microsoft.Extensions.Primitives.dll
                                     ExternallyResolved=true
                                     HintPath=/home/home/.nuget/packages/microsoft.extensions.primitives/8.0.0/lib/net8.0/Microsoft.Extensions.Primitives.dll
                                     NuGetPackageId=Microsoft.Extensions.Primitives
                                     NuGetPackageVersion=8.0.0
                                     NuGetSourceType=Package
                                     PathInPackage=lib/net8.0/Microsoft.Extensions.Primitives.dll
                                     Private=false
                             /home/home/.nuget/packages/modelcontextprotocol/0.4.0-preview.3/lib/net8.0/ModelContextProtocol.dll
                                     ExternallyResolved=true
                                     HintPath=/home/home/.nuget/packages/modelcontextprotocol/0.4.0-preview.3/lib/net8.0/ModelContextProtocol.dll
                                     NuGetPackageId=ModelContextProtocol
                                     NuGetPackageVersion=0.4.0-preview.3
                                     NuGetSourceType=Package
                                     PathInPackage=lib/net8.0/ModelContextProtocol.dll
                                     Private=false
                             /home/home/.nuget/packages/modelcontextprotocol.core/0.4.0-preview.3/lib/net8.0/ModelContextProtocol.Core.dll
                                     ExternallyResolved=true
                                     HintPath=/home/home/.nuget/packages/modelcontextprotocol.core/0.4.0-preview.3/lib/net8.0/ModelContextProtocol.Core.dll
                                     NuGetPackageId=ModelContextProtocol.Core
                                     NuGetPackageVersion=0.4.0-preview.3
                                     NuGetSourceType=Package
                                     PathInPackage=lib/net8.0/ModelContextProtocol.Core.dll
                                     Private=false
                             /home/home/.nuget/packages/system.diagnostics.eventlog/8.0.0/lib/net8.0/System.Diagnostics.EventLog.dll
                                     ExternallyResolved=true
                                     HintPath=/home/home/.nuget/packages/system.diagnostics.eventlog/8.0.0/lib/net8.0/System.Diagnostics.EventLog.dll
                                     NuGetPackageId=System.Diagnostics.EventLog
                                     NuGetPackageVersion=8.0.0
                                     NuGetSourceType=Package
                                     PathInPackage=lib/net8.0/System.Diagnostics.EventLog.dll
                                     Private=false
                             /home/home/.nuget/packages/system.io.pipelines/8.0.0/lib/net8.0/System.IO.Pipelines.dll
                                     ExternallyResolved=true
                                     HintPath=/home/home/.nuget/packages/system.io.pipelines/8.0.0/lib/net8.0/System.IO.Pipelines.dll
                                     NuGetPackageId=System.IO.Pipelines
                                     NuGetPackageVersion=8.0.0
                                     NuGetSourceType=Package
                                     PathInPackage=lib/net8.0/System.IO.Pipelines.dll
                                     Private=false
                             /home/home/.nuget/packages/system.net.serversentevents/10.0.0-rc.2.25502.107/lib/net8.0/System.Net.ServerSentEvents.dll
                                     ExternallyResolved=true
                                     HintPath=/home/home/.nuget/packages/system.net.serversentevents/10.0.0-rc.2.25502.107/lib/net8.0/System.Net.ServerSentEvents.dll
                                     NuGetPackageId=System.Net.ServerSentEvents
                                     NuGetPackageVersion=10.0.0-rc.2.25502.107
                                     NuGetSourceType=Package
                                     PathInPackage=lib/net8.0/System.Net.ServerSentEvents.dll
                                     Private=false
                             /home/home/.nuget/packages/system.text.encodings.web/8.0.0/lib/net8.0/System.Text.Encodings.Web.dll
                                     ExternallyResolved=true
                                     HintPath=/home/home/.nuget/packages/system.text.encodings.web/8.0.0/lib/net8.0/System.Text.Encodings.Web.dll
                                     NuGetPackageId=System.Text.Encodings.Web
                                     NuGetPackageVersion=8.0.0
                                     NuGetSourceType=Package
                                     PathInPackage=lib/net8.0/System.Text.Encodings.Web.dll
                                     Private=false
                             /home/home/.nuget/packages/system.text.json/8.0.0/lib/net8.0/System.Text.Json.dll
                                     ExternallyResolved=true
                                     HintPath=/home/home/.nuget/packages/system.text.json/8.0.0/lib/net8.0/System.Text.Json.dll
                                     NuGetPackageId=System.Text.Json
                                     NuGetPackageVersion=8.0.0
                                     NuGetSourceType=Package
                                     PathInPackage=lib/net8.0/System.Text.Json.dll
                                     Private=false (TaskId:21)
                     Output Item(s): 
                         _TransitiveProjectReferences=
                             ../SampleOnionApp.Domain/SampleOnionApp.Domain.csproj
                                     NuGetPackageId=SampleOnionApp.Domain
                                     NuGetPackageVersion=1.0.0 (TaskId:21)
                     Output Item(s): AssetsFilePackageFolder=/home/home/.nuget/packages/ (TaskId:21)
                     Output Item(s): 
                         PackageDependencies=
                             Microsoft.Extensions.AI.Abstractions
                             Microsoft.Extensions.Configuration
                             Microsoft.Extensions.Configuration.Abstractions
                             Microsoft.Extensions.Configuration.Binder
                             Microsoft.Extensions.Configuration.CommandLine
                             Microsoft.Extensions.Configuration.EnvironmentVariables
                             Microsoft.Extensions.Configuration.FileExtensions
                             Microsoft.Extensions.Configuration.Json
                             Microsoft.Extensions.Configuration.UserSecrets
                             Microsoft.Extensions.DependencyInjection
                             Microsoft.Extensions.DependencyInjection.Abstractions
                             Microsoft.Extensions.Diagnostics
                             Microsoft.Extensions.Diagnostics.Abstractions
                             Microsoft.Extensions.FileProviders.Abstractions
                             Microsoft.Extensions.FileProviders.Physical
                             Microsoft.Extensions.FileSystemGlobbing
                             Microsoft.Extensions.Hosting
                             Microsoft.Extensions.Hosting.Abstractions
                             Microsoft.Extensions.Logging
                             Microsoft.Extensions.Logging.Abstractions
                             Microsoft.Extensions.Logging.Configuration
                             Microsoft.Extensions.Logging.Console
                             Microsoft.Extensions.Logging.Debug
                             Microsoft.Extensions.Logging.EventLog
                             Microsoft.Extensions.Logging.EventSource
                             Microsoft.Extensions.Options
                             Microsoft.Extensions.Options.ConfigurationExtensions
                             Microsoft.Extensions.Primitives
                             ModelContextProtocol
                             ModelContextProtocol.Core
                             System.Diagnostics.EventLog
                             System.IO.Pipelines
                             System.Net.ServerSentEvents
                             System.Text.Encodings.Web
                             System.Text.Json (TaskId:21)
                     Output Item(s): 
                         _PackageDependenciesDesignTime=
                             Microsoft.Extensions.Hosting/8.0.0
                                     IsImplicitlyDefined=False
                                     Name=Microsoft.Extensions.Hosting
                                     Path=/home/home/.nuget/packages/microsoft.extensions.hosting/8.0.0
                                     Resolved=True
                                     Version=8.0.0
                             ModelContextProtocol/0.4.0-preview.3
                                     IsImplicitlyDefined=False
                                     Name=ModelContextProtocol
                                     Path=/home/home/.nuget/packages/modelcontextprotocol/0.4.0-preview.3
                                     Resolved=True
                                     Version=0.4.0-preview.3 (TaskId:21)
                   Done executing task "ResolvePackageAssets". (TaskId:21)
20:21:26.454     1>Done building target "ResolvePackageAssets" in project "SampleOnionApp.McpServer.csproj".: (TargetId:35)
                   Target "AdjustDefaultPlatformTargetForNetFrameworkExeWithNoNativeCopyLocalItems" skipped, due to false condition; ('$(_UsingDefaultPlatformTarget)' == 'true' and
                                        '$(_UsingDefaultRuntimeIdentifier)' == 'true') was evaluated as ('true' == 'true' and
                                        '' == 'true').
                   Target "_CheckForTransitiveWindowsDesktopDependencies" skipped, due to false condition; ('$(TargetFrameworkIdentifier)' == '.NETCoreApp' and $([MSBuild]::VersionGreaterThanOrEquals($(_TargetFrameworkVersionWithoutV), '5.0')) and '$(TargetPlatformIdentifier)' != 'Windows' and '@(TransitiveFrameworkReference)' != '') was evaluated as ('.NETCoreApp' == '.NETCoreApp' and True and '' != 'Windows' and '' != '').
                   Target "AddTransitiveFrameworkReferences" skipped, due to false condition; ('@(TransitiveFrameworkReference)' != '') was evaluated as ('' != '').
20:21:26.454     1>Target "ResolveLockFileReferences: (TargetId:36)" in file "/usr/lib/dotnet/sdk/8.0.121/Sdks/Microsoft.NET.Sdk/targets/Microsoft.PackageDependencyResolution.targets" from project "/home/home/Desktop/codex-test/src/SampleOnionApp.McpServer/SampleOnionApp.McpServer.csproj" (target "ResolvePackageDependenciesForBuild" depends on it):
                   Using "JoinItems" task from assembly "/usr/lib/dotnet/sdk/8.0.121/Sdks/Microsoft.NET.Sdk/targets/../tools/net8.0/Microsoft.NET.Build.Tasks.dll".
                   Task "JoinItems" (TaskId:22)
                     Task Parameter:RightMetadata=* (TaskId:22)
                     Task Parameter:
                         Left=
                             /home/home/.nuget/packages/microsoft.extensions.ai.abstractions/9.10.0/lib/net8.0/Microsoft.Extensions.AI.Abstractions.dll
                                     ExternallyResolved=true
                                     HintPath=/home/home/.nuget/packages/microsoft.extensions.ai.abstractions/9.10.0/lib/net8.0/Microsoft.Extensions.AI.Abstractions.dll
                                     NuGetPackageId=Microsoft.Extensions.AI.Abstractions
                                     NuGetPackageVersion=9.10.0
                                     NuGetSourceType=Package
                                     PathInPackage=lib/net8.0/Microsoft.Extensions.AI.Abstractions.dll
                                     Private=false
                             /home/home/.nuget/packages/microsoft.extensions.configuration/8.0.0/lib/net8.0/Microsoft.Extensions.Configuration.dll
                                     ExternallyResolved=true
                                     HintPath=/home/home/.nuget/packages/microsoft.extensions.configuration/8.0.0/lib/net8.0/Microsoft.Extensions.Configuration.dll
                                     NuGetPackageId=Microsoft.Extensions.Configuration
                                     NuGetPackageVersion=8.0.0
                                     NuGetSourceType=Package
                                     PathInPackage=lib/net8.0/Microsoft.Extensions.Configuration.dll
                                     Private=false
                             /home/home/.nuget/packages/microsoft.extensions.configuration.abstractions/8.0.0/lib/net8.0/Microsoft.Extensions.Configuration.Abstractions.dll
                                     ExternallyResolved=true
                                     HintPath=/home/home/.nuget/packages/microsoft.extensions.configuration.abstractions/8.0.0/lib/net8.0/Microsoft.Extensions.Configuration.Abstractions.dll
                                     NuGetPackageId=Microsoft.Extensions.Configuration.Abstractions
                                     NuGetPackageVersion=8.0.0
                                     NuGetSourceType=Package
                                     PathInPackage=lib/net8.0/Microsoft.Extensions.Configuration.Abstractions.dll
                                     Private=false
                             /home/home/.nuget/packages/microsoft.extensions.configuration.binder/8.0.0/lib/net8.0/Microsoft.Extensions.Configuration.Binder.dll
                                     ExternallyResolved=true
                                     HintPath=/home/home/.nuget/packages/microsoft.extensions.configuration.binder/8.0.0/lib/net8.0/Microsoft.Extensions.Configuration.Binder.dll
                                     NuGetPackageId=Microsoft.Extensions.Configuration.Binder
                                     NuGetPackageVersion=8.0.0
                                     NuGetSourceType=Package
                                     PathInPackage=lib/net8.0/Microsoft.Extensions.Configuration.Binder.dll
                                     Private=false
                             /home/home/.nuget/packages/microsoft.extensions.configuration.commandline/8.0.0/lib/net8.0/Microsoft.Extensions.Configuration.CommandLine.dll
                                     ExternallyResolved=true
                                     HintPath=/home/home/.nuget/packages/microsoft.extensions.configuration.commandline/8.0.0/lib/net8.0/Microsoft.Extensions.Configuration.CommandLine.dll
                                     NuGetPackageId=Microsoft.Extensions.Configuration.CommandLine
                                     NuGetPackageVersion=8.0.0
                                     NuGetSourceType=Package
                                     PathInPackage=lib/net8.0/Microsoft.Extensions.Configuration.CommandLine.dll
                                     Private=false
                             /home/home/.nuget/packages/microsoft.extensions.configuration.environmentvariables/8.0.0/lib/net8.0/Microsoft.Extensions.Configuration.EnvironmentVariables.dll
                                     ExternallyResolved=true
                                     HintPath=/home/home/.nuget/packages/microsoft.extensions.configuration.environmentvariables/8.0.0/lib/net8.0/Microsoft.Extensions.Configuration.EnvironmentVariables.dll
                                     NuGetPackageId=Microsoft.Extensions.Configuration.EnvironmentVariables
                                     NuGetPackageVersion=8.0.0
                                     NuGetSourceType=Package
                                     PathInPackage=lib/net8.0/Microsoft.Extensions.Configuration.EnvironmentVariables.dll
                                     Private=false
                             /home/home/.nuget/packages/microsoft.extensions.configuration.fileextensions/8.0.0/lib/net8.0/Microsoft.Extensions.Configuration.FileExtensions.dll
                                     ExternallyResolved=true
                                     HintPath=/home/home/.nuget/packages/microsoft.extensions.configuration.fileextensions/8.0.0/lib/net8.0/Microsoft.Extensions.Configuration.FileExtensions.dll
                                     NuGetPackageId=Microsoft.Extensions.Configuration.FileExtensions
                                     NuGetPackageVersion=8.0.0
                                     NuGetSourceType=Package
                                     PathInPackage=lib/net8.0/Microsoft.Extensions.Configuration.FileExtensions.dll
                                     Private=false
                             /home/home/.nuget/packages/microsoft.extensions.configuration.json/8.0.0/lib/net8.0/Microsoft.Extensions.Configuration.Json.dll
                                     ExternallyResolved=true
                                     HintPath=/home/home/.nuget/packages/microsoft.extensions.configuration.json/8.0.0/lib/net8.0/Microsoft.Extensions.Configuration.Json.dll
                                     NuGetPackageId=Microsoft.Extensions.Configuration.Json
                                     NuGetPackageVersion=8.0.0
                                     NuGetSourceType=Package
                                     PathInPackage=lib/net8.0/Microsoft.Extensions.Configuration.Json.dll
                                     Private=false
                             /home/home/.nuget/packages/microsoft.extensions.configuration.usersecrets/8.0.0/lib/net8.0/Microsoft.Extensions.Configuration.UserSecrets.dll
                                     ExternallyResolved=true
                                     HintPath=/home/home/.nuget/packages/microsoft.extensions.configuration.usersecrets/8.0.0/lib/net8.0/Microsoft.Extensions.Configuration.UserSecrets.dll
                                     NuGetPackageId=Microsoft.Extensions.Configuration.UserSecrets
                                     NuGetPackageVersion=8.0.0
                                     NuGetSourceType=Package
                                     PathInPackage=lib/net8.0/Microsoft.Extensions.Configuration.UserSecrets.dll
                                     Private=false
                             /home/home/.nuget/packages/microsoft.extensions.dependencyinjection/8.0.0/lib/net8.0/Microsoft.Extensions.DependencyInjection.dll
                                     ExternallyResolved=true
                                     HintPath=/home/home/.nuget/packages/microsoft.extensions.dependencyinjection/8.0.0/lib/net8.0/Microsoft.Extensions.DependencyInjection.dll
                                     NuGetPackageId=Microsoft.Extensions.DependencyInjection
                                     NuGetPackageVersion=8.0.0
                                     NuGetSourceType=Package
                                     PathInPackage=lib/net8.0/Microsoft.Extensions.DependencyInjection.dll
                                     Private=false
                             /home/home/.nuget/packages/microsoft.extensions.dependencyinjection.abstractions/8.0.2/lib/net8.0/Microsoft.Extensions.DependencyInjection.Abstractions.dll
                                     ExternallyResolved=true
                                     HintPath=/home/home/.nuget/packages/microsoft.extensions.dependencyinjection.abstractions/8.0.2/lib/net8.0/Microsoft.Extensions.DependencyInjection.Abstractions.dll
                                     NuGetPackageId=Microsoft.Extensions.DependencyInjection.Abstractions
                                     NuGetPackageVersion=8.0.2
                                     NuGetSourceType=Package
                                     PathInPackage=lib/net8.0/Microsoft.Extensions.DependencyInjection.Abstractions.dll
                                     Private=false
                             /home/home/.nuget/packages/microsoft.extensions.diagnostics/8.0.0/lib/net8.0/Microsoft.Extensions.Diagnostics.dll
                                     ExternallyResolved=true
                                     HintPath=/home/home/.nuget/packages/microsoft.extensions.diagnostics/8.0.0/lib/net8.0/Microsoft.Extensions.Diagnostics.dll
                                     NuGetPackageId=Microsoft.Extensions.Diagnostics
                                     NuGetPackageVersion=8.0.0
                                     NuGetSourceType=Package
                                     PathInPackage=lib/net8.0/Microsoft.Extensions.Diagnostics.dll
                                     Private=false
                             /home/home/.nuget/packages/microsoft.extensions.diagnostics.abstractions/8.0.1/lib/net8.0/Microsoft.Extensions.Diagnostics.Abstractions.dll
                                     ExternallyResolved=true
                                     HintPath=/home/home/.nuget/packages/microsoft.extensions.diagnostics.abstractions/8.0.1/lib/net8.0/Microsoft.Extensions.Diagnostics.Abstractions.dll
                                     NuGetPackageId=Microsoft.Extensions.Diagnostics.Abstractions
                                     NuGetPackageVersion=8.0.1
                                     NuGetSourceType=Package
                                     PathInPackage=lib/net8.0/Microsoft.Extensions.Diagnostics.Abstractions.dll
                                     Private=false
                             /home/home/.nuget/packages/microsoft.extensions.fileproviders.abstractions/8.0.0/lib/net8.0/Microsoft.Extensions.FileProviders.Abstractions.dll
                                     ExternallyResolved=true
                                     HintPath=/home/home/.nuget/packages/microsoft.extensions.fileproviders.abstractions/8.0.0/lib/net8.0/Microsoft.Extensions.FileProviders.Abstractions.dll
                                     NuGetPackageId=Microsoft.Extensions.FileProviders.Abstractions
                                     NuGetPackageVersion=8.0.0
                                     NuGetSourceType=Package
                                     PathInPackage=lib/net8.0/Microsoft.Extensions.FileProviders.Abstractions.dll
                                     Private=false
                             /home/home/.nuget/packages/microsoft.extensions.fileproviders.physical/8.0.0/lib/net8.0/Microsoft.Extensions.FileProviders.Physical.dll
                                     ExternallyResolved=true
                                     HintPath=/home/home/.nuget/packages/microsoft.extensions.fileproviders.physical/8.0.0/lib/net8.0/Microsoft.Extensions.FileProviders.Physical.dll
                                     NuGetPackageId=Microsoft.Extensions.FileProviders.Physical
                                     NuGetPackageVersion=8.0.0
                                     NuGetSourceType=Package
                                     PathInPackage=lib/net8.0/Microsoft.Extensions.FileProviders.Physical.dll
                                     Private=false
                             /home/home/.nuget/packages/microsoft.extensions.filesystemglobbing/8.0.0/lib/net8.0/Microsoft.Extensions.FileSystemGlobbing.dll
                                     ExternallyResolved=true
                                     HintPath=/home/home/.nuget/packages/microsoft.extensions.filesystemglobbing/8.0.0/lib/net8.0/Microsoft.Extensions.FileSystemGlobbing.dll
                                     NuGetPackageId=Microsoft.Extensions.FileSystemGlobbing
                                     NuGetPackageVersion=8.0.0
                                     NuGetSourceType=Package
                                     PathInPackage=lib/net8.0/Microsoft.Extensions.FileSystemGlobbing.dll
                                     Private=false
                             /home/home/.nuget/packages/microsoft.extensions.hosting/8.0.0/lib/net8.0/Microsoft.Extensions.Hosting.dll
                                     ExternallyResolved=true
                                     HintPath=/home/home/.nuget/packages/microsoft.extensions.hosting/8.0.0/lib/net8.0/Microsoft.Extensions.Hosting.dll
                                     NuGetPackageId=Microsoft.Extensions.Hosting
                                     NuGetPackageVersion=8.0.0
                                     NuGetSourceType=Package
                                     PathInPackage=lib/net8.0/Microsoft.Extensions.Hosting.dll
                                     Private=false
                             /home/home/.nuget/packages/microsoft.extensions.hosting.abstractions/8.0.1/lib/net8.0/Microsoft.Extensions.Hosting.Abstractions.dll
                                     ExternallyResolved=true
                                     HintPath=/home/home/.nuget/packages/microsoft.extensions.hosting.abstractions/8.0.1/lib/net8.0/Microsoft.Extensions.Hosting.Abstractions.dll
                                     NuGetPackageId=Microsoft.Extensions.Hosting.Abstractions
                                     NuGetPackageVersion=8.0.1
                                     NuGetSourceType=Package
                                     PathInPackage=lib/net8.0/Microsoft.Extensions.Hosting.Abstractions.dll
                                     Private=false
                             /home/home/.nuget/packages/microsoft.extensions.logging/8.0.0/lib/net8.0/Microsoft.Extensions.Logging.dll
                                     ExternallyResolved=true
                                     HintPath=/home/home/.nuget/packages/microsoft.extensions.logging/8.0.0/lib/net8.0/Microsoft.Extensions.Logging.dll
                                     NuGetPackageId=Microsoft.Extensions.Logging
                                     NuGetPackageVersion=8.0.0
                                     NuGetSourceType=Package
                                     PathInPackage=lib/net8.0/Microsoft.Extensions.Logging.dll
                                     Private=false
                             /home/home/.nuget/packages/microsoft.extensions.logging.abstractions/8.0.3/lib/net8.0/Microsoft.Extensions.Logging.Abstractions.dll
                                     ExternallyResolved=true
                                     HintPath=/home/home/.nuget/packages/microsoft.extensions.logging.abstractions/8.0.3/lib/net8.0/Microsoft.Extensions.Logging.Abstractions.dll
                                     NuGetPackageId=Microsoft.Extensions.Logging.Abstractions
                                     NuGetPackageVersion=8.0.3
                                     NuGetSourceType=Package
                                     PathInPackage=lib/net8.0/Microsoft.Extensions.Logging.Abstractions.dll
                                     Private=false
                             /home/home/.nuget/packages/microsoft.extensions.logging.configuration/8.0.0/lib/net8.0/Microsoft.Extensions.Logging.Configuration.dll
                                     ExternallyResolved=true
                                     HintPath=/home/home/.nuget/packages/microsoft.extensions.logging.configuration/8.0.0/lib/net8.0/Microsoft.Extensions.Logging.Configuration.dll
                                     NuGetPackageId=Microsoft.Extensions.Logging.Configuration
                                     NuGetPackageVersion=8.0.0
                                     NuGetSourceType=Package
                                     PathInPackage=lib/net8.0/Microsoft.Extensions.Logging.Configuration.dll
                                     Private=false
                             /home/home/.nuget/packages/microsoft.extensions.logging.console/8.0.0/lib/net8.0/Microsoft.Extensions.Logging.Console.dll
                                     ExternallyResolved=true
                                     HintPath=/home/home/.nuget/packages/microsoft.extensions.logging.console/8.0.0/lib/net8.0/Microsoft.Extensions.Logging.Console.dll
                                     NuGetPackageId=Microsoft.Extensions.Logging.Console
                                     NuGetPackageVersion=8.0.0
                                     NuGetSourceType=Package
                                     PathInPackage=lib/net8.0/Microsoft.Extensions.Logging.Console.dll
                                     Private=false
                             /home/home/.nuget/packages/microsoft.extensions.logging.debug/8.0.0/lib/net8.0/Microsoft.Extensions.Logging.Debug.dll
                                     ExternallyResolved=true
                                     HintPath=/home/home/.nuget/packages/microsoft.extensions.logging.debug/8.0.0/lib/net8.0/Microsoft.Extensions.Logging.Debug.dll
                                     NuGetPackageId=Microsoft.Extensions.Logging.Debug
                                     NuGetPackageVersion=8.0.0
                                     NuGetSourceType=Package
                                     PathInPackage=lib/net8.0/Microsoft.Extensions.Logging.Debug.dll
                                     Private=false
                             /home/home/.nuget/packages/microsoft.extensions.logging.eventlog/8.0.0/lib/net8.0/Microsoft.Extensions.Logging.EventLog.dll
                                     ExternallyResolved=true
                                     HintPath=/home/home/.nuget/packages/microsoft.extensions.logging.eventlog/8.0.0/lib/net8.0/Microsoft.Extensions.Logging.EventLog.dll
                                     NuGetPackageId=Microsoft.Extensions.Logging.EventLog
                                     NuGetPackageVersion=8.0.0
                                     NuGetSourceType=Package
                                     PathInPackage=lib/net8.0/Microsoft.Extensions.Logging.EventLog.dll
                                     Private=false
                             /home/home/.nuget/packages/microsoft.extensions.logging.eventsource/8.0.0/lib/net8.0/Microsoft.Extensions.Logging.EventSource.dll
                                     ExternallyResolved=true
                                     HintPath=/home/home/.nuget/packages/microsoft.extensions.logging.eventsource/8.0.0/lib/net8.0/Microsoft.Extensions.Logging.EventSource.dll
                                     NuGetPackageId=Microsoft.Extensions.Logging.EventSource
                                     NuGetPackageVersion=8.0.0
                                     NuGetSourceType=Package
                                     PathInPackage=lib/net8.0/Microsoft.Extensions.Logging.EventSource.dll
                                     Private=false
                             /home/home/.nuget/packages/microsoft.extensions.options/8.0.2/lib/net8.0/Microsoft.Extensions.Options.dll
                                     ExternallyResolved=true
                                     HintPath=/home/home/.nuget/packages/microsoft.extensions.options/8.0.2/lib/net8.0/Microsoft.Extensions.Options.dll
                                     NuGetPackageId=Microsoft.Extensions.Options
                                     NuGetPackageVersion=8.0.2
                                     NuGetSourceType=Package
                                     PathInPackage=lib/net8.0/Microsoft.Extensions.Options.dll
                                     Private=false
                             /home/home/.nuget/packages/microsoft.extensions.options.configurationextensions/8.0.0/lib/net8.0/Microsoft.Extensions.Options.ConfigurationExtensions.dll
                                     ExternallyResolved=true
                                     HintPath=/home/home/.nuget/packages/microsoft.extensions.options.configurationextensions/8.0.0/lib/net8.0/Microsoft.Extensions.Options.ConfigurationExtensions.dll
                                     NuGetPackageId=Microsoft.Extensions.Options.ConfigurationExtensions
                                     NuGetPackageVersion=8.0.0
                                     NuGetSourceType=Package
                                     PathInPackage=lib/net8.0/Microsoft.Extensions.Options.ConfigurationExtensions.dll
                                     Private=false
                             /home/home/.nuget/packages/microsoft.extensions.primitives/8.0.0/lib/net8.0/Microsoft.Extensions.Primitives.dll
                                     ExternallyResolved=true
                                     HintPath=/home/home/.nuget/packages/microsoft.extensions.primitives/8.0.0/lib/net8.0/Microsoft.Extensions.Primitives.dll
                                     NuGetPackageId=Microsoft.Extensions.Primitives
                                     NuGetPackageVersion=8.0.0
                                     NuGetSourceType=Package
                                     PathInPackage=lib/net8.0/Microsoft.Extensions.Primitives.dll
                                     Private=false
                             /home/home/.nuget/packages/modelcontextprotocol/0.4.0-preview.3/lib/net8.0/ModelContextProtocol.dll
                                     ExternallyResolved=true
                                     HintPath=/home/home/.nuget/packages/modelcontextprotocol/0.4.0-preview.3/lib/net8.0/ModelContextProtocol.dll
                                     NuGetPackageId=ModelContextProtocol
                                     NuGetPackageVersion=0.4.0-preview.3
                                     NuGetSourceType=Package
                                     PathInPackage=lib/net8.0/ModelContextProtocol.dll
                                     Private=false
                             /home/home/.nuget/packages/modelcontextprotocol.core/0.4.0-preview.3/lib/net8.0/ModelContextProtocol.Core.dll
                                     ExternallyResolved=true
                                     HintPath=/home/home/.nuget/packages/modelcontextprotocol.core/0.4.0-preview.3/lib/net8.0/ModelContextProtocol.Core.dll
                                     NuGetPackageId=ModelContextProtocol.Core
                                     NuGetPackageVersion=0.4.0-preview.3
                                     NuGetSourceType=Package
                                     PathInPackage=lib/net8.0/ModelContextProtocol.Core.dll
                                     Private=false
                             /home/home/.nuget/packages/system.diagnostics.eventlog/8.0.0/lib/net8.0/System.Diagnostics.EventLog.dll
                                     ExternallyResolved=true
                                     HintPath=/home/home/.nuget/packages/system.diagnostics.eventlog/8.0.0/lib/net8.0/System.Diagnostics.EventLog.dll
                                     NuGetPackageId=System.Diagnostics.EventLog
                                     NuGetPackageVersion=8.0.0
                                     NuGetSourceType=Package
                                     PathInPackage=lib/net8.0/System.Diagnostics.EventLog.dll
                                     Private=false
                             /home/home/.nuget/packages/system.io.pipelines/8.0.0/lib/net8.0/System.IO.Pipelines.dll
                                     ExternallyResolved=true
                                     HintPath=/home/home/.nuget/packages/system.io.pipelines/8.0.0/lib/net8.0/System.IO.Pipelines.dll
                                     NuGetPackageId=System.IO.Pipelines
                                     NuGetPackageVersion=8.0.0
                                     NuGetSourceType=Package
                                     PathInPackage=lib/net8.0/System.IO.Pipelines.dll
                                     Private=false
                             /home/home/.nuget/packages/system.net.serversentevents/10.0.0-rc.2.25502.107/lib/net8.0/System.Net.ServerSentEvents.dll
                                     ExternallyResolved=true
                                     HintPath=/home/home/.nuget/packages/system.net.serversentevents/10.0.0-rc.2.25502.107/lib/net8.0/System.Net.ServerSentEvents.dll
                                     NuGetPackageId=System.Net.ServerSentEvents
                                     NuGetPackageVersion=10.0.0-rc.2.25502.107
                                     NuGetSourceType=Package
                                     PathInPackage=lib/net8.0/System.Net.ServerSentEvents.dll
                                     Private=false
                             /home/home/.nuget/packages/system.text.encodings.web/8.0.0/lib/net8.0/System.Text.Encodings.Web.dll
                                     ExternallyResolved=true
                                     HintPath=/home/home/.nuget/packages/system.text.encodings.web/8.0.0/lib/net8.0/System.Text.Encodings.Web.dll
                                     NuGetPackageId=System.Text.Encodings.Web
                                     NuGetPackageVersion=8.0.0
                                     NuGetSourceType=Package
                                     PathInPackage=lib/net8.0/System.Text.Encodings.Web.dll
                                     Private=false
                             /home/home/.nuget/packages/system.text.json/8.0.0/lib/net8.0/System.Text.Json.dll
                                     ExternallyResolved=true
                                     HintPath=/home/home/.nuget/packages/system.text.json/8.0.0/lib/net8.0/System.Text.Json.dll
                                     NuGetPackageId=System.Text.Json
                                     NuGetPackageVersion=8.0.0
                                     NuGetSourceType=Package
                                     PathInPackage=lib/net8.0/System.Text.Json.dll
                                     Private=false (TaskId:22)
                     Task Parameter:LeftMetadata=* (TaskId:22)
                     Task Parameter:LeftKey=FileName (TaskId:22)
                   Done executing task "JoinItems". (TaskId:22)
                   Added Item(s): 
                       ResolvedCompileFileDefinitionsToAdd=
                           /home/home/.nuget/packages/microsoft.extensions.ai.abstractions/9.10.0/lib/net8.0/Microsoft.Extensions.AI.Abstractions.dll
                                   ExternallyResolved=true
                                   HintPath=/home/home/.nuget/packages/microsoft.extensions.ai.abstractions/9.10.0/lib/net8.0/Microsoft.Extensions.AI.Abstractions.dll
                                   NuGetPackageId=Microsoft.Extensions.AI.Abstractions
                                   NuGetPackageVersion=9.10.0
                                   NuGetSourceType=Package
                                   PathInPackage=lib/net8.0/Microsoft.Extensions.AI.Abstractions.dll
                                   Private=false
                           /home/home/.nuget/packages/microsoft.extensions.configuration/8.0.0/lib/net8.0/Microsoft.Extensions.Configuration.dll
                                   ExternallyResolved=true
                                   HintPath=/home/home/.nuget/packages/microsoft.extensions.configuration/8.0.0/lib/net8.0/Microsoft.Extensions.Configuration.dll
                                   NuGetPackageId=Microsoft.Extensions.Configuration
                                   NuGetPackageVersion=8.0.0
                                   NuGetSourceType=Package
                                   PathInPackage=lib/net8.0/Microsoft.Extensions.Configuration.dll
                                   Private=false
                           /home/home/.nuget/packages/microsoft.extensions.configuration.abstractions/8.0.0/lib/net8.0/Microsoft.Extensions.Configuration.Abstractions.dll
                                   ExternallyResolved=true
                                   HintPath=/home/home/.nuget/packages/microsoft.extensions.configuration.abstractions/8.0.0/lib/net8.0/Microsoft.Extensions.Configuration.Abstractions.dll
                                   NuGetPackageId=Microsoft.Extensions.Configuration.Abstractions
                                   NuGetPackageVersion=8.0.0
                                   NuGetSourceType=Package
                                   PathInPackage=lib/net8.0/Microsoft.Extensions.Configuration.Abstractions.dll
                                   Private=false
                           /home/home/.nuget/packages/microsoft.extensions.configuration.binder/8.0.0/lib/net8.0/Microsoft.Extensions.Configuration.Binder.dll
                                   ExternallyResolved=true
                                   HintPath=/home/home/.nuget/packages/microsoft.extensions.configuration.binder/8.0.0/lib/net8.0/Microsoft.Extensions.Configuration.Binder.dll
                                   NuGetPackageId=Microsoft.Extensions.Configuration.Binder
                                   NuGetPackageVersion=8.0.0
                                   NuGetSourceType=Package
                                   PathInPackage=lib/net8.0/Microsoft.Extensions.Configuration.Binder.dll
                                   Private=false
                           /home/home/.nuget/packages/microsoft.extensions.configuration.commandline/8.0.0/lib/net8.0/Microsoft.Extensions.Configuration.CommandLine.dll
                                   ExternallyResolved=true
                                   HintPath=/home/home/.nuget/packages/microsoft.extensions.configuration.commandline/8.0.0/lib/net8.0/Microsoft.Extensions.Configuration.CommandLine.dll
                                   NuGetPackageId=Microsoft.Extensions.Configuration.CommandLine
                                   NuGetPackageVersion=8.0.0
                                   NuGetSourceType=Package
                                   PathInPackage=lib/net8.0/Microsoft.Extensions.Configuration.CommandLine.dll
                                   Private=false
                           /home/home/.nuget/packages/microsoft.extensions.configuration.environmentvariables/8.0.0/lib/net8.0/Microsoft.Extensions.Configuration.EnvironmentVariables.dll
                                   ExternallyResolved=true
                                   HintPath=/home/home/.nuget/packages/microsoft.extensions.configuration.environmentvariables/8.0.0/lib/net8.0/Microsoft.Extensions.Configuration.EnvironmentVariables.dll
                                   NuGetPackageId=Microsoft.Extensions.Configuration.EnvironmentVariables
                                   NuGetPackageVersion=8.0.0
                                   NuGetSourceType=Package
                                   PathInPackage=lib/net8.0/Microsoft.Extensions.Configuration.EnvironmentVariables.dll
                                   Private=false
                           /home/home/.nuget/packages/microsoft.extensions.configuration.fileextensions/8.0.0/lib/net8.0/Microsoft.Extensions.Configuration.FileExtensions.dll
                                   ExternallyResolved=true
                                   HintPath=/home/home/.nuget/packages/microsoft.extensions.configuration.fileextensions/8.0.0/lib/net8.0/Microsoft.Extensions.Configuration.FileExtensions.dll
                                   NuGetPackageId=Microsoft.Extensions.Configuration.FileExtensions
                                   NuGetPackageVersion=8.0.0
                                   NuGetSourceType=Package
                                   PathInPackage=lib/net8.0/Microsoft.Extensions.Configuration.FileExtensions.dll
                                   Private=false
                           /home/home/.nuget/packages/microsoft.extensions.configuration.json/8.0.0/lib/net8.0/Microsoft.Extensions.Configuration.Json.dll
                                   ExternallyResolved=true
                                   HintPath=/home/home/.nuget/packages/microsoft.extensions.configuration.json/8.0.0/lib/net8.0/Microsoft.Extensions.Configuration.Json.dll
                                   NuGetPackageId=Microsoft.Extensions.Configuration.Json
                                   NuGetPackageVersion=8.0.0
                                   NuGetSourceType=Package
                                   PathInPackage=lib/net8.0/Microsoft.Extensions.Configuration.Json.dll
                                   Private=false
                           /home/home/.nuget/packages/microsoft.extensions.configuration.usersecrets/8.0.0/lib/net8.0/Microsoft.Extensions.Configuration.UserSecrets.dll
                                   ExternallyResolved=true
                                   HintPath=/home/home/.nuget/packages/microsoft.extensions.configuration.usersecrets/8.0.0/lib/net8.0/Microsoft.Extensions.Configuration.UserSecrets.dll
                                   NuGetPackageId=Microsoft.Extensions.Configuration.UserSecrets
                                   NuGetPackageVersion=8.0.0
                                   NuGetSourceType=Package
                                   PathInPackage=lib/net8.0/Microsoft.Extensions.Configuration.UserSecrets.dll
                                   Private=false
                           /home/home/.nuget/packages/microsoft.extensions.dependencyinjection/8.0.0/lib/net8.0/Microsoft.Extensions.DependencyInjection.dll
                                   ExternallyResolved=true
                                   HintPath=/home/home/.nuget/packages/microsoft.extensions.dependencyinjection/8.0.0/lib/net8.0/Microsoft.Extensions.DependencyInjection.dll
                                   NuGetPackageId=Microsoft.Extensions.DependencyInjection
                                   NuGetPackageVersion=8.0.0
                                   NuGetSourceType=Package
                                   PathInPackage=lib/net8.0/Microsoft.Extensions.DependencyInjection.dll
                                   Private=false
                           /home/home/.nuget/packages/microsoft.extensions.dependencyinjection.abstractions/8.0.2/lib/net8.0/Microsoft.Extensions.DependencyInjection.Abstractions.dll
                                   ExternallyResolved=true
                                   HintPath=/home/home/.nuget/packages/microsoft.extensions.dependencyinjection.abstractions/8.0.2/lib/net8.0/Microsoft.Extensions.DependencyInjection.Abstractions.dll
                                   NuGetPackageId=Microsoft.Extensions.DependencyInjection.Abstractions
                                   NuGetPackageVersion=8.0.2
                                   NuGetSourceType=Package
                                   PathInPackage=lib/net8.0/Microsoft.Extensions.DependencyInjection.Abstractions.dll
                                   Private=false
                           /home/home/.nuget/packages/microsoft.extensions.diagnostics/8.0.0/lib/net8.0/Microsoft.Extensions.Diagnostics.dll
                                   ExternallyResolved=true
                                   HintPath=/home/home/.nuget/packages/microsoft.extensions.diagnostics/8.0.0/lib/net8.0/Microsoft.Extensions.Diagnostics.dll
                                   NuGetPackageId=Microsoft.Extensions.Diagnostics
                                   NuGetPackageVersion=8.0.0
                                   NuGetSourceType=Package
                                   PathInPackage=lib/net8.0/Microsoft.Extensions.Diagnostics.dll
                                   Private=false
                           /home/home/.nuget/packages/microsoft.extensions.diagnostics.abstractions/8.0.1/lib/net8.0/Microsoft.Extensions.Diagnostics.Abstractions.dll
                                   ExternallyResolved=true
                                   HintPath=/home/home/.nuget/packages/microsoft.extensions.diagnostics.abstractions/8.0.1/lib/net8.0/Microsoft.Extensions.Diagnostics.Abstractions.dll
                                   NuGetPackageId=Microsoft.Extensions.Diagnostics.Abstractions
                                   NuGetPackageVersion=8.0.1
                                   NuGetSourceType=Package
                                   PathInPackage=lib/net8.0/Microsoft.Extensions.Diagnostics.Abstractions.dll
                                   Private=false
                           /home/home/.nuget/packages/microsoft.extensions.fileproviders.abstractions/8.0.0/lib/net8.0/Microsoft.Extensions.FileProviders.Abstractions.dll
                                   ExternallyResolved=true
                                   HintPath=/home/home/.nuget/packages/microsoft.extensions.fileproviders.abstractions/8.0.0/lib/net8.0/Microsoft.Extensions.FileProviders.Abstractions.dll
                                   NuGetPackageId=Microsoft.Extensions.FileProviders.Abstractions
                                   NuGetPackageVersion=8.0.0
                                   NuGetSourceType=Package
                                   PathInPackage=lib/net8.0/Microsoft.Extensions.FileProviders.Abstractions.dll
                                   Private=false
                           /home/home/.nuget/packages/microsoft.extensions.fileproviders.physical/8.0.0/lib/net8.0/Microsoft.Extensions.FileProviders.Physical.dll
                                   ExternallyResolved=true
                                   HintPath=/home/home/.nuget/packages/microsoft.extensions.fileproviders.physical/8.0.0/lib/net8.0/Microsoft.Extensions.FileProviders.Physical.dll
                                   NuGetPackageId=Microsoft.Extensions.FileProviders.Physical
                                   NuGetPackageVersion=8.0.0
                                   NuGetSourceType=Package
                                   PathInPackage=lib/net8.0/Microsoft.Extensions.FileProviders.Physical.dll
                                   Private=false
                           /home/home/.nuget/packages/microsoft.extensions.filesystemglobbing/8.0.0/lib/net8.0/Microsoft.Extensions.FileSystemGlobbing.dll
                                   ExternallyResolved=true
                                   HintPath=/home/home/.nuget/packages/microsoft.extensions.filesystemglobbing/8.0.0/lib/net8.0/Microsoft.Extensions.FileSystemGlobbing.dll
                                   NuGetPackageId=Microsoft.Extensions.FileSystemGlobbing
                                   NuGetPackageVersion=8.0.0
                                   NuGetSourceType=Package
                                   PathInPackage=lib/net8.0/Microsoft.Extensions.FileSystemGlobbing.dll
                                   Private=false
                           /home/home/.nuget/packages/microsoft.extensions.hosting/8.0.0/lib/net8.0/Microsoft.Extensions.Hosting.dll
                                   ExternallyResolved=true
                                   HintPath=/home/home/.nuget/packages/microsoft.extensions.hosting/8.0.0/lib/net8.0/Microsoft.Extensions.Hosting.dll
                                   NuGetPackageId=Microsoft.Extensions.Hosting
                                   NuGetPackageVersion=8.0.0
                                   NuGetSourceType=Package
                                   PathInPackage=lib/net8.0/Microsoft.Extensions.Hosting.dll
                                   Private=false
                           /home/home/.nuget/packages/microsoft.extensions.hosting.abstractions/8.0.1/lib/net8.0/Microsoft.Extensions.Hosting.Abstractions.dll
                                   ExternallyResolved=true
                                   HintPath=/home/home/.nuget/packages/microsoft.extensions.hosting.abstractions/8.0.1/lib/net8.0/Microsoft.Extensions.Hosting.Abstractions.dll
                                   NuGetPackageId=Microsoft.Extensions.Hosting.Abstractions
                                   NuGetPackageVersion=8.0.1
                                   NuGetSourceType=Package
                                   PathInPackage=lib/net8.0/Microsoft.Extensions.Hosting.Abstractions.dll
                                   Private=false
                           /home/home/.nuget/packages/microsoft.extensions.logging/8.0.0/lib/net8.0/Microsoft.Extensions.Logging.dll
                                   ExternallyResolved=true
                                   HintPath=/home/home/.nuget/packages/microsoft.extensions.logging/8.0.0/lib/net8.0/Microsoft.Extensions.Logging.dll
                                   NuGetPackageId=Microsoft.Extensions.Logging
                                   NuGetPackageVersion=8.0.0
                                   NuGetSourceType=Package
                                   PathInPackage=lib/net8.0/Microsoft.Extensions.Logging.dll
                                   Private=false
                           /home/home/.nuget/packages/microsoft.extensions.logging.abstractions/8.0.3/lib/net8.0/Microsoft.Extensions.Logging.Abstractions.dll
                                   ExternallyResolved=true
                                   HintPath=/home/home/.nuget/packages/microsoft.extensions.logging.abstractions/8.0.3/lib/net8.0/Microsoft.Extensions.Logging.Abstractions.dll
                                   NuGetPackageId=Microsoft.Extensions.Logging.Abstractions
                                   NuGetPackageVersion=8.0.3
                                   NuGetSourceType=Package
                                   PathInPackage=lib/net8.0/Microsoft.Extensions.Logging.Abstractions.dll
                                   Private=false
                           /home/home/.nuget/packages/microsoft.extensions.logging.configuration/8.0.0/lib/net8.0/Microsoft.Extensions.Logging.Configuration.dll
                                   ExternallyResolved=true
                                   HintPath=/home/home/.nuget/packages/microsoft.extensions.logging.configuration/8.0.0/lib/net8.0/Microsoft.Extensions.Logging.Configuration.dll
                                   NuGetPackageId=Microsoft.Extensions.Logging.Configuration
                                   NuGetPackageVersion=8.0.0
                                   NuGetSourceType=Package
                                   PathInPackage=lib/net8.0/Microsoft.Extensions.Logging.Configuration.dll
                                   Private=false
                           /home/home/.nuget/packages/microsoft.extensions.logging.console/8.0.0/lib/net8.0/Microsoft.Extensions.Logging.Console.dll
                                   ExternallyResolved=true
                                   HintPath=/home/home/.nuget/packages/microsoft.extensions.logging.console/8.0.0/lib/net8.0/Microsoft.Extensions.Logging.Console.dll
                                   NuGetPackageId=Microsoft.Extensions.Logging.Console
                                   NuGetPackageVersion=8.0.0
                                   NuGetSourceType=Package
                                   PathInPackage=lib/net8.0/Microsoft.Extensions.Logging.Console.dll
                                   Private=false
                           /home/home/.nuget/packages/microsoft.extensions.logging.debug/8.0.0/lib/net8.0/Microsoft.Extensions.Logging.Debug.dll
                                   ExternallyResolved=true
                                   HintPath=/home/home/.nuget/packages/microsoft.extensions.logging.debug/8.0.0/lib/net8.0/Microsoft.Extensions.Logging.Debug.dll
                                   NuGetPackageId=Microsoft.Extensions.Logging.Debug
                                   NuGetPackageVersion=8.0.0
                                   NuGetSourceType=Package
                                   PathInPackage=lib/net8.0/Microsoft.Extensions.Logging.Debug.dll
                                   Private=false
                           /home/home/.nuget/packages/microsoft.extensions.logging.eventlog/8.0.0/lib/net8.0/Microsoft.Extensions.Logging.EventLog.dll
                                   ExternallyResolved=true
                                   HintPath=/home/home/.nuget/packages/microsoft.extensions.logging.eventlog/8.0.0/lib/net8.0/Microsoft.Extensions.Logging.EventLog.dll
                                   NuGetPackageId=Microsoft.Extensions.Logging.EventLog
                                   NuGetPackageVersion=8.0.0
                                   NuGetSourceType=Package
                                   PathInPackage=lib/net8.0/Microsoft.Extensions.Logging.EventLog.dll
                                   Private=false
                           /home/home/.nuget/packages/microsoft.extensions.logging.eventsource/8.0.0/lib/net8.0/Microsoft.Extensions.Logging.EventSource.dll
                                   ExternallyResolved=true
                                   HintPath=/home/home/.nuget/packages/microsoft.extensions.logging.eventsource/8.0.0/lib/net8.0/Microsoft.Extensions.Logging.EventSource.dll
                                   NuGetPackageId=Microsoft.Extensions.Logging.EventSource
                                   NuGetPackageVersion=8.0.0
                                   NuGetSourceType=Package
                                   PathInPackage=lib/net8.0/Microsoft.Extensions.Logging.EventSource.dll
                                   Private=false
                           /home/home/.nuget/packages/microsoft.extensions.options/8.0.2/lib/net8.0/Microsoft.Extensions.Options.dll
                                   ExternallyResolved=true
                                   HintPath=/home/home/.nuget/packages/microsoft.extensions.options/8.0.2/lib/net8.0/Microsoft.Extensions.Options.dll
                                   NuGetPackageId=Microsoft.Extensions.Options
                                   NuGetPackageVersion=8.0.2
                                   NuGetSourceType=Package
                                   PathInPackage=lib/net8.0/Microsoft.Extensions.Options.dll
                                   Private=false
                           /home/home/.nuget/packages/microsoft.extensions.options.configurationextensions/8.0.0/lib/net8.0/Microsoft.Extensions.Options.ConfigurationExtensions.dll
                                   ExternallyResolved=true
                                   HintPath=/home/home/.nuget/packages/microsoft.extensions.options.configurationextensions/8.0.0/lib/net8.0/Microsoft.Extensions.Options.ConfigurationExtensions.dll
                                   NuGetPackageId=Microsoft.Extensions.Options.ConfigurationExtensions
                                   NuGetPackageVersion=8.0.0
                                   NuGetSourceType=Package
                                   PathInPackage=lib/net8.0/Microsoft.Extensions.Options.ConfigurationExtensions.dll
                                   Private=false
                           /home/home/.nuget/packages/microsoft.extensions.primitives/8.0.0/lib/net8.0/Microsoft.Extensions.Primitives.dll
                                   ExternallyResolved=true
                                   HintPath=/home/home/.nuget/packages/microsoft.extensions.primitives/8.0.0/lib/net8.0/Microsoft.Extensions.Primitives.dll
                                   NuGetPackageId=Microsoft.Extensions.Primitives
                                   NuGetPackageVersion=8.0.0
                                   NuGetSourceType=Package
                                   PathInPackage=lib/net8.0/Microsoft.Extensions.Primitives.dll
                                   Private=false
                           /home/home/.nuget/packages/modelcontextprotocol/0.4.0-preview.3/lib/net8.0/ModelContextProtocol.dll
                                   ExternallyResolved=true
                                   HintPath=/home/home/.nuget/packages/modelcontextprotocol/0.4.0-preview.3/lib/net8.0/ModelContextProtocol.dll
                                   NuGetPackageId=ModelContextProtocol
                                   NuGetPackageVersion=0.4.0-preview.3
                                   NuGetSourceType=Package
                                   PathInPackage=lib/net8.0/ModelContextProtocol.dll
                                   Private=false
                           /home/home/.nuget/packages/modelcontextprotocol.core/0.4.0-preview.3/lib/net8.0/ModelContextProtocol.Core.dll
                                   ExternallyResolved=true
                                   HintPath=/home/home/.nuget/packages/modelcontextprotocol.core/0.4.0-preview.3/lib/net8.0/ModelContextProtocol.Core.dll
                                   NuGetPackageId=ModelContextProtocol.Core
                                   NuGetPackageVersion=0.4.0-preview.3
                                   NuGetSourceType=Package
                                   PathInPackage=lib/net8.0/ModelContextProtocol.Core.dll
                                   Private=false
                           /home/home/.nuget/packages/system.diagnostics.eventlog/8.0.0/lib/net8.0/System.Diagnostics.EventLog.dll
                                   ExternallyResolved=true
                                   HintPath=/home/home/.nuget/packages/system.diagnostics.eventlog/8.0.0/lib/net8.0/System.Diagnostics.EventLog.dll
                                   NuGetPackageId=System.Diagnostics.EventLog
                                   NuGetPackageVersion=8.0.0
                                   NuGetSourceType=Package
                                   PathInPackage=lib/net8.0/System.Diagnostics.EventLog.dll
                                   Private=false
                           /home/home/.nuget/packages/system.io.pipelines/8.0.0/lib/net8.0/System.IO.Pipelines.dll
                                   ExternallyResolved=true
                                   HintPath=/home/home/.nuget/packages/system.io.pipelines/8.0.0/lib/net8.0/System.IO.Pipelines.dll
                                   NuGetPackageId=System.IO.Pipelines
                                   NuGetPackageVersion=8.0.0
                                   NuGetSourceType=Package
                                   PathInPackage=lib/net8.0/System.IO.Pipelines.dll
                                   Private=false
                           /home/home/.nuget/packages/system.net.serversentevents/10.0.0-rc.2.25502.107/lib/net8.0/System.Net.ServerSentEvents.dll
                                   ExternallyResolved=true
                                   HintPath=/home/home/.nuget/packages/system.net.serversentevents/10.0.0-rc.2.25502.107/lib/net8.0/System.Net.ServerSentEvents.dll
                                   NuGetPackageId=System.Net.ServerSentEvents
                                   NuGetPackageVersion=10.0.0-rc.2.25502.107
                                   NuGetSourceType=Package
                                   PathInPackage=lib/net8.0/System.Net.ServerSentEvents.dll
                                   Private=false
                           /home/home/.nuget/packages/system.text.encodings.web/8.0.0/lib/net8.0/System.Text.Encodings.Web.dll
                                   ExternallyResolved=true
                                   HintPath=/home/home/.nuget/packages/system.text.encodings.web/8.0.0/lib/net8.0/System.Text.Encodings.Web.dll
                                   NuGetPackageId=System.Text.Encodings.Web
                                   NuGetPackageVersion=8.0.0
                                   NuGetSourceType=Package
                                   PathInPackage=lib/net8.0/System.Text.Encodings.Web.dll
                                   Private=false
                           /home/home/.nuget/packages/system.text.json/8.0.0/lib/net8.0/System.Text.Json.dll
                                   ExternallyResolved=true
                                   HintPath=/home/home/.nuget/packages/system.text.json/8.0.0/lib/net8.0/System.Text.Json.dll
                                   NuGetPackageId=System.Text.Json
                                   NuGetPackageVersion=8.0.0
                                   NuGetSourceType=Package
                                   PathInPackage=lib/net8.0/System.Text.Json.dll
                                   Private=false
                   Added Item(s): 
                       Reference=
                           /home/home/.nuget/packages/microsoft.extensions.ai.abstractions/9.10.0/lib/net8.0/Microsoft.Extensions.AI.Abstractions.dll
                                   ExternallyResolved=true
                                   HintPath=/home/home/.nuget/packages/microsoft.extensions.ai.abstractions/9.10.0/lib/net8.0/Microsoft.Extensions.AI.Abstractions.dll
                                   NuGetPackageId=Microsoft.Extensions.AI.Abstractions
                                   NuGetPackageVersion=9.10.0
                                   NuGetSourceType=Package
                                   PathInPackage=lib/net8.0/Microsoft.Extensions.AI.Abstractions.dll
                                   Private=false
                           /home/home/.nuget/packages/microsoft.extensions.configuration/8.0.0/lib/net8.0/Microsoft.Extensions.Configuration.dll
                                   ExternallyResolved=true
                                   HintPath=/home/home/.nuget/packages/microsoft.extensions.configuration/8.0.0/lib/net8.0/Microsoft.Extensions.Configuration.dll
                                   NuGetPackageId=Microsoft.Extensions.Configuration
                                   NuGetPackageVersion=8.0.0
                                   NuGetSourceType=Package
                                   PathInPackage=lib/net8.0/Microsoft.Extensions.Configuration.dll
                                   Private=false
                           /home/home/.nuget/packages/microsoft.extensions.configuration.abstractions/8.0.0/lib/net8.0/Microsoft.Extensions.Configuration.Abstractions.dll
                                   ExternallyResolved=true
                                   HintPath=/home/home/.nuget/packages/microsoft.extensions.configuration.abstractions/8.0.0/lib/net8.0/Microsoft.Extensions.Configuration.Abstractions.dll
                                   NuGetPackageId=Microsoft.Extensions.Configuration.Abstractions
                                   NuGetPackageVersion=8.0.0
                                   NuGetSourceType=Package
                                   PathInPackage=lib/net8.0/Microsoft.Extensions.Configuration.Abstractions.dll
                                   Private=false
                           /home/home/.nuget/packages/microsoft.extensions.configuration.binder/8.0.0/lib/net8.0/Microsoft.Extensions.Configuration.Binder.dll
                                   ExternallyResolved=true
                                   HintPath=/home/home/.nuget/packages/microsoft.extensions.configuration.binder/8.0.0/lib/net8.0/Microsoft.Extensions.Configuration.Binder.dll
                                   NuGetPackageId=Microsoft.Extensions.Configuration.Binder
                                   NuGetPackageVersion=8.0.0
                                   NuGetSourceType=Package
                                   PathInPackage=lib/net8.0/Microsoft.Extensions.Configuration.Binder.dll
                                   Private=false
                           /home/home/.nuget/packages/microsoft.extensions.configuration.commandline/8.0.0/lib/net8.0/Microsoft.Extensions.Configuration.CommandLine.dll
                                   ExternallyResolved=true
                                   HintPath=/home/home/.nuget/packages/microsoft.extensions.configuration.commandline/8.0.0/lib/net8.0/Microsoft.Extensions.Configuration.CommandLine.dll
                                   NuGetPackageId=Microsoft.Extensions.Configuration.CommandLine
                                   NuGetPackageVersion=8.0.0
                                   NuGetSourceType=Package
                                   PathInPackage=lib/net8.0/Microsoft.Extensions.Configuration.CommandLine.dll
                                   Private=false
                           /home/home/.nuget/packages/microsoft.extensions.configuration.environmentvariables/8.0.0/lib/net8.0/Microsoft.Extensions.Configuration.EnvironmentVariables.dll
                                   ExternallyResolved=true
                                   HintPath=/home/home/.nuget/packages/microsoft.extensions.configuration.environmentvariables/8.0.0/lib/net8.0/Microsoft.Extensions.Configuration.EnvironmentVariables.dll
                                   NuGetPackageId=Microsoft.Extensions.Configuration.EnvironmentVariables
                                   NuGetPackageVersion=8.0.0
                                   NuGetSourceType=Package
                                   PathInPackage=lib/net8.0/Microsoft.Extensions.Configuration.EnvironmentVariables.dll
                                   Private=false
                           /home/home/.nuget/packages/microsoft.extensions.configuration.fileextensions/8.0.0/lib/net8.0/Microsoft.Extensions.Configuration.FileExtensions.dll
                                   ExternallyResolved=true
                                   HintPath=/home/home/.nuget/packages/microsoft.extensions.configuration.fileextensions/8.0.0/lib/net8.0/Microsoft.Extensions.Configuration.FileExtensions.dll
                                   NuGetPackageId=Microsoft.Extensions.Configuration.FileExtensions
                                   NuGetPackageVersion=8.0.0
                                   NuGetSourceType=Package
                                   PathInPackage=lib/net8.0/Microsoft.Extensions.Configuration.FileExtensions.dll
                                   Private=false
                           /home/home/.nuget/packages/microsoft.extensions.configuration.json/8.0.0/lib/net8.0/Microsoft.Extensions.Configuration.Json.dll
                                   ExternallyResolved=true
                                   HintPath=/home/home/.nuget/packages/microsoft.extensions.configuration.json/8.0.0/lib/net8.0/Microsoft.Extensions.Configuration.Json.dll
                                   NuGetPackageId=Microsoft.Extensions.Configuration.Json
                                   NuGetPackageVersion=8.0.0
                                   NuGetSourceType=Package
                                   PathInPackage=lib/net8.0/Microsoft.Extensions.Configuration.Json.dll
                                   Private=false
                           /home/home/.nuget/packages/microsoft.extensions.configuration.usersecrets/8.0.0/lib/net8.0/Microsoft.Extensions.Configuration.UserSecrets.dll
                                   ExternallyResolved=true
                                   HintPath=/home/home/.nuget/packages/microsoft.extensions.configuration.usersecrets/8.0.0/lib/net8.0/Microsoft.Extensions.Configuration.UserSecrets.dll
                                   NuGetPackageId=Microsoft.Extensions.Configuration.UserSecrets
                                   NuGetPackageVersion=8.0.0
                                   NuGetSourceType=Package
                                   PathInPackage=lib/net8.0/Microsoft.Extensions.Configuration.UserSecrets.dll
                                   Private=false
                           /home/home/.nuget/packages/microsoft.extensions.dependencyinjection/8.0.0/lib/net8.0/Microsoft.Extensions.DependencyInjection.dll
                                   ExternallyResolved=true
                                   HintPath=/home/home/.nuget/packages/microsoft.extensions.dependencyinjection/8.0.0/lib/net8.0/Microsoft.Extensions.DependencyInjection.dll
                                   NuGetPackageId=Microsoft.Extensions.DependencyInjection
                                   NuGetPackageVersion=8.0.0
                                   NuGetSourceType=Package
                                   PathInPackage=lib/net8.0/Microsoft.Extensions.DependencyInjection.dll
                                   Private=false
                           /home/home/.nuget/packages/microsoft.extensions.dependencyinjection.abstractions/8.0.2/lib/net8.0/Microsoft.Extensions.DependencyInjection.Abstractions.dll
                                   ExternallyResolved=true
                                   HintPath=/home/home/.nuget/packages/microsoft.extensions.dependencyinjection.abstractions/8.0.2/lib/net8.0/Microsoft.Extensions.DependencyInjection.Abstractions.dll
                                   NuGetPackageId=Microsoft.Extensions.DependencyInjection.Abstractions
                                   NuGetPackageVersion=8.0.2
                                   NuGetSourceType=Package
                                   PathInPackage=lib/net8.0/Microsoft.Extensions.DependencyInjection.Abstractions.dll
                                   Private=false
                           /home/home/.nuget/packages/microsoft.extensions.diagnostics/8.0.0/lib/net8.0/Microsoft.Extensions.Diagnostics.dll
                                   ExternallyResolved=true
                                   HintPath=/home/home/.nuget/packages/microsoft.extensions.diagnostics/8.0.0/lib/net8.0/Microsoft.Extensions.Diagnostics.dll
                                   NuGetPackageId=Microsoft.Extensions.Diagnostics
                                   NuGetPackageVersion=8.0.0
                                   NuGetSourceType=Package
                                   PathInPackage=lib/net8.0/Microsoft.Extensions.Diagnostics.dll
                                   Private=false
                           /home/home/.nuget/packages/microsoft.extensions.diagnostics.abstractions/8.0.1/lib/net8.0/Microsoft.Extensions.Diagnostics.Abstractions.dll
                                   ExternallyResolved=true
                                   HintPath=/home/home/.nuget/packages/microsoft.extensions.diagnostics.abstractions/8.0.1/lib/net8.0/Microsoft.Extensions.Diagnostics.Abstractions.dll
                                   NuGetPackageId=Microsoft.Extensions.Diagnostics.Abstractions
                                   NuGetPackageVersion=8.0.1
                                   NuGetSourceType=Package
                                   PathInPackage=lib/net8.0/Microsoft.Extensions.Diagnostics.Abstractions.dll
                                   Private=false
                           /home/home/.nuget/packages/microsoft.extensions.fileproviders.abstractions/8.0.0/lib/net8.0/Microsoft.Extensions.FileProviders.Abstractions.dll
                                   ExternallyResolved=true
                                   HintPath=/home/home/.nuget/packages/microsoft.extensions.fileproviders.abstractions/8.0.0/lib/net8.0/Microsoft.Extensions.FileProviders.Abstractions.dll
                                   NuGetPackageId=Microsoft.Extensions.FileProviders.Abstractions
                                   NuGetPackageVersion=8.0.0
                                   NuGetSourceType=Package
                                   PathInPackage=lib/net8.0/Microsoft.Extensions.FileProviders.Abstractions.dll
                                   Private=false
                           /home/home/.nuget/packages/microsoft.extensions.fileproviders.physical/8.0.0/lib/net8.0/Microsoft.Extensions.FileProviders.Physical.dll
                                   ExternallyResolved=true
                                   HintPath=/home/home/.nuget/packages/microsoft.extensions.fileproviders.physical/8.0.0/lib/net8.0/Microsoft.Extensions.FileProviders.Physical.dll
                                   NuGetPackageId=Microsoft.Extensions.FileProviders.Physical
                                   NuGetPackageVersion=8.0.0
                                   NuGetSourceType=Package
                                   PathInPackage=lib/net8.0/Microsoft.Extensions.FileProviders.Physical.dll
                                   Private=false
                           /home/home/.nuget/packages/microsoft.extensions.filesystemglobbing/8.0.0/lib/net8.0/Microsoft.Extensions.FileSystemGlobbing.dll
                                   ExternallyResolved=true
                                   HintPath=/home/home/.nuget/packages/microsoft.extensions.filesystemglobbing/8.0.0/lib/net8.0/Microsoft.Extensions.FileSystemGlobbing.dll
                                   NuGetPackageId=Microsoft.Extensions.FileSystemGlobbing
                                   NuGetPackageVersion=8.0.0
                                   NuGetSourceType=Package
                                   PathInPackage=lib/net8.0/Microsoft.Extensions.FileSystemGlobbing.dll
                                   Private=false
                           /home/home/.nuget/packages/microsoft.extensions.hosting/8.0.0/lib/net8.0/Microsoft.Extensions.Hosting.dll
                                   ExternallyResolved=true
                                   HintPath=/home/home/.nuget/packages/microsoft.extensions.hosting/8.0.0/lib/net8.0/Microsoft.Extensions.Hosting.dll
                                   NuGetPackageId=Microsoft.Extensions.Hosting
                                   NuGetPackageVersion=8.0.0
                                   NuGetSourceType=Package
                                   PathInPackage=lib/net8.0/Microsoft.Extensions.Hosting.dll
                                   Private=false
                           /home/home/.nuget/packages/microsoft.extensions.hosting.abstractions/8.0.1/lib/net8.0/Microsoft.Extensions.Hosting.Abstractions.dll
                                   ExternallyResolved=true
                                   HintPath=/home/home/.nuget/packages/microsoft.extensions.hosting.abstractions/8.0.1/lib/net8.0/Microsoft.Extensions.Hosting.Abstractions.dll
                                   NuGetPackageId=Microsoft.Extensions.Hosting.Abstractions
                                   NuGetPackageVersion=8.0.1
                                   NuGetSourceType=Package
                                   PathInPackage=lib/net8.0/Microsoft.Extensions.Hosting.Abstractions.dll
                                   Private=false
                           /home/home/.nuget/packages/microsoft.extensions.logging/8.0.0/lib/net8.0/Microsoft.Extensions.Logging.dll
                                   ExternallyResolved=true
                                   HintPath=/home/home/.nuget/packages/microsoft.extensions.logging/8.0.0/lib/net8.0/Microsoft.Extensions.Logging.dll
                                   NuGetPackageId=Microsoft.Extensions.Logging
                                   NuGetPackageVersion=8.0.0
                                   NuGetSourceType=Package
                                   PathInPackage=lib/net8.0/Microsoft.Extensions.Logging.dll
                                   Private=false
                           /home/home/.nuget/packages/microsoft.extensions.logging.abstractions/8.0.3/lib/net8.0/Microsoft.Extensions.Logging.Abstractions.dll
                                   ExternallyResolved=true
                                   HintPath=/home/home/.nuget/packages/microsoft.extensions.logging.abstractions/8.0.3/lib/net8.0/Microsoft.Extensions.Logging.Abstractions.dll
                                   NuGetPackageId=Microsoft.Extensions.Logging.Abstractions
                                   NuGetPackageVersion=8.0.3
                                   NuGetSourceType=Package
                                   PathInPackage=lib/net8.0/Microsoft.Extensions.Logging.Abstractions.dll
                                   Private=false
                           /home/home/.nuget/packages/microsoft.extensions.logging.configuration/8.0.0/lib/net8.0/Microsoft.Extensions.Logging.Configuration.dll
                                   ExternallyResolved=true
                                   HintPath=/home/home/.nuget/packages/microsoft.extensions.logging.configuration/8.0.0/lib/net8.0/Microsoft.Extensions.Logging.Configuration.dll
                                   NuGetPackageId=Microsoft.Extensions.Logging.Configuration
                                   NuGetPackageVersion=8.0.0
                                   NuGetSourceType=Package
                                   PathInPackage=lib/net8.0/Microsoft.Extensions.Logging.Configuration.dll
                                   Private=false
                           /home/home/.nuget/packages/microsoft.extensions.logging.console/8.0.0/lib/net8.0/Microsoft.Extensions.Logging.Console.dll
                                   ExternallyResolved=true
                                   HintPath=/home/home/.nuget/packages/microsoft.extensions.logging.console/8.0.0/lib/net8.0/Microsoft.Extensions.Logging.Console.dll
                                   NuGetPackageId=Microsoft.Extensions.Logging.Console
                                   NuGetPackageVersion=8.0.0
                                   NuGetSourceType=Package
                                   PathInPackage=lib/net8.0/Microsoft.Extensions.Logging.Console.dll
                                   Private=false
                           /home/home/.nuget/packages/microsoft.extensions.logging.debug/8.0.0/lib/net8.0/Microsoft.Extensions.Logging.Debug.dll
                                   ExternallyResolved=true
                                   HintPath=/home/home/.nuget/packages/microsoft.extensions.logging.debug/8.0.0/lib/net8.0/Microsoft.Extensions.Logging.Debug.dll
                                   NuGetPackageId=Microsoft.Extensions.Logging.Debug
                                   NuGetPackageVersion=8.0.0
                                   NuGetSourceType=Package
                                   PathInPackage=lib/net8.0/Microsoft.Extensions.Logging.Debug.dll
                                   Private=false
                           /home/home/.nuget/packages/microsoft.extensions.logging.eventlog/8.0.0/lib/net8.0/Microsoft.Extensions.Logging.EventLog.dll
                                   ExternallyResolved=true
                                   HintPath=/home/home/.nuget/packages/microsoft.extensions.logging.eventlog/8.0.0/lib/net8.0/Microsoft.Extensions.Logging.EventLog.dll
                                   NuGetPackageId=Microsoft.Extensions.Logging.EventLog
                                   NuGetPackageVersion=8.0.0
                                   NuGetSourceType=Package
                                   PathInPackage=lib/net8.0/Microsoft.Extensions.Logging.EventLog.dll
                                   Private=false
                           /home/home/.nuget/packages/microsoft.extensions.logging.eventsource/8.0.0/lib/net8.0/Microsoft.Extensions.Logging.EventSource.dll
                                   ExternallyResolved=true
                                   HintPath=/home/home/.nuget/packages/microsoft.extensions.logging.eventsource/8.0.0/lib/net8.0/Microsoft.Extensions.Logging.EventSource.dll
                                   NuGetPackageId=Microsoft.Extensions.Logging.EventSource
                                   NuGetPackageVersion=8.0.0
                                   NuGetSourceType=Package
                                   PathInPackage=lib/net8.0/Microsoft.Extensions.Logging.EventSource.dll
                                   Private=false
                           /home/home/.nuget/packages/microsoft.extensions.options/8.0.2/lib/net8.0/Microsoft.Extensions.Options.dll
                                   ExternallyResolved=true
                                   HintPath=/home/home/.nuget/packages/microsoft.extensions.options/8.0.2/lib/net8.0/Microsoft.Extensions.Options.dll
                                   NuGetPackageId=Microsoft.Extensions.Options
                                   NuGetPackageVersion=8.0.2
                                   NuGetSourceType=Package
                                   PathInPackage=lib/net8.0/Microsoft.Extensions.Options.dll
                                   Private=false
                           /home/home/.nuget/packages/microsoft.extensions.options.configurationextensions/8.0.0/lib/net8.0/Microsoft.Extensions.Options.ConfigurationExtensions.dll
                                   ExternallyResolved=true
                                   HintPath=/home/home/.nuget/packages/microsoft.extensions.options.configurationextensions/8.0.0/lib/net8.0/Microsoft.Extensions.Options.ConfigurationExtensions.dll
                                   NuGetPackageId=Microsoft.Extensions.Options.ConfigurationExtensions
                                   NuGetPackageVersion=8.0.0
                                   NuGetSourceType=Package
                                   PathInPackage=lib/net8.0/Microsoft.Extensions.Options.ConfigurationExtensions.dll
                                   Private=false
                           /home/home/.nuget/packages/microsoft.extensions.primitives/8.0.0/lib/net8.0/Microsoft.Extensions.Primitives.dll
                                   ExternallyResolved=true
                                   HintPath=/home/home/.nuget/packages/microsoft.extensions.primitives/8.0.0/lib/net8.0/Microsoft.Extensions.Primitives.dll
                                   NuGetPackageId=Microsoft.Extensions.Primitives
                                   NuGetPackageVersion=8.0.0
                                   NuGetSourceType=Package
                                   PathInPackage=lib/net8.0/Microsoft.Extensions.Primitives.dll
                                   Private=false
                           /home/home/.nuget/packages/modelcontextprotocol/0.4.0-preview.3/lib/net8.0/ModelContextProtocol.dll
                                   ExternallyResolved=true
                                   HintPath=/home/home/.nuget/packages/modelcontextprotocol/0.4.0-preview.3/lib/net8.0/ModelContextProtocol.dll
                                   NuGetPackageId=ModelContextProtocol
                                   NuGetPackageVersion=0.4.0-preview.3
                                   NuGetSourceType=Package
                                   PathInPackage=lib/net8.0/ModelContextProtocol.dll
                                   Private=false
                           /home/home/.nuget/packages/modelcontextprotocol.core/0.4.0-preview.3/lib/net8.0/ModelContextProtocol.Core.dll
                                   ExternallyResolved=true
                                   HintPath=/home/home/.nuget/packages/modelcontextprotocol.core/0.4.0-preview.3/lib/net8.0/ModelContextProtocol.Core.dll
                                   NuGetPackageId=ModelContextProtocol.Core
                                   NuGetPackageVersion=0.4.0-preview.3
                                   NuGetSourceType=Package
                                   PathInPackage=lib/net8.0/ModelContextProtocol.Core.dll
                                   Private=false
                           /home/home/.nuget/packages/system.diagnostics.eventlog/8.0.0/lib/net8.0/System.Diagnostics.EventLog.dll
                                   ExternallyResolved=true
                                   HintPath=/home/home/.nuget/packages/system.diagnostics.eventlog/8.0.0/lib/net8.0/System.Diagnostics.EventLog.dll
                                   NuGetPackageId=System.Diagnostics.EventLog
                                   NuGetPackageVersion=8.0.0
                                   NuGetSourceType=Package
                                   PathInPackage=lib/net8.0/System.Diagnostics.EventLog.dll
                                   Private=false
                           /home/home/.nuget/packages/system.io.pipelines/8.0.0/lib/net8.0/System.IO.Pipelines.dll
                                   ExternallyResolved=true
                                   HintPath=/home/home/.nuget/packages/system.io.pipelines/8.0.0/lib/net8.0/System.IO.Pipelines.dll
                                   NuGetPackageId=System.IO.Pipelines
                                   NuGetPackageVersion=8.0.0
                                   NuGetSourceType=Package
                                   PathInPackage=lib/net8.0/System.IO.Pipelines.dll
                                   Private=false
                           /home/home/.nuget/packages/system.net.serversentevents/10.0.0-rc.2.25502.107/lib/net8.0/System.Net.ServerSentEvents.dll
                                   ExternallyResolved=true
                                   HintPath=/home/home/.nuget/packages/system.net.serversentevents/10.0.0-rc.2.25502.107/lib/net8.0/System.Net.ServerSentEvents.dll
                                   NuGetPackageId=System.Net.ServerSentEvents
                                   NuGetPackageVersion=10.0.0-rc.2.25502.107
                                   NuGetSourceType=Package
                                   PathInPackage=lib/net8.0/System.Net.ServerSentEvents.dll
                                   Private=false
                           /home/home/.nuget/packages/system.text.encodings.web/8.0.0/lib/net8.0/System.Text.Encodings.Web.dll
                                   ExternallyResolved=true
                                   HintPath=/home/home/.nuget/packages/system.text.encodings.web/8.0.0/lib/net8.0/System.Text.Encodings.Web.dll
                                   NuGetPackageId=System.Text.Encodings.Web
                                   NuGetPackageVersion=8.0.0
                                   NuGetSourceType=Package
                                   PathInPackage=lib/net8.0/System.Text.Encodings.Web.dll
                                   Private=false
                           /home/home/.nuget/packages/system.text.json/8.0.0/lib/net8.0/System.Text.Json.dll
                                   ExternallyResolved=true
                                   HintPath=/home/home/.nuget/packages/system.text.json/8.0.0/lib/net8.0/System.Text.Json.dll
                                   NuGetPackageId=System.Text.Json
                                   NuGetPackageVersion=8.0.0
                                   NuGetSourceType=Package
                                   PathInPackage=lib/net8.0/System.Text.Json.dll
                                   Private=false
20:21:26.457     1>Done building target "ResolveLockFileReferences" in project "SampleOnionApp.McpServer.csproj".: (TargetId:36)
                   Target "ResolvePackageAssets" skipped. Previously built successfully.
20:21:26.457     1>Target "ResolveLockFileAnalyzers: (TargetId:37)" in file "/usr/lib/dotnet/sdk/8.0.121/Sdks/Microsoft.NET.Sdk/targets/Microsoft.PackageDependencyResolution.targets" from project "/home/home/Desktop/codex-test/src/SampleOnionApp.McpServer/SampleOnionApp.McpServer.csproj" (target "ResolvePackageDependenciesForBuild" depends on it):
                   Added Item(s): 
                       Analyzer=
                           /home/home/.nuget/packages/microsoft.extensions.configuration.binder/8.0.0/analyzers/dotnet/cs/Microsoft.Extensions.Configuration.Binder.SourceGeneration.dll
                                   NuGetPackageId=Microsoft.Extensions.Configuration.Binder
                                   NuGetPackageVersion=8.0.0
                           /home/home/.nuget/packages/microsoft.extensions.logging.abstractions/8.0.3/analyzers/dotnet/roslyn4.4/cs/Microsoft.Extensions.Logging.Generators.dll
                                   NuGetPackageId=Microsoft.Extensions.Logging.Abstractions
                                   NuGetPackageVersion=8.0.3
                           /home/home/.nuget/packages/microsoft.extensions.options/8.0.2/analyzers/dotnet/roslyn4.4/cs/Microsoft.Extensions.Options.SourceGeneration.dll
                                   NuGetPackageId=Microsoft.Extensions.Options
                                   NuGetPackageVersion=8.0.2
                           /home/home/.nuget/packages/system.text.json/8.0.0/analyzers/dotnet/roslyn4.4/cs/System.Text.Json.SourceGeneration.dll
                                   NuGetPackageId=System.Text.Json
                                   NuGetPackageVersion=8.0.0
20:21:26.457     1>Done building target "ResolveLockFileAnalyzers" in project "SampleOnionApp.McpServer.csproj".: (TargetId:37)
                   Target "ResolvePackageAssets" skipped. Previously built successfully.
                   Target "RunProduceContentAssets" skipped, due to false condition; ('@(_ContentFilesToPreprocess)' != '' and '$(_CleaningWithoutRebuilding)' != 'true') was evaluated as ('' != '' and '' != 'true').
20:21:26.457     1>Target "ResolveLockFileCopyLocalFiles: (TargetId:38)" in file "/usr/lib/dotnet/sdk/8.0.121/Sdks/Microsoft.NET.Sdk/targets/Microsoft.PackageDependencyResolution.targets" from project "/home/home/Desktop/codex-test/src/SampleOnionApp.McpServer/SampleOnionApp.McpServer.csproj" (target "ResolvePackageDependenciesForBuild" depends on it):
                   Added Item(s): 
                       _ResolvedCopyLocalBuildAssets=
                           /home/home/.nuget/packages/microsoft.extensions.ai.abstractions/9.10.0/lib/net8.0/Microsoft.Extensions.AI.Abstractions.dll
                                   AssetType=runtime
                                   CopyLocal=true
                                   DestinationSubPath=Microsoft.Extensions.AI.Abstractions.dll
                                   NuGetPackageId=Microsoft.Extensions.AI.Abstractions
                                   NuGetPackageVersion=9.10.0
                                   PathInPackage=lib/net8.0/Microsoft.Extensions.AI.Abstractions.dll
                           /home/home/.nuget/packages/microsoft.extensions.configuration/8.0.0/lib/net8.0/Microsoft.Extensions.Configuration.dll
                                   AssetType=runtime
                                   CopyLocal=true
                                   DestinationSubPath=Microsoft.Extensions.Configuration.dll
                                   NuGetPackageId=Microsoft.Extensions.Configuration
                                   NuGetPackageVersion=8.0.0
                                   PathInPackage=lib/net8.0/Microsoft.Extensions.Configuration.dll
                           /home/home/.nuget/packages/microsoft.extensions.configuration.abstractions/8.0.0/lib/net8.0/Microsoft.Extensions.Configuration.Abstractions.dll
                                   AssetType=runtime
                                   CopyLocal=true
                                   DestinationSubPath=Microsoft.Extensions.Configuration.Abstractions.dll
                                   NuGetPackageId=Microsoft.Extensions.Configuration.Abstractions
                                   NuGetPackageVersion=8.0.0
                                   PathInPackage=lib/net8.0/Microsoft.Extensions.Configuration.Abstractions.dll
                           /home/home/.nuget/packages/microsoft.extensions.configuration.binder/8.0.0/lib/net8.0/Microsoft.Extensions.Configuration.Binder.dll
                                   AssetType=runtime
                                   CopyLocal=true
                                   DestinationSubPath=Microsoft.Extensions.Configuration.Binder.dll
                                   NuGetPackageId=Microsoft.Extensions.Configuration.Binder
                                   NuGetPackageVersion=8.0.0
                                   PathInPackage=lib/net8.0/Microsoft.Extensions.Configuration.Binder.dll
                           /home/home/.nuget/packages/microsoft.extensions.configuration.commandline/8.0.0/lib/net8.0/Microsoft.Extensions.Configuration.CommandLine.dll
                                   AssetType=runtime
                                   CopyLocal=true
                                   DestinationSubPath=Microsoft.Extensions.Configuration.CommandLine.dll
                                   NuGetPackageId=Microsoft.Extensions.Configuration.CommandLine
                                   NuGetPackageVersion=8.0.0
                                   PathInPackage=lib/net8.0/Microsoft.Extensions.Configuration.CommandLine.dll
                           /home/home/.nuget/packages/microsoft.extensions.configuration.environmentvariables/8.0.0/lib/net8.0/Microsoft.Extensions.Configuration.EnvironmentVariables.dll
                                   AssetType=runtime
                                   CopyLocal=true
                                   DestinationSubPath=Microsoft.Extensions.Configuration.EnvironmentVariables.dll
                                   NuGetPackageId=Microsoft.Extensions.Configuration.EnvironmentVariables
                                   NuGetPackageVersion=8.0.0
                                   PathInPackage=lib/net8.0/Microsoft.Extensions.Configuration.EnvironmentVariables.dll
                           /home/home/.nuget/packages/microsoft.extensions.configuration.fileextensions/8.0.0/lib/net8.0/Microsoft.Extensions.Configuration.FileExtensions.dll
                                   AssetType=runtime
                                   CopyLocal=true
                                   DestinationSubPath=Microsoft.Extensions.Configuration.FileExtensions.dll
                                   NuGetPackageId=Microsoft.Extensions.Configuration.FileExtensions
                                   NuGetPackageVersion=8.0.0
                                   PathInPackage=lib/net8.0/Microsoft.Extensions.Configuration.FileExtensions.dll
                           /home/home/.nuget/packages/microsoft.extensions.configuration.json/8.0.0/lib/net8.0/Microsoft.Extensions.Configuration.Json.dll
                                   AssetType=runtime
                                   CopyLocal=true
                                   DestinationSubPath=Microsoft.Extensions.Configuration.Json.dll
                                   NuGetPackageId=Microsoft.Extensions.Configuration.Json
                                   NuGetPackageVersion=8.0.0
                                   PathInPackage=lib/net8.0/Microsoft.Extensions.Configuration.Json.dll
                           /home/home/.nuget/packages/microsoft.extensions.configuration.usersecrets/8.0.0/lib/net8.0/Microsoft.Extensions.Configuration.UserSecrets.dll
                                   AssetType=runtime
                                   CopyLocal=true
                                   DestinationSubPath=Microsoft.Extensions.Configuration.UserSecrets.dll
                                   NuGetPackageId=Microsoft.Extensions.Configuration.UserSecrets
                                   NuGetPackageVersion=8.0.0
                                   PathInPackage=lib/net8.0/Microsoft.Extensions.Configuration.UserSecrets.dll
                           /home/home/.nuget/packages/microsoft.extensions.dependencyinjection/8.0.0/lib/net8.0/Microsoft.Extensions.DependencyInjection.dll
                                   AssetType=runtime
                                   CopyLocal=true
                                   DestinationSubPath=Microsoft.Extensions.DependencyInjection.dll
                                   NuGetPackageId=Microsoft.Extensions.DependencyInjection
                                   NuGetPackageVersion=8.0.0
                                   PathInPackage=lib/net8.0/Microsoft.Extensions.DependencyInjection.dll
                           /home/home/.nuget/packages/microsoft.extensions.dependencyinjection.abstractions/8.0.2/lib/net8.0/Microsoft.Extensions.DependencyInjection.Abstractions.dll
                                   AssetType=runtime
                                   CopyLocal=true
                                   DestinationSubPath=Microsoft.Extensions.DependencyInjection.Abstractions.dll
                                   NuGetPackageId=Microsoft.Extensions.DependencyInjection.Abstractions
                                   NuGetPackageVersion=8.0.2
                                   PathInPackage=lib/net8.0/Microsoft.Extensions.DependencyInjection.Abstractions.dll
                           /home/home/.nuget/packages/microsoft.extensions.diagnostics/8.0.0/lib/net8.0/Microsoft.Extensions.Diagnostics.dll
                                   AssetType=runtime
                                   CopyLocal=true
                                   DestinationSubPath=Microsoft.Extensions.Diagnostics.dll
                                   NuGetPackageId=Microsoft.Extensions.Diagnostics
                                   NuGetPackageVersion=8.0.0
                                   PathInPackage=lib/net8.0/Microsoft.Extensions.Diagnostics.dll
                           /home/home/.nuget/packages/microsoft.extensions.diagnostics.abstractions/8.0.1/lib/net8.0/Microsoft.Extensions.Diagnostics.Abstractions.dll
                                   AssetType=runtime
                                   CopyLocal=true
                                   DestinationSubPath=Microsoft.Extensions.Diagnostics.Abstractions.dll
                                   NuGetPackageId=Microsoft.Extensions.Diagnostics.Abstractions
                                   NuGetPackageVersion=8.0.1
                                   PathInPackage=lib/net8.0/Microsoft.Extensions.Diagnostics.Abstractions.dll
                           /home/home/.nuget/packages/microsoft.extensions.fileproviders.abstractions/8.0.0/lib/net8.0/Microsoft.Extensions.FileProviders.Abstractions.dll
                                   AssetType=runtime
                                   CopyLocal=true
                                   DestinationSubPath=Microsoft.Extensions.FileProviders.Abstractions.dll
                                   NuGetPackageId=Microsoft.Extensions.FileProviders.Abstractions
                                   NuGetPackageVersion=8.0.0
                                   PathInPackage=lib/net8.0/Microsoft.Extensions.FileProviders.Abstractions.dll
                           /home/home/.nuget/packages/microsoft.extensions.fileproviders.physical/8.0.0/lib/net8.0/Microsoft.Extensions.FileProviders.Physical.dll
                                   AssetType=runtime
                                   CopyLocal=true
                                   DestinationSubPath=Microsoft.Extensions.FileProviders.Physical.dll
                                   NuGetPackageId=Microsoft.Extensions.FileProviders.Physical
                                   NuGetPackageVersion=8.0.0
                                   PathInPackage=lib/net8.0/Microsoft.Extensions.FileProviders.Physical.dll
                           /home/home/.nuget/packages/microsoft.extensions.filesystemglobbing/8.0.0/lib/net8.0/Microsoft.Extensions.FileSystemGlobbing.dll
                                   AssetType=runtime
                                   CopyLocal=true
                                   DestinationSubPath=Microsoft.Extensions.FileSystemGlobbing.dll
                                   NuGetPackageId=Microsoft.Extensions.FileSystemGlobbing
                                   NuGetPackageVersion=8.0.0
                                   PathInPackage=lib/net8.0/Microsoft.Extensions.FileSystemGlobbing.dll
                           /home/home/.nuget/packages/microsoft.extensions.hosting/8.0.0/lib/net8.0/Microsoft.Extensions.Hosting.dll
                                   AssetType=runtime
                                   CopyLocal=true
                                   DestinationSubPath=Microsoft.Extensions.Hosting.dll
                                   NuGetPackageId=Microsoft.Extensions.Hosting
                                   NuGetPackageVersion=8.0.0
                                   PathInPackage=lib/net8.0/Microsoft.Extensions.Hosting.dll
                           /home/home/.nuget/packages/microsoft.extensions.hosting.abstractions/8.0.1/lib/net8.0/Microsoft.Extensions.Hosting.Abstractions.dll
                                   AssetType=runtime
                                   CopyLocal=true
                                   DestinationSubPath=Microsoft.Extensions.Hosting.Abstractions.dll
                                   NuGetPackageId=Microsoft.Extensions.Hosting.Abstractions
                                   NuGetPackageVersion=8.0.1
                                   PathInPackage=lib/net8.0/Microsoft.Extensions.Hosting.Abstractions.dll
                           /home/home/.nuget/packages/microsoft.extensions.logging/8.0.0/lib/net8.0/Microsoft.Extensions.Logging.dll
                                   AssetType=runtime
                                   CopyLocal=true
                                   DestinationSubPath=Microsoft.Extensions.Logging.dll
                                   NuGetPackageId=Microsoft.Extensions.Logging
                                   NuGetPackageVersion=8.0.0
                                   PathInPackage=lib/net8.0/Microsoft.Extensions.Logging.dll
                           /home/home/.nuget/packages/microsoft.extensions.logging.abstractions/8.0.3/lib/net8.0/Microsoft.Extensions.Logging.Abstractions.dll
                                   AssetType=runtime
                                   CopyLocal=true
                                   DestinationSubPath=Microsoft.Extensions.Logging.Abstractions.dll
                                   NuGetPackageId=Microsoft.Extensions.Logging.Abstractions
                                   NuGetPackageVersion=8.0.3
                                   PathInPackage=lib/net8.0/Microsoft.Extensions.Logging.Abstractions.dll
                           /home/home/.nuget/packages/microsoft.extensions.logging.configuration/8.0.0/lib/net8.0/Microsoft.Extensions.Logging.Configuration.dll
                                   AssetType=runtime
                                   CopyLocal=true
                                   DestinationSubPath=Microsoft.Extensions.Logging.Configuration.dll
                                   NuGetPackageId=Microsoft.Extensions.Logging.Configuration
                                   NuGetPackageVersion=8.0.0
                                   PathInPackage=lib/net8.0/Microsoft.Extensions.Logging.Configuration.dll
                           /home/home/.nuget/packages/microsoft.extensions.logging.console/8.0.0/lib/net8.0/Microsoft.Extensions.Logging.Console.dll
                                   AssetType=runtime
                                   CopyLocal=true
                                   DestinationSubPath=Microsoft.Extensions.Logging.Console.dll
                                   NuGetPackageId=Microsoft.Extensions.Logging.Console
                                   NuGetPackageVersion=8.0.0
                                   PathInPackage=lib/net8.0/Microsoft.Extensions.Logging.Console.dll
                           /home/home/.nuget/packages/microsoft.extensions.logging.debug/8.0.0/lib/net8.0/Microsoft.Extensions.Logging.Debug.dll
                                   AssetType=runtime
                                   CopyLocal=true
                                   DestinationSubPath=Microsoft.Extensions.Logging.Debug.dll
                                   NuGetPackageId=Microsoft.Extensions.Logging.Debug
                                   NuGetPackageVersion=8.0.0
                                   PathInPackage=lib/net8.0/Microsoft.Extensions.Logging.Debug.dll
                           /home/home/.nuget/packages/microsoft.extensions.logging.eventlog/8.0.0/lib/net8.0/Microsoft.Extensions.Logging.EventLog.dll
                                   AssetType=runtime
                                   CopyLocal=true
                                   DestinationSubPath=Microsoft.Extensions.Logging.EventLog.dll
                                   NuGetPackageId=Microsoft.Extensions.Logging.EventLog
                                   NuGetPackageVersion=8.0.0
                                   PathInPackage=lib/net8.0/Microsoft.Extensions.Logging.EventLog.dll
                           /home/home/.nuget/packages/microsoft.extensions.logging.eventsource/8.0.0/lib/net8.0/Microsoft.Extensions.Logging.EventSource.dll
                                   AssetType=runtime
                                   CopyLocal=true
                                   DestinationSubPath=Microsoft.Extensions.Logging.EventSource.dll
                                   NuGetPackageId=Microsoft.Extensions.Logging.EventSource
                                   NuGetPackageVersion=8.0.0
                                   PathInPackage=lib/net8.0/Microsoft.Extensions.Logging.EventSource.dll
                           /home/home/.nuget/packages/microsoft.extensions.options/8.0.2/lib/net8.0/Microsoft.Extensions.Options.dll
                                   AssetType=runtime
                                   CopyLocal=true
                                   DestinationSubPath=Microsoft.Extensions.Options.dll
                                   NuGetPackageId=Microsoft.Extensions.Options
                                   NuGetPackageVersion=8.0.2
                                   PathInPackage=lib/net8.0/Microsoft.Extensions.Options.dll
                           /home/home/.nuget/packages/microsoft.extensions.options.configurationextensions/8.0.0/lib/net8.0/Microsoft.Extensions.Options.ConfigurationExtensions.dll
                                   AssetType=runtime
                                   CopyLocal=true
                                   DestinationSubPath=Microsoft.Extensions.Options.ConfigurationExtensions.dll
                                   NuGetPackageId=Microsoft.Extensions.Options.ConfigurationExtensions
                                   NuGetPackageVersion=8.0.0
                                   PathInPackage=lib/net8.0/Microsoft.Extensions.Options.ConfigurationExtensions.dll
                           /home/home/.nuget/packages/microsoft.extensions.primitives/8.0.0/lib/net8.0/Microsoft.Extensions.Primitives.dll
                                   AssetType=runtime
                                   CopyLocal=true
                                   DestinationSubPath=Microsoft.Extensions.Primitives.dll
                                   NuGetPackageId=Microsoft.Extensions.Primitives
                                   NuGetPackageVersion=8.0.0
                                   PathInPackage=lib/net8.0/Microsoft.Extensions.Primitives.dll
                           /home/home/.nuget/packages/modelcontextprotocol/0.4.0-preview.3/lib/net8.0/ModelContextProtocol.dll
                                   AssetType=runtime
                                   CopyLocal=true
                                   DestinationSubPath=ModelContextProtocol.dll
                                   NuGetPackageId=ModelContextProtocol
                                   NuGetPackageVersion=0.4.0-preview.3
                                   PathInPackage=lib/net8.0/ModelContextProtocol.dll
                           /home/home/.nuget/packages/modelcontextprotocol.core/0.4.0-preview.3/lib/net8.0/ModelContextProtocol.Core.dll
                                   AssetType=runtime
                                   CopyLocal=true
                                   DestinationSubPath=ModelContextProtocol.Core.dll
                                   NuGetPackageId=ModelContextProtocol.Core
                                   NuGetPackageVersion=0.4.0-preview.3
                                   PathInPackage=lib/net8.0/ModelContextProtocol.Core.dll
                           /home/home/.nuget/packages/system.diagnostics.eventlog/8.0.0/lib/net8.0/System.Diagnostics.EventLog.dll
                                   AssetType=runtime
                                   CopyLocal=true
                                   DestinationSubPath=System.Diagnostics.EventLog.dll
                                   NuGetPackageId=System.Diagnostics.EventLog
                                   NuGetPackageVersion=8.0.0
                                   PathInPackage=lib/net8.0/System.Diagnostics.EventLog.dll
                           /home/home/.nuget/packages/system.io.pipelines/8.0.0/lib/net8.0/System.IO.Pipelines.dll
                                   AssetType=runtime
                                   CopyLocal=true
                                   DestinationSubPath=System.IO.Pipelines.dll
                                   NuGetPackageId=System.IO.Pipelines
                                   NuGetPackageVersion=8.0.0
                                   PathInPackage=lib/net8.0/System.IO.Pipelines.dll
                           /home/home/.nuget/packages/system.net.serversentevents/10.0.0-rc.2.25502.107/lib/net8.0/System.Net.ServerSentEvents.dll
                                   AssetType=runtime
                                   CopyLocal=true
                                   DestinationSubPath=System.Net.ServerSentEvents.dll
                                   NuGetPackageId=System.Net.ServerSentEvents
                                   NuGetPackageVersion=10.0.0-rc.2.25502.107
                                   PathInPackage=lib/net8.0/System.Net.ServerSentEvents.dll
                           /home/home/.nuget/packages/system.text.encodings.web/8.0.0/lib/net8.0/System.Text.Encodings.Web.dll
                                   AssetType=runtime
                                   CopyLocal=true
                                   DestinationSubPath=System.Text.Encodings.Web.dll
                                   NuGetPackageId=System.Text.Encodings.Web
                                   NuGetPackageVersion=8.0.0
                                   PathInPackage=lib/net8.0/System.Text.Encodings.Web.dll
                           /home/home/.nuget/packages/system.text.json/8.0.0/lib/net8.0/System.Text.Json.dll
                                   AssetType=runtime
                                   CopyLocal=true
                                   DestinationSubPath=System.Text.Json.dll
                                   NuGetPackageId=System.Text.Json
                                   NuGetPackageVersion=8.0.0
                                   PathInPackage=lib/net8.0/System.Text.Json.dll
                   Added Item(s): 
                       _ResolvedCopyLocalBuildAssets=
                           /home/home/.nuget/packages/system.diagnostics.eventlog/8.0.0/runtimes/win/lib/net8.0/System.Diagnostics.EventLog.Messages.dll
                                   AssetType=runtime
                                   CopyLocal=true
                                   DestinationSubDirectory=runtimes/win/lib/net8.0/
                                   DestinationSubPath=runtimes/win/lib/net8.0/System.Diagnostics.EventLog.Messages.dll
                                   NuGetPackageId=System.Diagnostics.EventLog
                                   NuGetPackageVersion=8.0.0
                                   PathInPackage=runtimes/win/lib/net8.0/System.Diagnostics.EventLog.Messages.dll
                                   RuntimeIdentifier=win
                           /home/home/.nuget/packages/system.diagnostics.eventlog/8.0.0/runtimes/win/lib/net8.0/System.Diagnostics.EventLog.dll
                                   AssetType=runtime
                                   CopyLocal=true
                                   DestinationSubDirectory=runtimes/win/lib/net8.0/
                                   DestinationSubPath=runtimes/win/lib/net8.0/System.Diagnostics.EventLog.dll
                                   NuGetPackageId=System.Diagnostics.EventLog
                                   NuGetPackageVersion=8.0.0
                                   PathInPackage=runtimes/win/lib/net8.0/System.Diagnostics.EventLog.dll
                                   RuntimeIdentifier=win
                           /home/home/.nuget/packages/system.text.encodings.web/8.0.0/runtimes/browser/lib/net8.0/System.Text.Encodings.Web.dll
                                   AssetType=runtime
                                   CopyLocal=true
                                   DestinationSubDirectory=runtimes/browser/lib/net8.0/
                                   DestinationSubPath=runtimes/browser/lib/net8.0/System.Text.Encodings.Web.dll
                                   NuGetPackageId=System.Text.Encodings.Web
                                   NuGetPackageVersion=8.0.0
                                   PathInPackage=runtimes/browser/lib/net8.0/System.Text.Encodings.Web.dll
                                   RuntimeIdentifier=browser
                   Added Item(s): 
                       ReferenceCopyLocalPaths=
                           /home/home/.nuget/packages/microsoft.extensions.ai.abstractions/9.10.0/lib/net8.0/Microsoft.Extensions.AI.Abstractions.dll
                                   AssetType=runtime
                                   CopyLocal=true
                                   DestinationSubPath=Microsoft.Extensions.AI.Abstractions.dll
                                   NuGetPackageId=Microsoft.Extensions.AI.Abstractions
                                   NuGetPackageVersion=9.10.0
                                   PathInPackage=lib/net8.0/Microsoft.Extensions.AI.Abstractions.dll
                           /home/home/.nuget/packages/microsoft.extensions.configuration/8.0.0/lib/net8.0/Microsoft.Extensions.Configuration.dll
                                   AssetType=runtime
                                   CopyLocal=true
                                   DestinationSubPath=Microsoft.Extensions.Configuration.dll
                                   NuGetPackageId=Microsoft.Extensions.Configuration
                                   NuGetPackageVersion=8.0.0
                                   PathInPackage=lib/net8.0/Microsoft.Extensions.Configuration.dll
                           /home/home/.nuget/packages/microsoft.extensions.configuration.abstractions/8.0.0/lib/net8.0/Microsoft.Extensions.Configuration.Abstractions.dll
                                   AssetType=runtime
                                   CopyLocal=true
                                   DestinationSubPath=Microsoft.Extensions.Configuration.Abstractions.dll
                                   NuGetPackageId=Microsoft.Extensions.Configuration.Abstractions
                                   NuGetPackageVersion=8.0.0
                                   PathInPackage=lib/net8.0/Microsoft.Extensions.Configuration.Abstractions.dll
                           /home/home/.nuget/packages/microsoft.extensions.configuration.binder/8.0.0/lib/net8.0/Microsoft.Extensions.Configuration.Binder.dll
                                   AssetType=runtime
                                   CopyLocal=true
                                   DestinationSubPath=Microsoft.Extensions.Configuration.Binder.dll
                                   NuGetPackageId=Microsoft.Extensions.Configuration.Binder
                                   NuGetPackageVersion=8.0.0
                                   PathInPackage=lib/net8.0/Microsoft.Extensions.Configuration.Binder.dll
                           /home/home/.nuget/packages/microsoft.extensions.configuration.commandline/8.0.0/lib/net8.0/Microsoft.Extensions.Configuration.CommandLine.dll
                                   AssetType=runtime
                                   CopyLocal=true
                                   DestinationSubPath=Microsoft.Extensions.Configuration.CommandLine.dll
                                   NuGetPackageId=Microsoft.Extensions.Configuration.CommandLine
                                   NuGetPackageVersion=8.0.0
                                   PathInPackage=lib/net8.0/Microsoft.Extensions.Configuration.CommandLine.dll
                           /home/home/.nuget/packages/microsoft.extensions.configuration.environmentvariables/8.0.0/lib/net8.0/Microsoft.Extensions.Configuration.EnvironmentVariables.dll
                                   AssetType=runtime
                                   CopyLocal=true
                                   DestinationSubPath=Microsoft.Extensions.Configuration.EnvironmentVariables.dll
                                   NuGetPackageId=Microsoft.Extensions.Configuration.EnvironmentVariables
                                   NuGetPackageVersion=8.0.0
                                   PathInPackage=lib/net8.0/Microsoft.Extensions.Configuration.EnvironmentVariables.dll
                           /home/home/.nuget/packages/microsoft.extensions.configuration.fileextensions/8.0.0/lib/net8.0/Microsoft.Extensions.Configuration.FileExtensions.dll
                                   AssetType=runtime
                                   CopyLocal=true
                                   DestinationSubPath=Microsoft.Extensions.Configuration.FileExtensions.dll
                                   NuGetPackageId=Microsoft.Extensions.Configuration.FileExtensions
                                   NuGetPackageVersion=8.0.0
                                   PathInPackage=lib/net8.0/Microsoft.Extensions.Configuration.FileExtensions.dll
                           /home/home/.nuget/packages/microsoft.extensions.configuration.json/8.0.0/lib/net8.0/Microsoft.Extensions.Configuration.Json.dll
                                   AssetType=runtime
                                   CopyLocal=true
                                   DestinationSubPath=Microsoft.Extensions.Configuration.Json.dll
                                   NuGetPackageId=Microsoft.Extensions.Configuration.Json
                                   NuGetPackageVersion=8.0.0
                                   PathInPackage=lib/net8.0/Microsoft.Extensions.Configuration.Json.dll
                           /home/home/.nuget/packages/microsoft.extensions.configuration.usersecrets/8.0.0/lib/net8.0/Microsoft.Extensions.Configuration.UserSecrets.dll
                                   AssetType=runtime
                                   CopyLocal=true
                                   DestinationSubPath=Microsoft.Extensions.Configuration.UserSecrets.dll
                                   NuGetPackageId=Microsoft.Extensions.Configuration.UserSecrets
                                   NuGetPackageVersion=8.0.0
                                   PathInPackage=lib/net8.0/Microsoft.Extensions.Configuration.UserSecrets.dll
                           /home/home/.nuget/packages/microsoft.extensions.dependencyinjection/8.0.0/lib/net8.0/Microsoft.Extensions.DependencyInjection.dll
                                   AssetType=runtime
                                   CopyLocal=true
                                   DestinationSubPath=Microsoft.Extensions.DependencyInjection.dll
                                   NuGetPackageId=Microsoft.Extensions.DependencyInjection
                                   NuGetPackageVersion=8.0.0
                                   PathInPackage=lib/net8.0/Microsoft.Extensions.DependencyInjection.dll
                           /home/home/.nuget/packages/microsoft.extensions.dependencyinjection.abstractions/8.0.2/lib/net8.0/Microsoft.Extensions.DependencyInjection.Abstractions.dll
                                   AssetType=runtime
                                   CopyLocal=true
                                   DestinationSubPath=Microsoft.Extensions.DependencyInjection.Abstractions.dll
                                   NuGetPackageId=Microsoft.Extensions.DependencyInjection.Abstractions
                                   NuGetPackageVersion=8.0.2
                                   PathInPackage=lib/net8.0/Microsoft.Extensions.DependencyInjection.Abstractions.dll
                           /home/home/.nuget/packages/microsoft.extensions.diagnostics/8.0.0/lib/net8.0/Microsoft.Extensions.Diagnostics.dll
                                   AssetType=runtime
                                   CopyLocal=true
                                   DestinationSubPath=Microsoft.Extensions.Diagnostics.dll
                                   NuGetPackageId=Microsoft.Extensions.Diagnostics
                                   NuGetPackageVersion=8.0.0
                                   PathInPackage=lib/net8.0/Microsoft.Extensions.Diagnostics.dll
                           /home/home/.nuget/packages/microsoft.extensions.diagnostics.abstractions/8.0.1/lib/net8.0/Microsoft.Extensions.Diagnostics.Abstractions.dll
                                   AssetType=runtime
                                   CopyLocal=true
                                   DestinationSubPath=Microsoft.Extensions.Diagnostics.Abstractions.dll
                                   NuGetPackageId=Microsoft.Extensions.Diagnostics.Abstractions
                                   NuGetPackageVersion=8.0.1
                                   PathInPackage=lib/net8.0/Microsoft.Extensions.Diagnostics.Abstractions.dll
                           /home/home/.nuget/packages/microsoft.extensions.fileproviders.abstractions/8.0.0/lib/net8.0/Microsoft.Extensions.FileProviders.Abstractions.dll
                                   AssetType=runtime
                                   CopyLocal=true
                                   DestinationSubPath=Microsoft.Extensions.FileProviders.Abstractions.dll
                                   NuGetPackageId=Microsoft.Extensions.FileProviders.Abstractions
                                   NuGetPackageVersion=8.0.0
                                   PathInPackage=lib/net8.0/Microsoft.Extensions.FileProviders.Abstractions.dll
                           /home/home/.nuget/packages/microsoft.extensions.fileproviders.physical/8.0.0/lib/net8.0/Microsoft.Extensions.FileProviders.Physical.dll
                                   AssetType=runtime
                                   CopyLocal=true
                                   DestinationSubPath=Microsoft.Extensions.FileProviders.Physical.dll
                                   NuGetPackageId=Microsoft.Extensions.FileProviders.Physical
                                   NuGetPackageVersion=8.0.0
                                   PathInPackage=lib/net8.0/Microsoft.Extensions.FileProviders.Physical.dll
                           /home/home/.nuget/packages/microsoft.extensions.filesystemglobbing/8.0.0/lib/net8.0/Microsoft.Extensions.FileSystemGlobbing.dll
                                   AssetType=runtime
                                   CopyLocal=true
                                   DestinationSubPath=Microsoft.Extensions.FileSystemGlobbing.dll
                                   NuGetPackageId=Microsoft.Extensions.FileSystemGlobbing
                                   NuGetPackageVersion=8.0.0
                                   PathInPackage=lib/net8.0/Microsoft.Extensions.FileSystemGlobbing.dll
                           /home/home/.nuget/packages/microsoft.extensions.hosting/8.0.0/lib/net8.0/Microsoft.Extensions.Hosting.dll
                                   AssetType=runtime
                                   CopyLocal=true
                                   DestinationSubPath=Microsoft.Extensions.Hosting.dll
                                   NuGetPackageId=Microsoft.Extensions.Hosting
                                   NuGetPackageVersion=8.0.0
                                   PathInPackage=lib/net8.0/Microsoft.Extensions.Hosting.dll
                           /home/home/.nuget/packages/microsoft.extensions.hosting.abstractions/8.0.1/lib/net8.0/Microsoft.Extensions.Hosting.Abstractions.dll
                                   AssetType=runtime
                                   CopyLocal=true
                                   DestinationSubPath=Microsoft.Extensions.Hosting.Abstractions.dll
                                   NuGetPackageId=Microsoft.Extensions.Hosting.Abstractions
                                   NuGetPackageVersion=8.0.1
                                   PathInPackage=lib/net8.0/Microsoft.Extensions.Hosting.Abstractions.dll
                           /home/home/.nuget/packages/microsoft.extensions.logging/8.0.0/lib/net8.0/Microsoft.Extensions.Logging.dll
                                   AssetType=runtime
                                   CopyLocal=true
                                   DestinationSubPath=Microsoft.Extensions.Logging.dll
                                   NuGetPackageId=Microsoft.Extensions.Logging
                                   NuGetPackageVersion=8.0.0
                                   PathInPackage=lib/net8.0/Microsoft.Extensions.Logging.dll
                           /home/home/.nuget/packages/microsoft.extensions.logging.abstractions/8.0.3/lib/net8.0/Microsoft.Extensions.Logging.Abstractions.dll
                                   AssetType=runtime
                                   CopyLocal=true
                                   DestinationSubPath=Microsoft.Extensions.Logging.Abstractions.dll
                                   NuGetPackageId=Microsoft.Extensions.Logging.Abstractions
                                   NuGetPackageVersion=8.0.3
                                   PathInPackage=lib/net8.0/Microsoft.Extensions.Logging.Abstractions.dll
                           /home/home/.nuget/packages/microsoft.extensions.logging.configuration/8.0.0/lib/net8.0/Microsoft.Extensions.Logging.Configuration.dll
                                   AssetType=runtime
                                   CopyLocal=true
                                   DestinationSubPath=Microsoft.Extensions.Logging.Configuration.dll
                                   NuGetPackageId=Microsoft.Extensions.Logging.Configuration
                                   NuGetPackageVersion=8.0.0
                                   PathInPackage=lib/net8.0/Microsoft.Extensions.Logging.Configuration.dll
                           /home/home/.nuget/packages/microsoft.extensions.logging.console/8.0.0/lib/net8.0/Microsoft.Extensions.Logging.Console.dll
                                   AssetType=runtime
                                   CopyLocal=true
                                   DestinationSubPath=Microsoft.Extensions.Logging.Console.dll
                                   NuGetPackageId=Microsoft.Extensions.Logging.Console
                                   NuGetPackageVersion=8.0.0
                                   PathInPackage=lib/net8.0/Microsoft.Extensions.Logging.Console.dll
                           /home/home/.nuget/packages/microsoft.extensions.logging.debug/8.0.0/lib/net8.0/Microsoft.Extensions.Logging.Debug.dll
                                   AssetType=runtime
                                   CopyLocal=true
                                   DestinationSubPath=Microsoft.Extensions.Logging.Debug.dll
                                   NuGetPackageId=Microsoft.Extensions.Logging.Debug
                                   NuGetPackageVersion=8.0.0
                                   PathInPackage=lib/net8.0/Microsoft.Extensions.Logging.Debug.dll
                           /home/home/.nuget/packages/microsoft.extensions.logging.eventlog/8.0.0/lib/net8.0/Microsoft.Extensions.Logging.EventLog.dll
                                   AssetType=runtime
                                   CopyLocal=true
                                   DestinationSubPath=Microsoft.Extensions.Logging.EventLog.dll
                                   NuGetPackageId=Microsoft.Extensions.Logging.EventLog
                                   NuGetPackageVersion=8.0.0
                                   PathInPackage=lib/net8.0/Microsoft.Extensions.Logging.EventLog.dll
                           /home/home/.nuget/packages/microsoft.extensions.logging.eventsource/8.0.0/lib/net8.0/Microsoft.Extensions.Logging.EventSource.dll
                                   AssetType=runtime
                                   CopyLocal=true
                                   DestinationSubPath=Microsoft.Extensions.Logging.EventSource.dll
                                   NuGetPackageId=Microsoft.Extensions.Logging.EventSource
                                   NuGetPackageVersion=8.0.0
                                   PathInPackage=lib/net8.0/Microsoft.Extensions.Logging.EventSource.dll
                           /home/home/.nuget/packages/microsoft.extensions.options/8.0.2/lib/net8.0/Microsoft.Extensions.Options.dll
                                   AssetType=runtime
                                   CopyLocal=true
                                   DestinationSubPath=Microsoft.Extensions.Options.dll
                                   NuGetPackageId=Microsoft.Extensions.Options
                                   NuGetPackageVersion=8.0.2
                                   PathInPackage=lib/net8.0/Microsoft.Extensions.Options.dll
                           /home/home/.nuget/packages/microsoft.extensions.options.configurationextensions/8.0.0/lib/net8.0/Microsoft.Extensions.Options.ConfigurationExtensions.dll
                                   AssetType=runtime
                                   CopyLocal=true
                                   DestinationSubPath=Microsoft.Extensions.Options.ConfigurationExtensions.dll
                                   NuGetPackageId=Microsoft.Extensions.Options.ConfigurationExtensions
                                   NuGetPackageVersion=8.0.0
                                   PathInPackage=lib/net8.0/Microsoft.Extensions.Options.ConfigurationExtensions.dll
                           /home/home/.nuget/packages/microsoft.extensions.primitives/8.0.0/lib/net8.0/Microsoft.Extensions.Primitives.dll
                                   AssetType=runtime
                                   CopyLocal=true
                                   DestinationSubPath=Microsoft.Extensions.Primitives.dll
                                   NuGetPackageId=Microsoft.Extensions.Primitives
                                   NuGetPackageVersion=8.0.0
                                   PathInPackage=lib/net8.0/Microsoft.Extensions.Primitives.dll
                           /home/home/.nuget/packages/modelcontextprotocol/0.4.0-preview.3/lib/net8.0/ModelContextProtocol.dll
                                   AssetType=runtime
                                   CopyLocal=true
                                   DestinationSubPath=ModelContextProtocol.dll
                                   NuGetPackageId=ModelContextProtocol
                                   NuGetPackageVersion=0.4.0-preview.3
                                   PathInPackage=lib/net8.0/ModelContextProtocol.dll
                           /home/home/.nuget/packages/modelcontextprotocol.core/0.4.0-preview.3/lib/net8.0/ModelContextProtocol.Core.dll
                                   AssetType=runtime
                                   CopyLocal=true
                                   DestinationSubPath=ModelContextProtocol.Core.dll
                                   NuGetPackageId=ModelContextProtocol.Core
                                   NuGetPackageVersion=0.4.0-preview.3
                                   PathInPackage=lib/net8.0/ModelContextProtocol.Core.dll
                           /home/home/.nuget/packages/system.diagnostics.eventlog/8.0.0/lib/net8.0/System.Diagnostics.EventLog.dll
                                   AssetType=runtime
                                   CopyLocal=true
                                   DestinationSubPath=System.Diagnostics.EventLog.dll
                                   NuGetPackageId=System.Diagnostics.EventLog
                                   NuGetPackageVersion=8.0.0
                                   PathInPackage=lib/net8.0/System.Diagnostics.EventLog.dll
                           /home/home/.nuget/packages/system.io.pipelines/8.0.0/lib/net8.0/System.IO.Pipelines.dll
                                   AssetType=runtime
                                   CopyLocal=true
                                   DestinationSubPath=System.IO.Pipelines.dll
                                   NuGetPackageId=System.IO.Pipelines
                                   NuGetPackageVersion=8.0.0
                                   PathInPackage=lib/net8.0/System.IO.Pipelines.dll
                           /home/home/.nuget/packages/system.net.serversentevents/10.0.0-rc.2.25502.107/lib/net8.0/System.Net.ServerSentEvents.dll
                                   AssetType=runtime
                                   CopyLocal=true
                                   DestinationSubPath=System.Net.ServerSentEvents.dll
                                   NuGetPackageId=System.Net.ServerSentEvents
                                   NuGetPackageVersion=10.0.0-rc.2.25502.107
                                   PathInPackage=lib/net8.0/System.Net.ServerSentEvents.dll
                           /home/home/.nuget/packages/system.text.encodings.web/8.0.0/lib/net8.0/System.Text.Encodings.Web.dll
                                   AssetType=runtime
                                   CopyLocal=true
                                   DestinationSubPath=System.Text.Encodings.Web.dll
                                   NuGetPackageId=System.Text.Encodings.Web
                                   NuGetPackageVersion=8.0.0
                                   PathInPackage=lib/net8.0/System.Text.Encodings.Web.dll
                           /home/home/.nuget/packages/system.text.json/8.0.0/lib/net8.0/System.Text.Json.dll
                                   AssetType=runtime
                                   CopyLocal=true
                                   DestinationSubPath=System.Text.Json.dll
                                   NuGetPackageId=System.Text.Json
                                   NuGetPackageVersion=8.0.0
                                   PathInPackage=lib/net8.0/System.Text.Json.dll
                           /home/home/.nuget/packages/system.diagnostics.eventlog/8.0.0/runtimes/win/lib/net8.0/System.Diagnostics.EventLog.Messages.dll
                                   AssetType=runtime
                                   CopyLocal=true
                                   DestinationSubDirectory=runtimes/win/lib/net8.0/
                                   DestinationSubPath=runtimes/win/lib/net8.0/System.Diagnostics.EventLog.Messages.dll
                                   NuGetPackageId=System.Diagnostics.EventLog
                                   NuGetPackageVersion=8.0.0
                                   PathInPackage=runtimes/win/lib/net8.0/System.Diagnostics.EventLog.Messages.dll
                                   RuntimeIdentifier=win
                           /home/home/.nuget/packages/system.diagnostics.eventlog/8.0.0/runtimes/win/lib/net8.0/System.Diagnostics.EventLog.dll
                                   AssetType=runtime
                                   CopyLocal=true
                                   DestinationSubDirectory=runtimes/win/lib/net8.0/
                                   DestinationSubPath=runtimes/win/lib/net8.0/System.Diagnostics.EventLog.dll
                                   NuGetPackageId=System.Diagnostics.EventLog
                                   NuGetPackageVersion=8.0.0
                                   PathInPackage=runtimes/win/lib/net8.0/System.Diagnostics.EventLog.dll
                                   RuntimeIdentifier=win
                           /home/home/.nuget/packages/system.text.encodings.web/8.0.0/runtimes/browser/lib/net8.0/System.Text.Encodings.Web.dll
                                   AssetType=runtime
                                   CopyLocal=true
                                   DestinationSubDirectory=runtimes/browser/lib/net8.0/
                                   DestinationSubPath=runtimes/browser/lib/net8.0/System.Text.Encodings.Web.dll
                                   NuGetPackageId=System.Text.Encodings.Web
                                   NuGetPackageVersion=8.0.0
                                   PathInPackage=runtimes/browser/lib/net8.0/System.Text.Encodings.Web.dll
                                   RuntimeIdentifier=browser
20:21:26.457     1>Done building target "ResolveLockFileCopyLocalFiles" in project "SampleOnionApp.McpServer.csproj".: (TargetId:38)
                   Target "ResolveRuntimePackAssets" skipped, due to false condition; ('@(RuntimePack)' != '') was evaluated as ('' != '').
                   Target "RunProduceContentAssets" skipped, due to false condition; ('@(_ContentFilesToPreprocess)' != '' and '$(_CleaningWithoutRebuilding)' != 'true') was evaluated as ('' != '' and '' != 'true').
                   Target "ResolvePackageAssets" skipped. Previously built successfully.
20:21:26.457     1>Target "IncludeTransitiveProjectReferences: (TargetId:39)" in file "/usr/lib/dotnet/sdk/8.0.121/Sdks/Microsoft.NET.Sdk/targets/Microsoft.PackageDependencyResolution.targets" from project "/home/home/Desktop/codex-test/src/SampleOnionApp.McpServer/SampleOnionApp.McpServer.csproj" (target "ResolvePackageDependenciesForBuild" depends on it):
                   Added Item(s): 
                       ProjectReference=
                           ../SampleOnionApp.Domain/SampleOnionApp.Domain.csproj
                                   NuGetPackageId=SampleOnionApp.Domain
                                   NuGetPackageVersion=1.0.0
                                   OutputItemType=
                                   ReferenceSourceTarget=ProjectReference
                                   Targets=
20:21:26.457     1>Done building target "IncludeTransitiveProjectReferences" in project "SampleOnionApp.McpServer.csproj".: (TargetId:39)
20:21:26.457     1>Target "ResolvePackageDependenciesForBuild: (TargetId:40)" in file "/usr/lib/dotnet/sdk/8.0.121/Sdks/Microsoft.NET.Sdk/targets/Microsoft.PackageDependencyResolution.targets" from project "/home/home/Desktop/codex-test/src/SampleOnionApp.McpServer/SampleOnionApp.McpServer.csproj" (target "AssignProjectConfiguration" depends on it):
20:21:26.457     1>Done building target "ResolvePackageDependenciesForBuild" in project "SampleOnionApp.McpServer.csproj".: (TargetId:40)
                   Target "_System_Text_JsonAnalyzerMultiTargeting" skipped, due to false condition; ('$(SupportsRoslynComponentVersioning)' != 'true') was evaluated as ('true' != 'true').
                   Target "_System_Text_JsonRemoveAnalyzers" skipped, due to false condition; ('$(DisableSystemTextJsonSourceGenerator)' == 'true') was evaluated as ('' == 'true').
                   Target "_Microsoft_Extensions_Logging_AbstractionsAnalyzerMultiTargeting" skipped, due to false condition; ('$(SupportsRoslynComponentVersioning)' != 'true') was evaluated as ('true' != 'true').
                   Target "_Microsoft_Extensions_Logging_AbstractionsRemoveAnalyzers" skipped, due to false condition; ('$(DisableMicrosoftExtensionsLoggingSourceGenerator)' == 'true') was evaluated as ('' == 'true').
                   Target "_Microsoft_Extensions_OptionsAnalyzerMultiTargeting" skipped, due to false condition; ('$(SupportsRoslynComponentVersioning)' != 'true') was evaluated as ('true' != 'true').
                   Target "_Microsoft_Extensions_OptionsRemoveAnalyzers" skipped, due to false condition; ('$(DisableMicrosoftExtensionsOptionsSourceGenerator)' == 'true') was evaluated as ('' == 'true').
20:21:26.457     1>Target "_Microsoft_Extensions_Configuration_Binder_RemoveAnalyzer: (TargetId:41)" in file "/home/home/.nuget/packages/microsoft.extensions.configuration.binder/8.0.0/buildTransitive/netstandard2.0/Microsoft.Extensions.Configuration.Binder.targets" from project "/home/home/Desktop/codex-test/src/SampleOnionApp.McpServer/SampleOnionApp.McpServer.csproj" (target "AssignProjectConfiguration" depends on it):
                   Removed Item(s): 
                       Analyzer=
                           /home/home/.nuget/packages/microsoft.extensions.configuration.binder/8.0.0/analyzers/dotnet/cs/Microsoft.Extensions.Configuration.Binder.SourceGeneration.dll
                                   NuGetPackageId=Microsoft.Extensions.Configuration.Binder
                                   NuGetPackageVersion=8.0.0
20:21:26.458     1>Done building target "_Microsoft_Extensions_Configuration_Binder_RemoveAnalyzer" in project "SampleOnionApp.McpServer.csproj".: (TargetId:41)
20:21:26.458     1>Target "AssignProjectConfiguration: (TargetId:42)" in file "/usr/lib/dotnet/sdk/8.0.121/Microsoft.Common.CurrentVersion.targets" from project "/home/home/Desktop/codex-test/src/SampleOnionApp.McpServer/SampleOnionApp.McpServer.csproj" (target "ResolveReferences" depends on it):
                   Set Property: OnlyReferenceAndBuildProjectsEnabledInSolutionConfiguration=true
                   Set Property: ShouldUnsetParentConfigurationAndPlatform=false
                   Set Property: AddSyntheticProjectReferencesForSolutionDependencies=true
                   Using "AssignProjectConfiguration" task from assembly "Microsoft.Build.Tasks.Core, Version=15.1.0.0, Culture=neutral, PublicKeyToken=b03f5f7f11d50a3a".
                   Task "AssignProjectConfiguration" (TaskId:23)
                     Task Parameter:
                         ProjectReferences=
                             ../SampleOnionApp.Application/SampleOnionApp.Application.csproj
                                     OutputItemType=
                                     ReferenceSourceTarget=ProjectReference
                                     Targets=
                             ../SampleOnionApp.Infrastructure/SampleOnionApp.Infrastructure.csproj
                                     OutputItemType=
                                     ReferenceSourceTarget=ProjectReference
                                     Targets=
                             ../SampleOnionApp.Domain/SampleOnionApp.Domain.csproj
                                     NuGetPackageId=SampleOnionApp.Domain
                                     NuGetPackageVersion=1.0.0
                                     OutputItemType=
                                     ReferenceSourceTarget=ProjectReference
                                     Targets= (TaskId:23)
                     Task Parameter:AddSyntheticProjectReferencesForSolutionDependencies=True (TaskId:23)
                     Task Parameter:ResolveConfigurationPlatformUsingMappings=False (TaskId:23)
                     Task Parameter:CurrentProject=/home/home/Desktop/codex-test/src/SampleOnionApp.McpServer/SampleOnionApp.McpServer.csproj (TaskId:23)
                     Task Parameter:CurrentProjectPlatform=AnyCPU (TaskId:23)
                     Task Parameter:CurrentProjectConfiguration=Debug (TaskId:23)
                     Task Parameter:ShouldUnsetParentConfigurationAndPlatform=False (TaskId:23)
                     Task Parameter:OnlyReferenceAndBuildProjectsEnabledInSolutionConfiguration=True (TaskId:23)
                     Task Parameter:OutputType=Exe (TaskId:23)
                     Project reference "../SampleOnionApp.Application/SampleOnionApp.Application.csproj" has not been resolved. (TaskId:23)
                     Project reference "../SampleOnionApp.Infrastructure/SampleOnionApp.Infrastructure.csproj" has not been resolved. (TaskId:23)
                     Project reference "../SampleOnionApp.Domain/SampleOnionApp.Domain.csproj" has not been resolved. (TaskId:23)
                     Output Item(s): 
                         _ProjectReferenceWithConfiguration=
                             ../SampleOnionApp.Application/SampleOnionApp.Application.csproj
                                     OutputItemType=
                                     ReferenceSourceTarget=ProjectReference
                                     Targets=
                             ../SampleOnionApp.Infrastructure/SampleOnionApp.Infrastructure.csproj
                                     OutputItemType=
                                     ReferenceSourceTarget=ProjectReference
                                     Targets=
                             ../SampleOnionApp.Domain/SampleOnionApp.Domain.csproj
                                     NuGetPackageId=SampleOnionApp.Domain
                                     NuGetPackageVersion=1.0.0
                                     OutputItemType=
                                     ReferenceSourceTarget=ProjectReference
                                     Targets= (TaskId:23)
                     Output Item(s): 
                         ProjectReferenceWithConfiguration=
                             ../SampleOnionApp.Application/SampleOnionApp.Application.csproj
                                     OutputItemType=
                                     ReferenceSourceTarget=ProjectReference
                                     Targets=
                             ../SampleOnionApp.Infrastructure/SampleOnionApp.Infrastructure.csproj
                                     OutputItemType=
                                     ReferenceSourceTarget=ProjectReference
                                     Targets=
                             ../SampleOnionApp.Domain/SampleOnionApp.Domain.csproj
                                     NuGetPackageId=SampleOnionApp.Domain
                                     NuGetPackageVersion=1.0.0
                                     OutputItemType=
                                     ReferenceSourceTarget=ProjectReference
                                     Targets= (TaskId:23)
                   Done executing task "AssignProjectConfiguration". (TaskId:23)
20:21:26.460     1>Done building target "AssignProjectConfiguration" in project "SampleOnionApp.McpServer.csproj".: (TargetId:42)
                   Target "AssignProjectConfiguration" skipped. Previously built successfully.
20:21:26.460     1>Target "_SplitProjectReferencesByFileExistence: (TargetId:43)" in file "/usr/lib/dotnet/sdk/8.0.121/Microsoft.Common.CurrentVersion.targets" from project "/home/home/Desktop/codex-test/src/SampleOnionApp.McpServer/SampleOnionApp.McpServer.csproj" (target "PrepareProjectReferences" depends on it):
                   Task "ResolveNonMSBuildProjectOutput" skipped, due to false condition; ('$(BuildingInsideVisualStudio)'=='true' and '@(ProjectReferenceWithConfiguration)'!='') was evaluated as (''=='true' and '../SampleOnionApp.Application/SampleOnionApp.Application.csproj;../SampleOnionApp.Infrastructure/SampleOnionApp.Infrastructure.csproj;../SampleOnionApp.Domain/SampleOnionApp.Domain.csproj'!='').
                   Added Item(s): 
                       _MSBuildProjectReference=
                           ../SampleOnionApp.Application/SampleOnionApp.Application.csproj
                                   BuildReference=true
                                   OutputItemType=
                                   ReferenceOutputAssembly=true
                                   ReferenceSourceTarget=ProjectReference
                                   Targets=
                           ../SampleOnionApp.Infrastructure/SampleOnionApp.Infrastructure.csproj
                                   BuildReference=true
                                   OutputItemType=
                                   ReferenceOutputAssembly=true
                                   ReferenceSourceTarget=ProjectReference
                                   Targets=
                           ../SampleOnionApp.Domain/SampleOnionApp.Domain.csproj
                                   BuildReference=true
                                   NuGetPackageId=SampleOnionApp.Domain
                                   NuGetPackageVersion=1.0.0
                                   OutputItemType=
                                   ReferenceOutputAssembly=true
                                   ReferenceSourceTarget=ProjectReference
                                   Targets=
                   Added Item(s): 
                       _MSBuildProjectReferenceExistent=
                           ../SampleOnionApp.Application/SampleOnionApp.Application.csproj
                                   BuildReference=true
                                   OutputItemType=
                                   ReferenceOutputAssembly=true
                                   ReferenceSourceTarget=ProjectReference
                                   Targets=
                   Added Item(s): 
                       _MSBuildProjectReferenceExistent=
                           ../SampleOnionApp.Infrastructure/SampleOnionApp.Infrastructure.csproj
                                   BuildReference=true
                                   OutputItemType=
                                   ReferenceOutputAssembly=true
                                   ReferenceSourceTarget=ProjectReference
                                   Targets=
                   Added Item(s): 
                       _MSBuildProjectReferenceExistent=
                           ../SampleOnionApp.Domain/SampleOnionApp.Domain.csproj
                                   BuildReference=true
                                   NuGetPackageId=SampleOnionApp.Domain
                                   NuGetPackageVersion=1.0.0
                                   OutputItemType=
                                   ReferenceOutputAssembly=true
                                   ReferenceSourceTarget=ProjectReference
                                   Targets=
20:21:26.461     1>Done building target "_SplitProjectReferencesByFileExistence" in project "SampleOnionApp.McpServer.csproj".: (TargetId:43)
20:21:26.461     1>Target "_AddOutputPathToGlobalPropertiesToRemove: (TargetId:44)" in file "/usr/lib/dotnet/sdk/8.0.121/Microsoft.Common.CurrentVersion.targets" from project "/home/home/Desktop/codex-test/src/SampleOnionApp.McpServer/SampleOnionApp.McpServer.csproj" (target "_GetProjectReferenceTargetFrameworkProperties" depends on it):
20:21:26.461     1>Done building target "_AddOutputPathToGlobalPropertiesToRemove" in project "SampleOnionApp.McpServer.csproj".: (TargetId:44)
20:21:26.461     1>Target "_GetProjectReferenceTargetFrameworkProperties: (TargetId:45)" in file "/usr/lib/dotnet/sdk/8.0.121/Microsoft.Common.CurrentVersion.targets" from project "/home/home/Desktop/codex-test/src/SampleOnionApp.McpServer/SampleOnionApp.McpServer.csproj" (target "PrepareProjectReferences" depends on it):
                   Set Property: ReferringTargetFrameworkForProjectReferences=.NETCoreApp,Version=v8.0
                   Using "MSBuild" task from assembly "Microsoft.Build.Tasks.Core, Version=15.1.0.0, Culture=neutral, PublicKeyToken=b03f5f7f11d50a3a".
                   Task "MSBuild" (TaskId:24)
                     Task Parameter:RemoveProperties=;TargetFramework;RuntimeIdentifier;SelfContained; (TaskId:24)
                     Task Parameter:Targets=GetTargetFrameworks (TaskId:24)
                     Task Parameter:
                         Projects=
                             ../SampleOnionApp.Application/SampleOnionApp.Application.csproj
                                     BuildReference=true
                                     OutputItemType=
                                     ReferenceOutputAssembly=true
                                     ReferenceSourceTarget=ProjectReference
                                     Targets=
                             ../SampleOnionApp.Infrastructure/SampleOnionApp.Infrastructure.csproj
                                     BuildReference=true
                                     OutputItemType=
                                     ReferenceOutputAssembly=true
                                     ReferenceSourceTarget=ProjectReference
                                     Targets=
                             ../SampleOnionApp.Domain/SampleOnionApp.Domain.csproj
                                     BuildReference=true
                                     NuGetPackageId=SampleOnionApp.Domain
                                     NuGetPackageVersion=1.0.0
                                     OutputItemType=
                                     ReferenceOutputAssembly=true
                                     ReferenceSourceTarget=ProjectReference
                                     Targets= (TaskId:24)
                     Task Parameter:SkipNonexistentTargets=True (TaskId:24)
                     Task Parameter:BuildInParallel=True (TaskId:24)
                     Removing Properties: (TaskId:24)
                       TargetFramework (TaskId:24)
                       RuntimeIdentifier (TaskId:24)
                       SelfContained (TaskId:24)
20:21:26.501     0>Property reassignment: $(ImportDirectoryBuildProps)="false" (previous value: "true") at /usr/lib/dotnet/sdk/8.0.121/Sdks/Microsoft.NET.Sdk/Sdk/Sdk.props (57,5)
                   Property 'MSBuildExtensionsPath' with value '/usr/lib/dotnet/sdk/8.0.121/' expanded from the environment.
                   Property reassignment: $(MSBuildProjectExtensionsPath)="/home/home/Desktop/codex-test/src/SampleOnionApp.Application/obj/" (previous value: "obj/") at /usr/lib/dotnet/sdk/8.0.121/Current/Microsoft.Common.props (60,5)
                   Property reassignment: $(AssemblySearchPaths)="{CandidateAssemblyFiles};{HintPathFromItem}" (previous value: "{CandidateAssemblyFiles}") at /usr/lib/dotnet/sdk/8.0.121/Sdks/Microsoft.NET.Sdk/targets/Microsoft.NET.Sdk.props (91,5)
                   Property reassignment: $(AssemblySearchPaths)="{CandidateAssemblyFiles};{HintPathFromItem};{TargetFrameworkDirectory}" (previous value: "{CandidateAssemblyFiles};{HintPathFromItem}") at /usr/lib/dotnet/sdk/8.0.121/Sdks/Microsoft.NET.Sdk/targets/Microsoft.NET.Sdk.props (92,5)
                   Property reassignment: $(AssemblySearchPaths)="{CandidateAssemblyFiles};{HintPathFromItem};{TargetFrameworkDirectory};{RawFileName}" (previous value: "{CandidateAssemblyFiles};{HintPathFromItem};{TargetFrameworkDirectory}") at /usr/lib/dotnet/sdk/8.0.121/Sdks/Microsoft.NET.Sdk/targets/Microsoft.NET.Sdk.props (93,5)
                   Property reassignment: $(TargetsForTfmSpecificContentInPackage)=";PackTool;_PackProjectToolValidation" (previous value: ";PackTool") at /usr/lib/dotnet/sdk/8.0.121/Sdks/Microsoft.NET.Sdk/targets/Microsoft.NET.PackProjectTool.props (15,5)
                   Property reassignment: $(PublishProfileImported)="false" (previous value: "true") at /usr/lib/dotnet/sdk/8.0.121/Sdks/Microsoft.NET.Sdk/targets/Microsoft.NET.Sdk.ImportPublishProfile.targets (28,5)
                   Property reassignment: $(TargetPlatformVersion)="" (previous value: "0.0") at /usr/lib/dotnet/sdk/8.0.121/Sdks/Microsoft.NET.Sdk/targets/Microsoft.NET.TargetFrameworkInference.targets (69,5)
                   Property reassignment: $(DefaultItemExcludes)=";bin/Debug//**;obj/Debug//**" (previous value: ";bin/Debug//**") at /usr/lib/dotnet/sdk/8.0.121/Sdks/Microsoft.NET.Sdk/targets/Microsoft.NET.DefaultOutputPaths.targets (122,5)
                   Property reassignment: $(OutputPath)="bin/Debug/net8.0/" (previous value: "bin/Debug/") at /usr/lib/dotnet/sdk/8.0.121/Sdks/Microsoft.NET.Sdk/targets/Microsoft.NET.DefaultOutputPaths.targets (137,5)
                   Property reassignment: $(IntermediateOutputPath)="obj/Debug/net8.0/" (previous value: "obj/Debug/") at /usr/lib/dotnet/sdk/8.0.121/Sdks/Microsoft.NET.Sdk/targets/Microsoft.NET.DefaultOutputPaths.targets (142,5)
                   Property reassignment: $(_FrameworkIdentifierForImplicitDefine)="NET" (previous value: "NETCOREAPP") at /usr/lib/dotnet/sdk/8.0.121/Sdks/Microsoft.NET.Sdk/targets/Microsoft.NET.Sdk.BeforeCommon.targets (187,5)
                   Property reassignment: $(_FrameworkVersionForImplicitDefine)="8_0" (previous value: "8.0") at /usr/lib/dotnet/sdk/8.0.121/Sdks/Microsoft.NET.Sdk/targets/Microsoft.NET.Sdk.BeforeCommon.targets (192,5)
                   Property reassignment: $(CommandLineArgsForDesignTimeEvaluation)="-langversion:12.0 -define:TRACE" (previous value: "-langversion:12.0") at /usr/lib/dotnet/sdk/8.0.121/Roslyn/Microsoft.CSharp.Core.targets (197,5)
                   Property reassignment: $(_DebugSymbolsProduced)="true" (previous value: "false") at /usr/lib/dotnet/sdk/8.0.121/Microsoft.Common.CurrentVersion.targets (175,5)
                   Property reassignment: $(_DocumentationFileProduced)="false" (previous value: "true") at /usr/lib/dotnet/sdk/8.0.121/Microsoft.Common.CurrentVersion.targets (185,5)
                   Property reassignment: $(ProcessorArchitecture)="msil" (previous value: "") at /usr/lib/dotnet/sdk/8.0.121/Microsoft.Common.CurrentVersion.targets (529,5)
                   Property reassignment: $(DelaySign)="" (previous value: "false") at /usr/lib/dotnet/sdk/8.0.121/Microsoft.Common.CurrentVersion.targets (568,5)
                   Property 'LocalAppData' with value '/home/home/.local/share' expanded from the environment.
                   Property reassignment: $(_SGenGenerateSerializationAssembliesConfig)="Auto" (previous value: "") at /usr/lib/dotnet/sdk/8.0.121/Microsoft.Common.CurrentVersion.targets (3824,5)
                   Property reassignment: $(_SGenGenerateSerializationAssembliesConfig)="Off" (previous value: "Auto") at /usr/lib/dotnet/sdk/8.0.121/Microsoft.Common.CurrentVersion.targets (3825,5)
                   Property reassignment: $(_TargetsThatPrepareProjectReferences)="
                         AssignProjectConfiguration;
                         _SplitProjectReferencesByFileExistence
                       " (previous value: "_SplitProjectReferencesByFileExistence") at /usr/lib/dotnet/sdk/8.0.121/Microsoft.Common.CurrentVersion.targets (4976,5)
                   Property 'MSBuildExtensionsPath32' with value '/usr/lib/dotnet/sdk/8.0.121' expanded from the environment.
                   Property reassignment: $(ProjectAssetsCacheFile)="/home/home/Desktop/codex-test/src/SampleOnionApp.Application/obj/Debug/net8.0/SampleOnionApp.Application.assets.cache" (previous value: "obj/Debug/net8.0/SampleOnionApp.Application.assets.cache") at /usr/lib/dotnet/sdk/8.0.121/Sdks/Microsoft.NET.Sdk/targets/Microsoft.PackageDependencyResolution.targets (29,5)
                   Property reassignment: $(ResolveAssemblyReferencesDependsOn)="
                         
                         ResolveProjectReferences;
                         FindInvalidProjectReferences;
                         GetFrameworkPaths;
                         GetReferenceAssemblyPaths;
                         PrepareForBuild;
                         ResolveSDKReferences;
                         ExpandSDKReferences;
                       ;
                         ResolvePackageDependenciesForBuild;
                         _HandlePackageFileConflicts;
                       " (previous value: "
                         ResolveProjectReferences;
                         FindInvalidProjectReferences;
                         GetFrameworkPaths;
                         GetReferenceAssemblyPaths;
                         PrepareForBuild;
                         ResolveSDKReferences;
                         ExpandSDKReferences;
                       ") at /usr/lib/dotnet/sdk/8.0.121/Sdks/Microsoft.NET.Sdk/targets/Microsoft.PackageDependencyResolution.targets (80,5)
                   Property reassignment: $(PrepareResourcesDependsOn)="
                         ResolvePackageDependenciesForBuild;
                         _HandlePackageFileConflicts;
                         
                         ;
                         PrepareResourceNames;
                         ResGen;
                         CompileLicxFiles
                       
                       " (previous value: "
                         ;
                         PrepareResourceNames;
                         ResGen;
                         CompileLicxFiles
                       ") at /usr/lib/dotnet/sdk/8.0.121/Sdks/Microsoft.NET.Sdk/targets/Microsoft.PackageDependencyResolution.targets (86,5)
                   Property reassignment: $(DefaultItemExcludes)=";bin/Debug//**;obj/Debug//**;bin//**" (previous value: ";bin/Debug//**;obj/Debug//**") at /usr/lib/dotnet/sdk/8.0.121/Sdks/Microsoft.NET.Sdk/targets/Microsoft.NET.Sdk.DefaultItems.targets (27,5)
                   Property reassignment: $(DefaultItemExcludes)=";bin/Debug//**;obj/Debug//**;bin//**;obj//**" (previous value: ";bin/Debug//**;obj/Debug//**;bin//**") at /usr/lib/dotnet/sdk/8.0.121/Sdks/Microsoft.NET.Sdk/targets/Microsoft.NET.Sdk.DefaultItems.targets (29,5)
                   Property reassignment: $(DefaultItemExcludes)=";bin/Debug//**;obj/Debug//**;bin//**;obj//**;**/*.user" (previous value: ";bin/Debug//**;obj/Debug//**;bin//**;obj//**") at /usr/lib/dotnet/sdk/8.0.121/Sdks/Microsoft.NET.Sdk/targets/Microsoft.NET.Sdk.DefaultItems.targets (32,5)
                   Property reassignment: $(DefaultItemExcludes)=";bin/Debug//**;obj/Debug//**;bin//**;obj//**;**/*.user;**/*.*proj" (previous value: ";bin/Debug//**;obj/Debug//**;bin//**;obj//**;**/*.user") at /usr/lib/dotnet/sdk/8.0.121/Sdks/Microsoft.NET.Sdk/targets/Microsoft.NET.Sdk.DefaultItems.targets (33,5)
                   Property reassignment: $(DefaultItemExcludes)=";bin/Debug//**;obj/Debug//**;bin//**;obj//**;**/*.user;**/*.*proj;**/*.sln" (previous value: ";bin/Debug//**;obj/Debug//**;bin//**;obj//**;**/*.user;**/*.*proj") at /usr/lib/dotnet/sdk/8.0.121/Sdks/Microsoft.NET.Sdk/targets/Microsoft.NET.Sdk.DefaultItems.targets (34,5)
                   Property reassignment: $(DefaultItemExcludes)=";bin/Debug//**;obj/Debug//**;bin//**;obj//**;**/*.user;**/*.*proj;**/*.sln;**/*.vssscc" (previous value: ";bin/Debug//**;obj/Debug//**;bin//**;obj//**;**/*.user;**/*.*proj;**/*.sln") at /usr/lib/dotnet/sdk/8.0.121/Sdks/Microsoft.NET.Sdk/targets/Microsoft.NET.Sdk.DefaultItems.targets (35,5)
                   Property reassignment: $(DefaultItemExcludes)=";bin/Debug//**;obj/Debug//**;bin//**;obj//**;**/*.user;**/*.*proj;**/*.sln;**/*.vssscc;**/.DS_Store" (previous value: ";bin/Debug//**;obj/Debug//**;bin//**;obj//**;**/*.user;**/*.*proj;**/*.sln;**/*.vssscc") at /usr/lib/dotnet/sdk/8.0.121/Sdks/Microsoft.NET.Sdk/targets/Microsoft.NET.Sdk.DefaultItems.targets (36,5)
                   Property reassignment: $(ResolveAssemblyReferencesDependsOn)="
                         
                         
                         ResolveProjectReferences;
                         FindInvalidProjectReferences;
                         GetFrameworkPaths;
                         GetReferenceAssemblyPaths;
                         PrepareForBuild;
                         ResolveSDKReferences;
                         ExpandSDKReferences;
                       ;
                         ResolvePackageDependenciesForBuild;
                         _HandlePackageFileConflicts;
                       ;
                         ResolveTargetingPackAssets;
                       " (previous value: "
                         
                         ResolveProjectReferences;
                         FindInvalidProjectReferences;
                         GetFrameworkPaths;
                         GetReferenceAssemblyPaths;
                         PrepareForBuild;
                         ResolveSDKReferences;
                         ExpandSDKReferences;
                       ;
                         ResolvePackageDependenciesForBuild;
                         _HandlePackageFileConflicts;
                       ") at /usr/lib/dotnet/sdk/8.0.121/Sdks/Microsoft.NET.Sdk/targets/Microsoft.NET.Sdk.FrameworkReferenceResolution.targets (14,5)
                   Property reassignment: $(_GenerateRuntimeConfigurationPropertyInputsCache)="/home/home/Desktop/codex-test/src/SampleOnionApp.Application/obj/Debug/net8.0/SampleOnionApp.Application.genruntimeconfig.cache" (previous value: "obj/Debug/net8.0/SampleOnionApp.Application.genruntimeconfig.cache") at /usr/lib/dotnet/sdk/8.0.121/Sdks/Microsoft.NET.Sdk/targets/Microsoft.NET.Sdk.targets (44,5)
                   Property reassignment: $(_GeneratePublishDependencyFilePropertyInputsCache)="/home/home/Desktop/codex-test/src/SampleOnionApp.Application/obj/Debug/net8.0/SampleOnionApp.Application.genpublishdeps.cache" (previous value: "obj/Debug/net8.0/SampleOnionApp.Application.genpublishdeps.cache") at /usr/lib/dotnet/sdk/8.0.121/Sdks/Microsoft.NET.Sdk/targets/Microsoft.NET.Sdk.targets (46,5)
                   Property reassignment: $(_GenerateSingleFileBundlePropertyInputsCache)="/home/home/Desktop/codex-test/src/SampleOnionApp.Application/obj/Debug/net8.0/SampleOnionApp.Application.genbundle.cache" (previous value: "obj/Debug/net8.0/SampleOnionApp.Application.genbundle.cache") at /usr/lib/dotnet/sdk/8.0.121/Sdks/Microsoft.NET.Sdk/targets/Microsoft.NET.Sdk.targets (48,5)
                   Property reassignment: $(GenerateRuntimeConfigDevFile)="false" (previous value: "true") at /usr/lib/dotnet/sdk/8.0.121/Sdks/Microsoft.NET.Sdk/targets/Microsoft.NET.Sdk.targets (81,5)
                   Property 'HOME' with value '/home/home' expanded from the environment.
                   Property reassignment: $(_DefaultUserProfileRuntimeStorePath)="/home/home/.dotnet/store" (previous value: "/home/home") at /usr/lib/dotnet/sdk/8.0.121/Sdks/Microsoft.NET.Sdk/targets/Microsoft.NET.Sdk.targets (98,5)
                   Property reassignment: $(AvailablePlatforms)="Any CPU,x86,x64,ARM32" (previous value: "Any CPU,x86,x64") at /usr/lib/dotnet/sdk/8.0.121/Sdks/Microsoft.NET.Sdk/targets/Microsoft.NET.Sdk.targets (136,5)
                   Property reassignment: $(AvailablePlatforms)="Any CPU,x86,x64,ARM32,ARM64" (previous value: "Any CPU,x86,x64,ARM32") at /usr/lib/dotnet/sdk/8.0.121/Sdks/Microsoft.NET.Sdk/targets/Microsoft.NET.Sdk.targets (140,5)
                   Property reassignment: $(CoreBuildDependsOn)="
                         _CheckForBuildWithNoBuild;
                         
                         BuildOnlySettings;
                         PrepareForBuild;
                         PreBuildEvent;
                         ResolveReferences;
                         PrepareResources;
                         ResolveKeySource;
                         Compile;
                         ExportWindowsMDFile;
                         UnmanagedUnregistration;
                         GenerateSerializationAssemblies;
                         CreateSatelliteAssemblies;
                         GenerateManifests;
                         GetTargetPath;
                         PrepareForRun;
                         UnmanagedRegistration;
                         IncrementalClean;
                         PostBuildEvent
                       ;
                         GenerateBuildDependencyFile;
                         GenerateBuildRuntimeConfigurationFiles
                       " (previous value: "
                         BuildOnlySettings;
                         PrepareForBuild;
                         PreBuildEvent;
                         ResolveReferences;
                         PrepareResources;
                         ResolveKeySource;
                         Compile;
                         ExportWindowsMDFile;
                         UnmanagedUnregistration;
                         GenerateSerializationAssemblies;
                         CreateSatelliteAssemblies;
                         GenerateManifests;
                         GetTargetPath;
                         PrepareForRun;
                         UnmanagedRegistration;
                         IncrementalClean;
                         PostBuildEvent
                       ") at /usr/lib/dotnet/sdk/8.0.121/Sdks/Microsoft.NET.Sdk/targets/Microsoft.NET.Sdk.targets (197,5)
                   Property reassignment: $(CoreCleanDependsOn)="
                         _SdkBeforeClean;
                         
                       " (previous value: "") at /usr/lib/dotnet/sdk/8.0.121/Sdks/Microsoft.NET.Sdk/targets/Microsoft.NET.Sdk.targets (206,5)
                   Property reassignment: $(RebuildDependsOn)="
                         _SdkBeforeRebuild;
                         
                         BeforeRebuild;
                         Clean;
                         Build;
                         AfterRebuild;
                       
                       " (previous value: "
                         BeforeRebuild;
                         Clean;
                         Build;
                         AfterRebuild;
                       ") at /usr/lib/dotnet/sdk/8.0.121/Sdks/Microsoft.NET.Sdk/targets/Microsoft.NET.Sdk.targets (213,5)
                   Property reassignment: $(CompileDependsOn)="
                         
                         ResolveReferences;
                         ResolveKeySource;
                         SetWin32ManifestProperties;
                         FindReferenceAssembliesForReferences;
                         _GenerateCompileInputs;
                         BeforeCompile;
                         _TimeStampBeforeCompile;
                         _GenerateCompileDependencyCache;
                         CoreCompile;
                         _TimeStampAfterCompile;
                         AfterCompile;
                       ;
                         _CreateAppHost;
                         _CreateComHost;
                         _GetIjwHostPaths;
                       " (previous value: "
                         ResolveReferences;
                         ResolveKeySource;
                         SetWin32ManifestProperties;
                         FindReferenceAssembliesForReferences;
                         _GenerateCompileInputs;
                         BeforeCompile;
                         _TimeStampBeforeCompile;
                         _GenerateCompileDependencyCache;
                         CoreCompile;
                         _TimeStampAfterCompile;
                         AfterCompile;
                       ") at /usr/lib/dotnet/sdk/8.0.121/Sdks/Microsoft.NET.Sdk/targets/Microsoft.NET.Sdk.targets (679,5)
                   Property reassignment: $(CreateSatelliteAssembliesDependsOn)="
                         
                         _GenerateSatelliteAssemblyInputs;
                         ComputeIntermediateSatelliteAssemblies;
                         GenerateSatelliteAssemblies
                       ;
                         CoreGenerateSatelliteAssemblies
                       " (previous value: "
                         _GenerateSatelliteAssemblyInputs;
                         ComputeIntermediateSatelliteAssemblies;
                         GenerateSatelliteAssemblies
                       ") at /usr/lib/dotnet/sdk/8.0.121/Sdks/Microsoft.NET.Sdk/targets/Microsoft.NET.Sdk.targets (1065,5)
                   Property reassignment: $(SourceLinkUrlInitializerTargets)=";_InitializeGitHubSourceLinkUrl;_InitializeGitLabSourceLinkUrl" (previous value: ";_InitializeGitHubSourceLinkUrl") at /usr/lib/dotnet/sdk/8.0.121/Sdks/Microsoft.SourceLink.GitLab/build/Microsoft.SourceLink.GitLab.targets (12,5)
                   Property reassignment: $(SourceControlManagerUrlTranslationTargets)=";TranslateGitHubUrlsInSourceControlInformation;TranslateGitLabUrlsInSourceControlInformation" (previous value: ";TranslateGitHubUrlsInSourceControlInformation") at /usr/lib/dotnet/sdk/8.0.121/Sdks/Microsoft.SourceLink.GitLab/build/Microsoft.SourceLink.GitLab.targets (13,5)
                   Property reassignment: $(SourceLinkUrlInitializerTargets)=";_InitializeGitHubSourceLinkUrl;_InitializeGitLabSourceLinkUrl;_InitializeAzureReposGitSourceLinkUrl" (previous value: ";_InitializeGitHubSourceLinkUrl;_InitializeGitLabSourceLinkUrl") at /usr/lib/dotnet/sdk/8.0.121/Sdks/Microsoft.SourceLink.AzureRepos.Git/build/Microsoft.SourceLink.AzureRepos.Git.targets (12,5)
                   Property reassignment: $(SourceControlManagerUrlTranslationTargets)=";TranslateGitHubUrlsInSourceControlInformation;TranslateGitLabUrlsInSourceControlInformation;TranslateAzureReposGitUrlsInSourceControlInformation" (previous value: ";TranslateGitHubUrlsInSourceControlInformation;TranslateGitLabUrlsInSourceControlInformation") at /usr/lib/dotnet/sdk/8.0.121/Sdks/Microsoft.SourceLink.AzureRepos.Git/build/Microsoft.SourceLink.AzureRepos.Git.targets (13,5)
                   Property reassignment: $(SourceLinkUrlInitializerTargets)=";_InitializeGitHubSourceLinkUrl;_InitializeGitLabSourceLinkUrl;_InitializeAzureReposGitSourceLinkUrl;_InitializeBitbucketGitSourceLinkUrl" (previous value: ";_InitializeGitHubSourceLinkUrl;_InitializeGitLabSourceLinkUrl;_InitializeAzureReposGitSourceLinkUrl") at /usr/lib/dotnet/sdk/8.0.121/Sdks/Microsoft.SourceLink.Bitbucket.Git/build/Microsoft.SourceLink.Bitbucket.Git.targets (12,5)
                   Property reassignment: $(SourceControlManagerUrlTranslationTargets)=";TranslateGitHubUrlsInSourceControlInformation;TranslateGitLabUrlsInSourceControlInformation;TranslateAzureReposGitUrlsInSourceControlInformation;TranslateBitbucketGitUrlsInSourceControlInformation" (previous value: ";TranslateGitHubUrlsInSourceControlInformation;TranslateGitLabUrlsInSourceControlInformation;TranslateAzureReposGitUrlsInSourceControlInformation") at /usr/lib/dotnet/sdk/8.0.121/Sdks/Microsoft.SourceLink.Bitbucket.Git/build/Microsoft.SourceLink.Bitbucket.Git.targets (13,5)
                   Property reassignment: $(DesignerRuntimeImplementationProjectOutputGroupDependsOn)="
                         
                         ;
                         
                         ;
                         BuildOnlySettings;
                         PrepareForBuild;
                         AssignTargetPaths;
                         ResolveReferences
                       
                       ;
                         _GenerateDesignerDepsFile;
                         _GenerateDesignerRuntimeConfigFile;
                         GetCopyToOutputDirectoryItems;
                         _GatherDesignerShadowCopyFiles;
                       " (previous value: "
                         ;
                         
                         ;
                         BuildOnlySettings;
                         PrepareForBuild;
                         AssignTargetPaths;
                         ResolveReferences
                       
                       ") at /usr/lib/dotnet/sdk/8.0.121/Sdks/Microsoft.NET.Sdk/targets/Microsoft.NET.DesignerSupport.targets (21,5)
                   Property reassignment: $(_GenerateToolsSettingsFileCacheFile)="/home/home/Desktop/codex-test/src/SampleOnionApp.Application/obj/Debug/net8.0/SampleOnionApp.Application.toolssettingsinput.cache" (previous value: "obj/Debug/net8.0/SampleOnionApp.Application.toolssettingsinput.cache") at /usr/lib/dotnet/sdk/8.0.121/Sdks/Microsoft.NET.Sdk/targets/Microsoft.NET.PackTool.targets (68,5)
                   Property reassignment: $(_ShimInputCacheFile)="/home/home/Desktop/codex-test/src/SampleOnionApp.Application/obj/Debug/net8.0/SampleOnionApp.Application.shiminput.cache" (previous value: "obj/Debug/net8.0/SampleOnionApp.Application.shiminput.cache") at /usr/lib/dotnet/sdk/8.0.121/Sdks/Microsoft.NET.Sdk/targets/Microsoft.NET.PackTool.targets (137,5)
                   Property reassignment: $(_ShimCreatedSentinelFile)="/home/home/Desktop/codex-test/src/SampleOnionApp.Application/obj/Debug/net8.0/SampleOnionApp.Application.shimcreated.sentinel" (previous value: "obj/Debug/net8.0/SampleOnionApp.Application.shimcreated.sentinel") at /usr/lib/dotnet/sdk/8.0.121/Sdks/Microsoft.NET.Sdk/targets/Microsoft.NET.PackTool.targets (139,5)
                   Property reassignment: $(DefineConstants)="TRACE;DEBUG" (previous value: "TRACE") at /usr/lib/dotnet/sdk/8.0.121/Sdks/Microsoft.NET.Sdk/targets/Microsoft.NET.Sdk.CSharp.targets (31,5)
                   Property reassignment: $(DefineConstants)="TRACE;DEBUG;NET;NET8_0;NETCOREAPP" (previous value: "TRACE;DEBUG") at /usr/lib/dotnet/sdk/8.0.121/Sdks/Microsoft.NET.Sdk/targets/Microsoft.NET.Sdk.CSharp.targets (34,5)
                   Property reassignment: $(WarningsAsErrors)=";NU1605;SYSLIB0011" (previous value: ";NU1605") at /usr/lib/dotnet/sdk/8.0.121/Sdks/Microsoft.NET.Sdk/targets/Microsoft.NET.Sdk.CSharp.targets (48,5)
                   Property reassignment: $(PackageDescription)="Package Description" (previous value: "") at /usr/lib/dotnet/sdk/8.0.121/Sdks/NuGet.Build.Tasks.Pack/build/NuGet.Build.Tasks.Pack.targets (34,5)
                   Property reassignment: $(GenerateNuspecDependsOn)="Build;_LoadPackInputItems; _GetTargetFrameworksOutput; _WalkEachTargetPerFramework; _GetPackageFiles; " (previous value: "_LoadPackInputItems; _GetTargetFrameworksOutput; _WalkEachTargetPerFramework; _GetPackageFiles; ") at /usr/lib/dotnet/sdk/8.0.121/Sdks/NuGet.Build.Tasks.Pack/build/NuGet.Build.Tasks.Pack.targets (59,5)
                   Overriding target "ResolveFrameworkReferences" in project "/usr/lib/dotnet/sdk/8.0.121/Microsoft.Common.CurrentVersion.targets" with target "ResolveFrameworkReferences" from project "/usr/lib/dotnet/sdk/8.0.121/Sdks/Microsoft.NET.Sdk/targets/Microsoft.NET.Sdk.FrameworkReferenceResolution.targets".
                   Overriding target "Run" in project "/usr/lib/dotnet/sdk/8.0.121/Microsoft.Common.CurrentVersion.targets" with target "Run" from project "/usr/lib/dotnet/sdk/8.0.121/Sdks/Microsoft.NET.Sdk/targets/Microsoft.NET.Sdk.targets".
                   Overriding target "GenerateSupportedTargetFrameworkAlias" in project "/usr/lib/dotnet/sdk/8.0.121/Microsoft.Common.CurrentVersion.targets" with target "GenerateSupportedTargetFrameworkAlias" from project "/usr/lib/dotnet/sdk/8.0.121/Sdks/Microsoft.NET.Sdk/targets/Microsoft.NET.Sdk.targets".
                   Overriding target "GetReferenceAssemblyPaths" in project "/usr/lib/dotnet/sdk/8.0.121/Microsoft.Common.CurrentVersion.targets" with target "GetReferenceAssemblyPaths" from project "/usr/lib/dotnet/sdk/8.0.121/Sdks/Microsoft.NET.Sdk/targets/Microsoft.NET.DisableStandardFrameworkResolution.targets".
                   Overriding target "GetFrameworkPaths" in project "/usr/lib/dotnet/sdk/8.0.121/Microsoft.Common.CurrentVersion.targets" with target "GetFrameworkPaths" from project "/usr/lib/dotnet/sdk/8.0.121/Sdks/Microsoft.NET.Sdk/targets/Microsoft.NET.DisableStandardFrameworkResolution.targets".
                   Overriding target "DesignerRuntimeImplementationProjectOutputGroup" in project "/usr/lib/dotnet/sdk/8.0.121/Microsoft.Common.CurrentVersion.targets" with target "DesignerRuntimeImplementationProjectOutputGroup" from project "/usr/lib/dotnet/sdk/8.0.121/Sdks/Microsoft.NET.Sdk/targets/Microsoft.NET.DesignerSupport.targets".
                   Overriding target "Publish" in project "/usr/lib/dotnet/sdk/8.0.121/Microsoft.Common.CurrentVersion.targets" with target "Publish" from project "/usr/lib/dotnet/sdk/8.0.121/Sdks/Microsoft.NET.Sdk/targets/Microsoft.NET.Publish.targets".
                   Overriding target "ResolveReadyToRunCompilers" in project "/usr/lib/dotnet/sdk/8.0.121/Sdks/Microsoft.NET.Sdk/targets/Microsoft.NET.CrossGen.targets" with target "ResolveReadyToRunCompilers" from project "/usr/lib/dotnet/sdk/8.0.121/Sdks/Microsoft.NET.Sdk/targets/Microsoft.NET.Publish.targets".
                   Overriding target "GetCopyToPublishDirectoryItems" in project "/usr/lib/dotnet/sdk/8.0.121/Microsoft.Common.CurrentVersion.targets" with target "GetCopyToPublishDirectoryItems" from project "/usr/lib/dotnet/sdk/8.0.121/Sdks/Microsoft.NET.Sdk/targets/Microsoft.NET.Publish.targets".
20:21:26.524     0>Initial Properties:
                   __DisableWorkloadResolverSentinelPath = /usr/lib/dotnet/sdk/8.0.121/DisableWorkloadResolver.sentinel
                   __WindowsAppSdkDefaultImageIncludes = **/*.png;**/*.bmp;**/*.jpg;**/*.dds;**/*.tif;**/*.tga;**/*.gif
                   _BeforePublishNoBuildTargets = 
                         BuildOnlySettings;
                         _PreventProjectReferencesFromBuilding;
                         ResolveReferences;
                         PrepareResourceNames;
                         ComputeIntermediateSatelliteAssemblies;
                         ComputeEmbeddedApphostPaths;
                       
                   _BinaryFormatterObsoleteAsError = true
                   _CorePublishTargets = 
                         PrepareForPublish;
                         ComputeAndCopyFilesToPublishDirectory;
                         ;
                         PublishItemsOutputGroup;
                       
                   _DebugSymbolsProduced = true
                   _DefaultArtifactsPathPropsImported = true
                   _DefaultUserProfileRuntimeStorePath = /home/home/.dotnet/store
                   _DeploymentApplicationManifestIdentity = Native.SampleOnionApp.Application
                   _DeploymentBuiltUpdateInterval = 0
                   _DeploymentBuiltUpdateIntervalUnits = Days
                   _DeploymentDeployManifestIdentity = SampleOnionApp.Application.application
                   _DeploymentFileMappingExtension = 
                   _DeploymentLauncherBased = true
                   _DeploymentTargetApplicationManifestFileName = Native.SampleOnionApp.Application.manifest
                   _DeploymentUrl = 
                   _DesignerDepsFileName = SampleOnionApp.Application.designer.deps.json
                   _DesignerDepsFilePath = obj/Debug/net8.0/SampleOnionApp.Application.designer.deps.json
                   _DesignerRuntimeConfigFileName = SampleOnionApp.Application.designer.runtimeconfig.json
                   _DesignerRuntimeConfigFilePath = obj/Debug/net8.0/SampleOnionApp.Application.designer.runtimeconfig.json
                   _DirectoryBuildPropsBasePath = 
                   _DirectoryBuildPropsFile = Directory.Build.props
                   _DirectoryBuildTargetsBasePath = 
                   _DirectoryBuildTargetsFile = Directory.Build.targets
                   _DirectoryPackagesPropsBasePath = 
                   _DirectoryPackagesPropsFile = Directory.Packages.props
                   _DocumentationFileProduced = false
                   _DotNetAppHostExecutableName = apphost
                   _DotNetAppHostExecutableNameWithoutExtension = apphost
                   _DotNetComHostLibraryName = comhost
                   _DotNetComHostLibraryNameWithoutExtension = comhost
                   _DotNetHostExecutableName = dotnet
                   _DotNetHostFxrLibraryName = libhostfxr.so
                   _DotNetHostPolicyLibraryName = libhostpolicy.so
                   _DotNetIjwHostLibraryName = Ijwhost
                   _DotNetIjwHostLibraryNameWithoutExtension = Ijwhost
                   _DotNetSingleFileHostExecutableNameWithoutExtension = singlefilehost
                   _EnableDefaultWindowsPlatform = false
                   _FrameworkIdentifierForImplicitDefine = NET
                   _FrameworkVersionForImplicitDefine = 8_0
                   _GenerateBindingRedirectsIntermediateAppConfig = obj/Debug/net8.0/SampleOnionApp.Application.dll.config
                   _GeneratePublishDependencyFilePropertyInputsCache = /home/home/Desktop/codex-test/src/SampleOnionApp.Application/obj/Debug/net8.0/SampleOnionApp.Application.genpublishdeps.cache
                   _GenerateRestoreGraphProjectEntryInputProperties = ExcludeRestorePackageImports=true
                   _GenerateRuntimeConfigurationPropertyInputsCache = /home/home/Desktop/codex-test/src/SampleOnionApp.Application/obj/Debug/net8.0/SampleOnionApp.Application.genruntimeconfig.cache
                   _GenerateSingleFileBundlePropertyInputsCache = /home/home/Desktop/codex-test/src/SampleOnionApp.Application/obj/Debug/net8.0/SampleOnionApp.Application.genbundle.cache
                   _GenerateSourceLinkFileBeforeTargets = CoreCompile
                   _GenerateSourceLinkFileDependsOnTargets = 
                   _GenerateSupportedRuntimeIntermediateAppConfig = obj/Debug/net8.0/SampleOnionApp.Application.dll.withSupportedRuntime.config
                   _GenerateToolsSettingsFileCacheFile = /home/home/Desktop/codex-test/src/SampleOnionApp.Application/obj/Debug/net8.0/SampleOnionApp.Application.toolssettingsinput.cache
                   _GetChildProjectCopyToOutputDirectoryItems = true
                   _GetChildProjectCopyToPublishDirectoryItems = true
                   _InitialBaseIntermediateOutputPath = obj/
                   _InitialMSBuildProjectExtensionsPath = /home/home/Desktop/codex-test/src/SampleOnionApp.Application/obj/
                   _IsNETCoreOrNETStandard = true
                   _LatestAnalysisLevel = 8.0
                   _MaxSupportedLangVersion = 12.0
                   _MicrosoftSourceLinkCommonAssemblyFile = /usr/lib/dotnet/sdk/8.0.121/Sdks/Microsoft.SourceLink.Common/build/../tools/core/Microsoft.SourceLink.Common.dll
                   _MinimumNonEolSupportedNetCoreTargetFramework = net8.0
                   _NativeLibraryExtension = .so
                   _NativeLibraryPrefix = lib
                   _NETAnalyzersSDKAssemblyVersion = 8.0.0
                   _NETCoreSdkIsPreview = false
                   _NetFrameworkHostedCompilersVersion = 4.8.0-7.25056.18
                   _NoneAnalysisLevel = 4.0
                   _NugetFallbackFolder = /usr/lib/dotnet/sdk/8.0.121/Sdks/Microsoft.NET.Sdk/targets/../../../../NuGetFallbackFolder
                   _NugetTargetMonikerAndRID = .NETCoreApp,Version=v8.0
                   _OriginalConfiguration = Debug
                   _OriginalPlatform = AnyCPU
                   _PackToolPublishDependency = _PublishBuildAlternative
                   _PlatformWithoutConfigurationInference = AnyCPU
                   _PreviewAnalysisLevel = 9.0
                   _ProjectDefaultTargets = Build
                   _PublishNoBuildAlternativeDependsOn = 
                         BuildOnlySettings;
                         _PreventProjectReferencesFromBuilding;
                         ResolveReferences;
                         PrepareResourceNames;
                         ComputeIntermediateSatelliteAssemblies;
                         ComputeEmbeddedApphostPaths;
                       ;
                         PrepareForPublish;
                         ComputeAndCopyFilesToPublishDirectory;
                         ;
                         PublishItemsOutputGroup;
                       
                   _PublishProfileDesignerFolder = Properties
                   _PublishProfileRootFolder = /home/home/Desktop/codex-test/src/SampleOnionApp.Application/Properties/PublishProfiles/
                   _RecursiveTargetForContentCopying = GetCopyToOutputDirectoryItems
                   _ResolveReferenceDependencies = false
                   _RuntimePackInWorkloadVersion6 = 6.0.36
                   _RuntimePackInWorkloadVersion7 = 7.0.20
                   _RuntimePackInWorkloadVersionCurrent = 8.0.21
                   _SGenDllCreated = false
                   _SGenDllName = SampleOnionApp.Application.XmlSerializers.dll
                   _SGenGenerateSerializationAssembliesConfig = Off
                   _ShimCreatedSentinelFile = /home/home/Desktop/codex-test/src/SampleOnionApp.Application/obj/Debug/net8.0/SampleOnionApp.Application.shimcreated.sentinel
                   _ShimInputCacheFile = /home/home/Desktop/codex-test/src/SampleOnionApp.Application/obj/Debug/net8.0/SampleOnionApp.Application.shiminput.cache
                   _SourceLinkAzureReposGitAssemblyFile = /usr/lib/dotnet/sdk/8.0.121/Sdks/Microsoft.SourceLink.AzureRepos.Git/build/../tools/core/Microsoft.SourceLink.AzureRepos.Git.dll
                   _SourceLinkBitbucketAssemblyFile = /usr/lib/dotnet/sdk/8.0.121/Sdks/Microsoft.SourceLink.Bitbucket.Git/build/../tools/core/Microsoft.SourceLink.Bitbucket.Git.dll
                   _SourceLinkGitHubAssemblyFile = /usr/lib/dotnet/sdk/8.0.121/Sdks/Microsoft.SourceLink.GitHub/build/../tools/core/Microsoft.SourceLink.GitHub.dll
                   _SourceLinkGitLabAssemblyFile = /usr/lib/dotnet/sdk/8.0.121/Sdks/Microsoft.SourceLink.GitLab/build/../tools/core/Microsoft.SourceLink.GitLab.dll
                   _SourceLinkPropsImported = true
                   _SourceLinkSdkSubDir = build
                   _SupportedPlatformList = @(SupportedPlatform, ',')
                   _TargetFrameworkDirectories = 
                   _TargetFrameworkVersionValue = 0.0
                   _TargetFrameworkVersionWithoutV = 8.0
                   _TargetLatestRuntimePatchIsDefault = true
                   _TargetsThatPrepareProjectReferences = 
                         AssignProjectConfiguration;
                         _SplitProjectReferencesByFileExistence
                       
                   _ToolsSettingsFilePath = obj/DotnetToolSettings.xml
                   _UseAttributeForTargetFrameworkInfoPropertyNames = true
                   _UsingDefaultForHasRuntimeOutput = true
                   _UsingDefaultPlatformTarget = true
                   _WindowsDesktopSdkTargetFrameworkVersionFloor = 3.0
                   _WorkloadLibraryPacksFolder = /usr/lib/dotnet/library-packs
                   AddAdditionalExplicitAssemblyReferences = false
                   AllowedOutputExtensionsInPackageBuildOutputFolder = .dll; .exe; .winmd; .json; .pri; .xml ;
                   AllowedOutputExtensionsInSymbolsPackageBuildOutputFolder = .pdb; .mdb; .dll; .exe; .winmd; .json; .pri; .xml ;; 
                   AllowedReferenceAssemblyFileExtensions = 
                         .winmd;
                         .dll;
                         .exe
                       
                   AllowedReferenceRelatedFileExtensions = 
                         .pdb;
                         .xml;
                         .pri;
                         .dll.config;
                         .exe.config
                       
                   AllowUnsafeBlocks = false
                   AlwaysIncludeCoreFrameworkInRuntimeConfig = true
                   AlwaysUseNumericalSuffixInItemNames = true
                   AnalysisLevel = latest
                   ApiCompatValidatePackageSemaphoreFile = obj/Debug/net8.0/Microsoft.NET.ApiCompat.ValidatePackage.semaphore
                   AppDesignerFolder = Properties
                   AppendPlatformToOutputPath = false
                   AppendRuntimeIdentifierToOutputPath = true
                   AppendTargetFrameworkToOutputPath = true
                   AssemblyFoldersConfigFile = /usr/lib/dotnet/sdk/8.0.121/AssemblyFolders.config
                   AssemblyFoldersSuffix = AssemblyFoldersEx
                   AssemblyName = SampleOnionApp.Application
                   AssemblySearchPaths = {CandidateAssemblyFiles};{HintPathFromItem};{TargetFrameworkDirectory};{RawFileName}
                   AssemblyTitle = SampleOnionApp.Application
                   AssetTargetFallback = ;net461;net462;net47;net471;net472;net48;net481
                   AssignTargetPathsDependsOn = 
                   Authors = SampleOnionApp.Application
                   AutomaticallyUseReferenceAssemblyPackages = true
                   AutoUnifyAssemblyReferences = true
                   AvailablePlatforms = Any CPU,x86,x64,ARM32,ARM64
                   BackwardsCompatFrameworkDefine = NETCOREAPP
                   BaseIntermediateOutputPath = obj/
                   BaseOutputPath = bin/
                   BaseOutputPathWasSpecified = true
                   BuildCompileAction = Build
                   BuildDependsOn = 
                         BeforeBuild;
                         CoreBuild;
                         AfterBuild
                       
                   BuildGenerateSourcesAction = Build
                   BuildingProject = false
                   BuildInParallel = true
                   BuildLinkAction = Build
                   BuildOutputTargetFolder = lib
                   BuildProjectReferences = true
                   BuiltProjectOutputGroupDependenciesDependsOn = 
                         ;
                         
                         ;
                         BuildOnlySettings;
                         PrepareForBuild;
                         AssignTargetPaths;
                         ResolveReferences
                       
                       
                   BuiltProjectOutputGroupDependsOn = PrepareForBuild
                   BundledNETCoreAppPackageVersion = 8.0.21
                   BundledNETCoreAppTargetFrameworkVersion = 8.0
                   BundledNETCorePlatformsPackageVersion = 8.0.21-servicing.25475.13
                   BundledNETStandardPackageVersion = 2.1.0
                   BundledNETStandardTargetFrameworkVersion = 2.1
                   BundledRuntimeIdentifierGraphFile = /usr/lib/dotnet/sdk/8.0.121/RuntimeIdentifierGraph.json
                   CheckEolWorkloads = true
                   CheckForOverflowUnderflow = false
                   CleanDependsOn = 
                         BeforeClean;
                         UnmanagedUnregistration;
                         CoreClean;
                         CleanReferencedProjects;
                         CleanPublishFolder;
                         AfterClean
                       
                   CleanFile = SampleOnionApp.Application.csproj.FileListAbsolute.txt
                   ClickOncePublishDir = bin/Debug/net8.0/publish/
                   CodeAnalysisRuleIds = CA1000;CA1001;CA1002;CA1003;CA1005;CA1008;CA1010;CA1012;CA1014;CA1016;CA1017;CA1018;CA1019;CA1021;CA1024;CA1027;CA1028;CA1030;CA1031;CA1032;CA1033;CA1034;CA1036;CA1040;CA1041;CA1043;CA1044;CA1045;CA1046;CA1047;CA1050;CA1051;CA1052;CA1054;CA1055;CA1056;CA1058;CA1060;CA1061;CA1062;CA1063;CA1064;CA1065;CA1066;CA1067;CA1068;CA1069;CA1070;CA1200;CA1303;CA1304;CA1305;CA1307;CA1308;CA1309;CA1310;CA1311;CA1401;CA1416;CA1417;CA1418;CA1419;CA1420;CA1421;CA1422;CA1501;CA1502;CA1505;CA1506;CA1507;CA1508;CA1509;CA1510;CA1511;CA1512;CA1513;CA1700;CA1707;CA1708;CA1710;CA1711;CA1712;CA1713;CA1715;CA1716;CA1720;CA1721;CA1724;CA1725;CA1727;CA1802;CA1805;CA1806;CA1810;CA1812;CA1813;CA1814;CA1815;CA1816;CA1819;CA1820;CA1821;CA1822;CA1823;CA1824;CA1825;CA1826;CA1827;CA1828;CA1829;CA1830;CA1831;CA1832;CA1833;CA1834;CA1835;CA1836;CA1837;CA1838;CA1839;CA1840;CA1841;CA1842;CA1843;CA1844;CA1845;CA1846;CA1847;CA1848;CA1849;CA1850;CA1851;CA1852;CA1853;CA1854;CA1855;CA1856;CA1857;CA1858;CA1859;CA1860;CA1861;CA1862;CA1863;CA1864;CA1865;CA1866;CA1867;CA1868;CA1869;CA1870;CA2000;CA2002;CA2007;CA2008;CA2009;CA2011;CA2012;CA2013;CA2014;CA2015;CA2016;CA2017;CA2018;CA2019;CA2020;CA2021;CA2100;CA2101;CA2119;CA2153;CA2200;CA2201;CA2207;CA2208;CA2211;CA2213;CA2214;CA2215;CA2216;CA2217;CA2218;CA2219;CA2224;CA2225;CA2226;CA2227;CA2231;CA2234;CA2235;CA2237;CA2241;CA2242;CA2243;CA2244;CA2245;CA2246;CA2247;CA2248;CA2249;CA2250;CA2251;CA2252;CA2253;CA2254;CA2255;CA2256;CA2257;CA2258;CA2259;CA2260;CA2261;CA2300;CA2301;CA2302;CA2305;CA2310;CA2311;CA2312;CA2315;CA2321;CA2322;CA2326;CA2327;CA2328;CA2329;CA2330;CA2350;CA2351;CA2352;CA2353;CA2354;CA2355;CA2356;CA2361;CA2362;CA3001;CA3002;CA3003;CA3004;CA3005;CA3006;CA3007;CA3008;CA3009;CA3010;CA3011;CA3012;CA3061;CA3075;CA3076;CA3077;CA3147;CA5350;CA5351;CA5358;CA5359;CA5360;CA5361;CA5362;CA5363;CA5364;CA5365;CA5366;CA5367;CA5368;CA5369;CA5370;CA5371;CA5372;CA5373;CA5374;CA5375;CA5376;CA5377;CA5378;CA5379;CA5380;CA5381;CA5382;CA5383;CA5384;CA5385;CA5386;CA5387;CA5388;CA5389;CA5390;CA5391;CA5392;CA5393;CA5394;CA5395;CA5396;CA5397;CA5398;CA5399;CA5400;CA5401;CA5402;CA5403;CA5404;CA5405
                   CodeAnalysisTargets = /usr/lib/dotnet/sdk/8.0.121/Microsoft/VisualStudio/v17.0/CodeAnalysis/Microsoft.CodeAnalysis.targets
                   CommandLineArgsForDesignTimeEvaluation = -langversion:12.0 -define:TRACE
                   CommonOutputGroupsDependsOn = 
                         ;
                         BuildOnlySettings;
                         PrepareForBuild;
                         AssignTargetPaths;
                         ResolveReferences
                       
                   CommonTargetsPath = /usr/lib/dotnet/sdk/8.0.121/Microsoft.Common.CurrentVersion.targets
                   CommonXamlResourcesDirectory = /usr/lib/dotnet/sdk/8.0.121//
                   Company = SampleOnionApp.Application
                   CompileDependsOn = 
                         
                         ResolveReferences;
                         ResolveKeySource;
                         SetWin32ManifestProperties;
                         FindReferenceAssembliesForReferences;
                         _GenerateCompileInputs;
                         BeforeCompile;
                         _TimeStampBeforeCompile;
                         _GenerateCompileDependencyCache;
                         CoreCompile;
                         _TimeStampAfterCompile;
                         AfterCompile;
                       ;
                         _CreateAppHost;
                         _CreateComHost;
                         _GetIjwHostPaths;
                       
                   CompileLicxFilesDependsOn = 
                   CompilerApiVersion = roslyn4.8
                   CompilerGeneratedFilesOutputPath = 
                   ComputeIntermediateSatelliteAssembliesDependsOn = 
                         CreateManifestResourceNames
                       
                   ComputeNETCoreBuildOutputFiles = true
                   ComReferenceExecuteAsTool = false
                   ComReferenceNoClassMembers = false
                   Configuration = Debug
                   ConfigurationName = Debug
                   Configurations = Debug;Release
                   ConsiderPlatformAsProcessorArchitecture = true
                   ContentFilesProjectOutputGroupDependsOn = PrepareForBuild;AssignTargetPaths
                   ContentPreprocessorOutputDirectory = obj/Debug/net8.0/NuGet/
                   ContentTargetFolders = content;contentFiles
                   ContinueOnError = false
                   CopyBuildOutputToPublishDirectory = true
                   CopyConflictingTransitiveContent = false
                   CopyLocalLockFileAssemblies = false
                   CopyOutputSymbolsToPublishDirectory = true
                   CoreBuildDependsOn = 
                         _CheckForBuildWithNoBuild;
                         
                         BuildOnlySettings;
                         PrepareForBuild;
                         PreBuildEvent;
                         ResolveReferences;
                         PrepareResources;
                         ResolveKeySource;
                         Compile;
                         ExportWindowsMDFile;
                         UnmanagedUnregistration;
                         GenerateSerializationAssemblies;
                         CreateSatelliteAssemblies;
                         GenerateManifests;
                         GetTargetPath;
                         PrepareForRun;
                         UnmanagedRegistration;
                         IncrementalClean;
                         PostBuildEvent
                       ;
                         GenerateBuildDependencyFile;
                         GenerateBuildRuntimeConfigurationFiles
                       
                   CoreCleanDependsOn = 
                         _SdkBeforeClean;
                         
                       
                   CoreCompileDependsOn = ;_ComputeNonExistentFileProperty;ResolveCodeAnalysisRuleSet
                   CoreResGenDependsOn = FindReferenceAssembliesForReferences
                   CreateCustomManifestResourceNamesDependsOn = 
                   CreateHardLinksForCopyAdditionalFilesIfPossible = false
                   CreateManifestResourceNamesDependsOn = 
                   CreateSatelliteAssembliesDependsOn = 
                         
                         _GenerateSatelliteAssemblyInputs;
                         ComputeIntermediateSatelliteAssemblies;
                         GenerateSatelliteAssemblies
                       ;
                         CoreGenerateSatelliteAssemblies
                       
                   CreateSymbolicLinksForCopyAdditionalFilesIfPossible = false
                   CSharpCoreTargetsPath = /usr/lib/dotnet/sdk/8.0.121/Roslyn/Microsoft.CSharp.Core.targets
                   CSharpDesignTimeTargetsPath = /usr/lib/dotnet/sdk/8.0.121/Microsoft/VisualStudio/Managed/Microsoft.CSharp.DesignTime.targets
                   CSharpTargetsPath = /usr/lib/dotnet/sdk/8.0.121/Microsoft.CSharp.CurrentVersion.targets
                   CustomAfterMicrosoftCommonProps = /usr/lib/dotnet/sdk/8.0.121/vCurrent/Custom.After.Microsoft.Common.props
                   CustomAfterMicrosoftCommonTargets = /usr/lib/dotnet/sdk/8.0.121/vCurrent/Custom.After.Microsoft.Common.targets
                   CustomAfterMicrosoftCSharpTargets = /usr/lib/dotnet/sdk/8.0.121/vCurrent/Custom.After.Microsoft.CSharp.targets
                   CustomBeforeMicrosoftCommonProps = /usr/lib/dotnet/sdk/8.0.121/vCurrent/Custom.Before.Microsoft.Common.props
                   CustomBeforeMicrosoftCommonTargets = /usr/lib/dotnet/sdk/8.0.121/vCurrent/Custom.Before.Microsoft.Common.targets
                   CustomBeforeMicrosoftCSharpTargets = /usr/lib/dotnet/sdk/8.0.121/vCurrent/Custom.Before.Microsoft.CSharp.targets
                   DebugSymbols = true
                   DebugSymbolsProjectOutputGroupDependenciesDependsOn = 
                         ;
                         
                         ;
                         BuildOnlySettings;
                         PrepareForBuild;
                         AssignTargetPaths;
                         ResolveReferences
                       
                       
                   DebugSymbolsProjectOutputGroupDependsOn = 
                   DebugType = portable
                   DefaultAllowedOutputExtensionsInPackageBuildOutputFolder = .dll; .exe; .winmd; .json; .pri; .xml
                   DefaultCopyToPublishDirectoryMetadata = true
                   DefaultExcludesInProjectFolder = ;;**/.*/**
                   DefaultImplicitPackages = Microsoft.NETCore.App;NETStandard.Library
                   DefaultItemExcludes = ;bin/Debug//**;obj/Debug//**;bin//**;obj//**;**/*.user;**/*.*proj;**/*.sln;**/*.vssscc;**/.DS_Store
                   DefaultLanguageSourceExtension = .cs
                   DefaultProjectTypeGuid = {FAE04EC0-301F-11D3-BF4B-00C04F79EFBC}
                   DefineCommonCapabilities = true
                   DefineCommonItemSchemas = true
                   DefineCommonReferenceSchemas = true
                   DefineConstants = TRACE;DEBUG;NET;NET8_0;NETCOREAPP
                   DelaySign = 
                   DeploymentComputeClickOnceManifestInfoDependsOn = 
                         CleanPublishFolder;
                         GetCopyToOutputDirectoryItems;
                         _DeploymentGenerateTrustInfo
                         
                       
                   DesignerRuntimeImplementationProjectOutputGroupDependsOn = 
                         
                         ;
                         
                         ;
                         BuildOnlySettings;
                         PrepareForBuild;
                         AssignTargetPaths;
                         ResolveReferences
                       
                       ;
                         _GenerateDesignerDepsFile;
                         _GenerateDesignerRuntimeConfigFile;
                         GetCopyToOutputDirectoryItems;
                         _GatherDesignerShadowCopyFiles;
                       
                   DesignTimeAssemblySearchPaths = {CandidateAssemblyFiles};{HintPathFromItem};{TargetFrameworkDirectory};{RawFileName}
                   DesignTimeAutoUnify = true
                   DesignTimeResolveAssemblyReferencesDependsOn = 
                         GetFrameworkPaths;
                         GetReferenceAssemblyPaths;
                         ResolveReferences
                       
                   Deterministic = true
                   DevEnvDir = *Undefined*
                   DisableHandlePackageFileConflicts = true
                   DisableLogTaskParameter_ConvertToAbsolutePath_Path = true
                   DisableLogTaskParameter_FindUnderPath_OutOfPath = true
                   DisableLogTaskParameter_RemoveDuplicates_Inputs = true
                   DisableLogTaskParameterItemMetadata_ConvertToAbsolutePath_AbsolutePaths = true
                   DisableLogTaskParameterItemMetadata_Copy_CopiedFiles = true
                   DisableLogTaskParameterItemMetadata_Copy_DestinationFiles = true
                   DisableLogTaskParameterItemMetadata_Copy_SourceFiles = true
                   DisableLogTaskParameterItemMetadata_FindUnderPath_Files = true
                   DisableLogTaskParameterItemMetadata_FindUnderPath_InPath = true
                   DisableLogTaskParameterItemMetadata_GenerateResource_FilesWritten = true
                   DisableLogTaskParameterItemMetadata_Hash_ItemsToHash = true
                   DisableLogTaskParameterItemMetadata_RemoveDuplicates_Filtered = true
                   DisableLogTaskParameterItemMetadata_WriteLinesToFile_Lines = true
                   DisableStandardFrameworkResolution = true
                   DocumentationFile = 
                   DocumentationProjectOutputGroupDependenciesDependsOn = 
                         ;
                         
                         ;
                         BuildOnlySettings;
                         PrepareForBuild;
                         AssignTargetPaths;
                         ResolveReferences
                       
                       
                   DocumentationProjectOutputGroupDependsOn = 
                   DOTNET_BUNDLE_EXTRACT_BASE_DIR = /home/home/.cache/dotnet_bundle_extract
                   DOTNET_HOST_PATH = /usr/lib/dotnet/dotnet
                   DOTNET_ROOT = /home/home/.dotnet
                   DotNetApiCompatTaskAssembly = /usr/lib/dotnet/sdk/8.0.121/Sdks/Microsoft.NET.Sdk/targets/../tools/net8.0/Microsoft.DotNet.ApiCompat.Task.dll
                   DotnetCliToolTargetFramework = netcoreapp2.2
                   EffectiveAnalysisLevel = 8.0
                   EffectiveCodeAnalysisTreatWarningsAsErrors = 
                   EmbeddedResourceUseDependentUponConvention = true
                   EmbeddedWin32Manifest = 
                   EmbedUntrackedSources = true
                   EmitAssetsLogMessages = true
                   EmitCompilerGeneratedFiles = false
                   EmitLegacyAssetsFileItems = false
                   EnableDefaultCompileItems = true
                   EnableDefaultEmbeddedResourceItems = true
                   EnableDefaultItems = true
                   EnableDefaultNoneItems = true
                   EnableFrameworkPathOverride = false
                   EnableNETAnalyzers = true
                   EnableSourceControlManagerQueries = true
                   EnableSourceLink = true
                   EnableUnsafeBinaryFormatterSerialization = false
                   EnableWebSdkImplicitPackageVersions = false
                   EnforceCodeStyleInBuild = false
                   ErrorReport = prompt
                   ExpandSDKAllowedReferenceExtensions = 
                         .winmd;
                         .dll
                       
                   ExpandSDKReferencesDependsOn = 
                         ResolveSDKReferences
                       
                   FileAlignment = 512
                   FindInvalidProjectReferencesDependsOn = 
                         GetReferenceTargetPlatformMonikers
                       
                   Framework20Dir = @(_TargetFramework20DirectoryItem)
                   Framework30Dir = @(_TargetFramework30DirectoryItem)
                   Framework35Dir = @(_TargetFramework35DirectoryItem)
                   Framework40Dir = @(_TargetFramework40DirectoryItem)
                   FrameworkDir = @(_TargetFramework40DirectoryItem)
                   FrameworkPathOverride = 
                   FrameworkRegistryBase = Software\Microsoft\.NETCoreApp
                   FrameworkSDKDir = @(_TargetFrameworkSDKDirectoryItem)
                   FullReferenceAssemblyNames = Full
                   GenerateAssemblyCompanyAttribute = true
                   GenerateAssemblyConfigurationAttribute = true
                   GenerateAssemblyCopyrightAttribute = true
                   GenerateAssemblyDescriptionAttribute = true
                   GenerateAssemblyFileVersionAttribute = true
                   GenerateAssemblyInfo = true
                   GenerateAssemblyInformationalVersionAttribute = true
                   GenerateAssemblyMetadataAttributes = true
                   GenerateAssemblyProductAttribute = true
                   GenerateAssemblyTitleAttribute = true
                   GenerateAssemblyTrademarkAttribute = true
                   GenerateAssemblyVersionAttribute = true
                   GeneratedAssemblyInfoFile = obj/Debug/net8.0/SampleOnionApp.Application.AssemblyInfo.cs
                   GenerateDependencyFile = true
                   GeneratedGlobalUsingsFile = obj/Debug/net8.0/SampleOnionApp.Application.GlobalUsings.g.cs
                   GenerateDisableRuntimeMarshallingAttribute = true
                   GenerateDocumentationFile = false
                   GenerateFullPaths = true
                   GenerateInternalsVisibleToAttributes = true
                   GenerateManifestsDependsOn = 
                         SetWin32ManifestProperties;
                         GenerateApplicationManifest;
                         GenerateDeploymentManifest
                       
                   GenerateNeutralResourcesLanguageAttribute = true
                   GenerateNuspecDependsOn = Build;_LoadPackInputItems; _GetTargetFrameworksOutput; _WalkEachTargetPerFramework; _GetPackageFiles; 
                   GeneratePackageOnBuild = false
                   GenerateRepositoryUrlAttribute = true
                   GenerateRequiresPreviewFeaturesAttribute = true
                   GenerateResourceMSBuildArchitecture = CurrentArchitecture
                   GenerateResourceMSBuildRuntime = CurrentRuntime
                   GenerateResourceUsePreserializedResources = true
                   GenerateResourceWarnOnBinaryFormatterUse = true
                   GenerateRuntimeConfigDevFile = false
                   GenerateSatelliteAssembliesForCore = true
                   GenerateSupportedOSPlatformAttribute = true
                   GenerateTargetFrameworkAttribute = true
                   GenerateTargetPlatformAttribute = true
                   GetCopyToOutputDirectoryItemsDependsOn = 
                         AssignTargetPaths;
                         
                         AssignProjectConfiguration;
                         _SplitProjectReferencesByFileExistence
                       ;
                         _GetProjectReferenceTargetFrameworkProperties;
                         _PopulateCommonStateForGetCopyToOutputDirectoryItems
                       
                   GetFrameworkPathsDependsOn = 
                   GetReferenceNearestTargetFrameworkTaskSupportsTargetPlatformParameter = true
                   GetTargetPathDependsOn = 
                   GetTargetPathWithTargetPlatformMonikerDependsOn = 
                   HasRuntimeOutput = 
                   HideWarningsAndErrors = false
                   HighEntropyVA = true
                   ImplicitConfigurationDefine = DEBUG
                   ImplicitFrameworkDefine = NET8_0
                   ImplicitUsings = enable
                   ImportByWildcardAfterMicrosoftCommonProps = true
                   ImportByWildcardAfterMicrosoftCommonTargets = true
                   ImportByWildcardAfterMicrosoftCSharpTargets = true
                   ImportByWildcardBeforeMicrosoftCommonProps = true
                   ImportByWildcardBeforeMicrosoftCommonTargets = true
                   ImportByWildcardBeforeMicrosoftCSharpTargets = true
                   ImportDirectoryBuildProps = false
                   ImportDirectoryBuildTargets = true
                   ImportDirectoryPackagesProps = true
                   ImportFrameworkWinFXTargets = false
                   ImportNuGetBuildTasksPackTargetsFromSdk = true
                   ImportProjectExtensionProps = true
                   ImportProjectExtensionTargets = true
                   ImportUserLocationsByWildcardAfterMicrosoftCommonProps = true
                   ImportUserLocationsByWildcardAfterMicrosoftCommonTargets = true
                   ImportUserLocationsByWildcardAfterMicrosoftCSharpTargets = true
                   ImportUserLocationsByWildcardBeforeMicrosoftCommonProps = true
                   ImportUserLocationsByWildcardBeforeMicrosoftCommonTargets = true
                   ImportUserLocationsByWildcardBeforeMicrosoftCSharpTargets = true
                   IncludeBuildOutput = true
                   IncludeContentInPack = true
                   IncludeFileVersionsInDependencyFile = true
                   IncludeMainProjectInDepsFile = true
                   IncludeProjectsNotInAssetsFileInDepsFile = true
                   IncludeSourceRevisionInInformationalVersion = true
                   IncludeSymbolsInSingleFile = false
                   InnerBuildProperty = TargetFramework
                   InnerBuildPropertyValues = TargetFrameworks
                   IntermediateOutputPath = obj/Debug/net8.0/
                   IsNetCoreAppTargetingLatestTFM = true
                   IsPackable = true
                   IsPublishable = true
                   IsRestoreTargetsFileLoaded = true
                   IsRidAgnostic = true
                   Language = C#
                   LanguageTargets = /usr/lib/dotnet/sdk/8.0.121/Microsoft.CSharp.targets
                   LangVersion = 12.0
                   MarkPackageReferencesAsExternallyResolved = true
                   MaxSupportedLangVersion = 12.0
                   MaxTargetPath = 100
                   MicrosoftBuildTasksGitAssemblyFile = /usr/lib/dotnet/sdk/8.0.121/Sdks/Microsoft.Build.Tasks.Git/build/../tools/core/Microsoft.Build.Tasks.Git.dll
                   MicrosoftCommonPropsHasBeenImported = true
                   MicrosoftNETBuildExtensionsTargets = /usr/lib/dotnet/sdk/8.0.121/Microsoft/Microsoft.NET.Build.Extensions/Microsoft.NET.Build.Extensions.targets
                   MicrosoftNETBuildExtensionsTasksAssembly = /usr/lib/dotnet/sdk/8.0.121/Microsoft/Microsoft.NET.Build.Extensions/tools/net8.0/Microsoft.NET.Build.Extensions.Tasks.dll
                   MicrosoftNETBuildTasksAssembly = /usr/lib/dotnet/sdk/8.0.121/Sdks/Microsoft.NET.Sdk/targets/../tools/net8.0/Microsoft.NET.Build.Tasks.dll
                   MicrosoftNETBuildTasksDirectory = /usr/lib/dotnet/sdk/8.0.121/Sdks/Microsoft.NET.Sdk/targets/../tools/net8.0/
                   MicrosoftNETBuildTasksDirectoryRoot = /usr/lib/dotnet/sdk/8.0.121/Sdks/Microsoft.NET.Sdk/targets/../tools/
                   MicrosoftNETBuildTasksTFM = net8.0
                   MicrosoftNETCrossgenBuildTasksAssembly = /usr/lib/dotnet/sdk/8.0.121/Sdks/Microsoft.NET.Sdk/targets/../tasks/net7.0/Microsoft.NET.Sdk.Crossgen.dll
                   MicrosoftNETFrameworkReferenceAssembliesLatestPackageVersion = 1.0.3
                   MicrosoftNETWindowsWorkloadInstalled = true
                   MinimumVisualStudioVersionForUnsupportedTargetFrameworkVersion = 17.8
                   MsAppxPackageTargets = /usr/lib/dotnet/sdk/8.0.121/Microsoft/VisualStudio/v17.0/AppxPackage/Microsoft.AppXPackage.Targets
                   MSBuildAllProjects = /home/home/Desktop/codex-test/src/SampleOnionApp.Application/obj/SampleOnionApp.Application.csproj.nuget.g.props;;/usr/lib/dotnet/sdk/8.0.121/Current/Microsoft.Common.targets/ImportAfter/Microsoft.TestPlatform.ImportAfter.targets
                   MSBuildAssemblyVersion = 17.0
                   MSBuildBinPath = /usr/lib/dotnet/sdk/8.0.121
                   MSBuildCopyContentTransitively = true
                   MSBuildDisableFeaturesFromVersion = 999.999
                   MSBuildEnableWorkloadResolver = true
                   MSBuildFileVersion = 17.8.43.46603
                   MSBuildFrameworkToolsRoot = /usr/lib/dotnet/shared/Microsoft.NETCore.App
                   MSBuildNodeCount = 6
                   MSBuildProgramFiles32 = 
                   MSBuildProjectDefaultTargets = Build
                   MSBuildProjectDirectory = /home/home/Desktop/codex-test/src/SampleOnionApp.Application
                   MSBuildProjectDirectoryNoRoot = home/home/Desktop/codex-test/src/SampleOnionApp.Application
                   MSBuildProjectExtension = .csproj
                   MSBuildProjectExtensionsPath = /home/home/Desktop/codex-test/src/SampleOnionApp.Application/obj/
                   MSBuildProjectFile = SampleOnionApp.Application.csproj
                   MSBuildProjectFullPath = /home/home/Desktop/codex-test/src/SampleOnionApp.Application/SampleOnionApp.Application.csproj
                   MSBuildProjectName = SampleOnionApp.Application
                   MSBuildRuntimeType = Core
                   MSBuildSDKsPath = /usr/lib/dotnet/sdk/8.0.121/Sdks
                   MSBuildSemanticVersion = 17.8.43+f0cbb1397
                   MSBuildStartupDirectory = /home/home/Desktop/codex-test/src/SampleOnionApp.McpServer
                   MSBuildToolsPath = /usr/lib/dotnet/sdk/8.0.121
                   MSBuildToolsVersion = Current
                   MSBUILDUSESERVER = 0
                   MSBuildUseVisualStudioDirectoryLayout = False
                   MSBuildVersion = 17.8.43
                   MSBuildWarningsAsErrors = ;NU1605
                   MSBuildWarningsAsMessages = 1701;1702
                   MSBuildWarningsNotAsErrors = 
                   MsTestToolsTargets = /usr/lib/dotnet/sdk/8.0.121/Microsoft/VisualStudio/v17.0/TeamTest/Microsoft.TeamTest.targets
                   NETCoreAppMaximumVersion = 8.0
                   NetCoreRoot = /usr/lib/dotnet/
                   NETCoreSdkBundledCliToolsProps = /usr/lib/dotnet/sdk/8.0.121/Sdks/Microsoft.NET.Sdk/targets/../../../Microsoft.NETCoreSdk.BundledCliTools.props
                   NETCoreSdkBundledVersionsProps = /usr/lib/dotnet/sdk/8.0.121/Sdks/Microsoft.NET.Sdk/targets/../../../Microsoft.NETCoreSdk.BundledVersions.props
                   NETCoreSdkPortableRuntimeIdentifier = linux-x64
                   NETCoreSdkRuntimeIdentifier = ubuntu.24.04-x64
                   NETCoreSdkVersion = 8.0.121
                   NetCoreTargetingPackRoot = /usr/lib/dotnet/packs
                   NoCompilerStandardLib = true
                   NoStdLib = true
                   NoWarn = 1701;1702
                   NuGetBuildTasksPackTargets = /usr/lib/dotnet/sdk/8.0.121/Sdks/Microsoft.NET.Sdk/Sdk/../../NuGet.Build.Tasks.Pack/build/NuGet.Build.Tasks.Pack.targets
                   NuGetInteractive = 
                   NuGetPackageFolders = /home/home/.nuget/packages/
                   NuGetPackageRoot = /home/home/.nuget/packages/
                   NuGetPackTaskAssemblyFile = ../CoreCLR/NuGet.Build.Tasks.Pack.dll
                   NuGetProjectStyle = PackageReference
                   NuGetPropsFile = /usr/lib/dotnet/sdk/8.0.121/NuGet.props
                   NuGetRestoreTargets = /usr/lib/dotnet/sdk/8.0.121/NuGet.targets
                   NuGetTargetMoniker = .NETCoreApp,Version=v8.0
                   NuGetToolVersion = 6.8.1
                   Nullable = enable
                   NuspecOutputPath = obj/Debug/
                   Optimize = false
                   OS = Unix
                   OutDir = bin/Debug/net8.0/
                   OutputPath = bin/Debug/net8.0/
                   OutputType = Library
                   OverwriteReadOnlyFiles = false
                   PackageDescription = Package Description
                   PackageDownloadSupported = true
                   PackagedShimOutputRootDirectory = bin/Debug/net8.0/
                   PackageId = SampleOnionApp.Application
                   PackageOutputPath = bin/Debug/
                   PackageRequireLicenseAcceptance = false
                   PackageVersion = 1.0.0
                   PackDependsOn = ; _IntermediatePack; GenerateNuspec; 
                   PackRelease = true
                   Platform = AnyCPU
                   PlatformName = AnyCPU
                   Platforms = AnyCPU
                   PostBuildEventDependsOn = 
                   PreBuildEventDependsOn = 
                   Prefer32Bit = false
                   PrepareForBuildDependsOn = ;GetFrameworkPaths;GetReferenceAssemblyPaths;AssignLinkMetadata
                   PrepareForRunDependsOn = 
                         CopyFilesToOutputDirectory
                       
                   PrepareProjectReferencesDependsOn = 
                         AssignProjectConfiguration;
                         _SplitProjectReferencesByFileExistence;
                         _GetProjectReferenceTargetFrameworkProperties;
                         _GetProjectReferencePlatformProperties
                       
                   PrepareResourceNamesDependsOn = 
                         AssignTargetPaths;
                         SplitResourcesByCulture;
                         CreateManifestResourceNames;
                         CreateCustomManifestResourceNames
                       
                   PrepareResourcesDependsOn = 
                         ResolvePackageDependenciesForBuild;
                         _HandlePackageFileConflicts;
                         
                         ;
                         PrepareResourceNames;
                         ResGen;
                         CompileLicxFiles
                       
                       
                   PreserveCompilationReferences = 
                   ProcessorArchitecture = msil
                   ProcessorArchitectureAsPlatform = AnyCPU
                   ProduceReferenceAssembly = true
                   Product = SampleOnionApp.Application
                   ProjectAssetsCacheFile = /home/home/Desktop/codex-test/src/SampleOnionApp.Application/obj/Debug/net8.0/SampleOnionApp.Application.assets.cache
                   ProjectAssetsFile = /home/home/Desktop/codex-test/src/SampleOnionApp.Application/obj/project.assets.json
                   ProjectDepsFileName = SampleOnionApp.Application.deps.json
                   ProjectDepsFilePath = /home/home/Desktop/codex-test/src/SampleOnionApp.Application/bin/Debug/net8.0/SampleOnionApp.Application.deps.json
                   ProjectDesignTimeAssemblyResolutionSearchPaths = 
                         {CandidateAssemblyFiles};
                         ;
                         {HintPathFromItem};
                         {TargetFrameworkDirectory};
                         {Registry:Software\Microsoft\.NETCoreApp,v8.0,AssemblyFoldersEx};
                         {RawFileName};
                         /home/home/Desktop/codex-test/src/SampleOnionApp.Application/bin/Debug/net8.0/
                       
                   ProjectDir = /home/home/Desktop/codex-test/src/SampleOnionApp.Application/
                   ProjectExt = .csproj
                   ProjectFileName = SampleOnionApp.Application.csproj
                   ProjectFlavor = Client
                   ProjectName = SampleOnionApp.Application
                   ProjectPath = /home/home/Desktop/codex-test/src/SampleOnionApp.Application/SampleOnionApp.Application.csproj
                   ProjectRuntimeConfigFileName = SampleOnionApp.Application.runtimeconfig.json
                   ProjectRuntimeConfigFilePath = /home/home/Desktop/codex-test/src/SampleOnionApp.Application/bin/Debug/net8.0/SampleOnionApp.Application.runtimeconfig.json
                   PublishableProject = 
                   PublishBuildDependsOn = 
                         BuildOnlySettings;
                         PrepareForBuild;
                         ResolveReferences;
                         PrepareResources;
                         ResolveKeySource;
                         GenerateSerializationAssemblies;
                         CreateSatelliteAssemblies;
                       
                   PublishDependsOn = 
                         _DeploymentUnpublishable
                       
                   PublishDir = bin/Debug/net8.0/publish/
                   PublishDirName = publish
                   PublishDocumentationFile = true
                   PublishDocumentationFiles = true
                   PublishItemsOutputGroupDependsOn = 
                         ;
                         ResolveReferences;
                         ComputeResolvedFilesToPublishList;
                         _ComputeFilesToBundle;
                       
                   PublishOnlyDependsOn = 
                         SetGenerateManifests;
                         PublishBuild;
                         BeforePublish;
                         GenerateManifests;
                         CopyFilesToOutputDirectory;
                         _CopyFilesToPublishFolder;
                         _DeploymentGenerateBootstrapper;
                         ResolveKeySource;
                         _DeploymentSignClickOnceDeployment;
                         AfterPublish
                       
                   PublishProfileImported = false
                   PublishReadyToRunComposite = false
                   PublishReadyToRunPerfmapFormatVersion = 1
                   PublishReadyToRunUseCrossgen2 = true
                   PublishReadyToRunUseRuntimePackOptimizationData = true
                   PublishReferencesDocumentationFiles = true
                   PublishRelease = true
                   RebuildDependsOn = 
                         _SdkBeforeRebuild;
                         
                         BeforeRebuild;
                         Clean;
                         Build;
                         AfterRebuild;
                       
                       
                   RefAssembliesFolderName = refs
                   ReferenceCopyLocalPathsOutputGroupDependsOn = 
                         ;
                         
                         ;
                         BuildOnlySettings;
                         PrepareForBuild;
                         AssignTargetPaths;
                         ResolveReferences
                       
                       
                   ReportingServicesTargets = /usr/lib/dotnet/sdk/8.0.121/Microsoft/VisualStudio/v17.0/ReportingServices/Microsoft.ReportingServices.targets
                   ResGenDependsOn = ResolveAssemblyReferences;SplitResourcesByCulture;BeforeResGen;CoreResGen;AfterResGen
                   ResGenExecuteAsTool = false
                   ResolveAssemblyReferenceOutputUnresolvedAssemblyConflicts = true
                   ResolveAssemblyReferencesDependsOn = 
                         
                         
                         ResolveProjectReferences;
                         FindInvalidProjectReferences;
                         GetFrameworkPaths;
                         GetReferenceAssemblyPaths;
                         PrepareForBuild;
                         ResolveSDKReferences;
                         ExpandSDKReferences;
                       ;
                         ResolvePackageDependenciesForBuild;
                         _HandlePackageFileConflicts;
                       ;
                         ResolveTargetingPackAssets;
                       
                   ResolveNuGetPackages = false
                   ResolvePackageDependenciesForBuildDependsOn = 
                         ResolveLockFileReferences;
                         ResolveLockFileAnalyzers;
                         ResolveLockFileCopyLocalFiles;
                         ResolveRuntimePackAssets;
                         RunProduceContentAssets;
                         IncludeTransitiveProjectReferences
                       
                   ResolveReferencesDependsOn = 
                         BeforeResolveReferences;
                         AssignProjectConfiguration;
                         ResolveProjectReferences;
                         FindInvalidProjectReferences;
                         ResolveNativeReferences;
                         ResolveAssemblyReferences;
                         GenerateBindingRedirects;
                         GenerateBindingRedirectsUpdateAppConfig;
                         ResolveComReferences;
                         AfterResolveReferences
                       
                   ResolveSDKReferencesDependsOn = 
                         GetInstalledSDKLocations
                       
                   RestoreBuildInParallel = true
                   RestoreContinueOnError = WarnAndContinue
                   RestoreOutputPath = /home/home/Desktop/codex-test/src/SampleOnionApp.Application/obj/
                   RestoreProjectStyle = PackageReference
                   RestoreRecursive = true
                   RestoreSuccess = True
                   RestoreTaskAssemblyFile = NuGet.Build.Tasks.dll
                   RestoreTool = NuGet
                   RestoreUseSkipNonexistentTargets = true
                   RootNamespace = SampleOnionApp.Application
                   RoslynTargetsPath = /usr/lib/dotnet/sdk/8.0.121/Roslyn
                   RunDependsOn = 
                   RunPackageValidationDependsOn = CollectApiCompatInputs;_GetReferencePathFromInnerProjects;
                   RuntimeIdentifierGraphPath = /usr/lib/dotnet/sdk/8.0.121/PortableRuntimeIdentifierGraph.json
                   RunWorkingDirectory = 
                   SatelliteDllsProjectOutputGroupDependenciesDependsOn = 
                         ;
                         
                         ;
                         BuildOnlySettings;
                         PrepareForBuild;
                         AssignTargetPaths;
                         ResolveReferences
                       
                       
                   SatelliteDllsProjectOutputGroupDependsOn = ;PrepareForBuild;PrepareResourceNames
                   SDKRedistOutputGroupDependsOn = ResolveSDKReferences;ExpandSDKReferences
                   SDKReferenceDirectoryRoot = /home/home/.local/share/Microsoft SDKs;/Microsoft SDKs
                   SDKReferenceRegistryRoot = Software\Microsoft\Microsoft SDKs
                   SGenFilesOutputGroupDependenciesDependsOn = 
                         ;
                         
                         ;
                         BuildOnlySettings;
                         PrepareForBuild;
                         AssignTargetPaths;
                         ResolveReferences
                       
                       
                   SGenFilesOutputGroupDependsOn = 
                   SGenShouldGenerateSerializer = true
                   SGenUseKeep = false
                   SGenUseProxyTypes = true
                   ShouldMarkCertainSDKReferencesAsRuntimeOnly = true
                   SignAssembly = false
                   SkipCopyUnchangedFiles = true
                   SkipImportNuGetBuildTargets = true
                   SkipImportNuGetProps = true
                   SolutionDir = *Undefined*
                   SolutionExt = *Undefined*
                   SolutionFileName = *Undefined*
                   SolutionName = *Undefined*
                   SolutionPath = *Undefined*
                   SourceControlInformationFeatureSupported = true
                   SourceControlManagerUrlTranslationTargets = ;TranslateGitHubUrlsInSourceControlInformation;TranslateGitLabUrlsInSourceControlInformation;TranslateAzureReposGitUrlsInSourceControlInformation;TranslateBitbucketGitUrlsInSourceControlInformation
                   SourceFilesProjectOutputGroupDependsOn = PrepareForBuild;AssignTargetPaths
                   SourceLinkUrlInitializerTargets = ;_InitializeGitHubSourceLinkUrl;_InitializeGitLabSourceLinkUrl;_InitializeAzureReposGitSourceLinkUrl;_InitializeBitbucketGitSourceLinkUrl
                   SourceRootMappedPathsFeatureSupported = true
                   SupportedOSPlatformVersion = 
                   SupportsRoslynComponentVersioning = true
                   SuppressDependenciesWhenPacking = false
                   SymbolPackageFormat = symbols.nupkg
                   TargetCulture = *
                   TargetDeployManifestFileName = SampleOnionApp.Application.application
                   TargetDir = /home/home/Desktop/codex-test/src/SampleOnionApp.Application/bin/Debug/net8.0/
                   TargetedFrameworkDir = @(_TargetedFrameworkDirectoryItem)
                   TargetedSDKArchitecture = msil
                   TargetedSDKConfiguration = Debug
                   TargetExt = .dll
                   TargetFileName = SampleOnionApp.Application.dll
                   TargetFramework = net8.0
                   TargetFrameworkDirectory = 
                   TargetFrameworkIdentifier = .NETCoreApp
                   TargetFrameworkMoniker = .NETCoreApp,Version=v8.0
                   TargetFrameworkMonikerAssemblyAttributesPath = obj/Debug/net8.0/.NETCoreApp,Version=v8.0.AssemblyAttributes.cs
                   TargetFrameworkMonikerDisplayName = .NET 8.0
                   TargetFrameworkSDKToolsDirectory = 
                   TargetFrameworkVersion = v8.0
                   TargetLatestRuntimePatch = false
                   TargetName = SampleOnionApp.Application
                   TargetPath = /home/home/Desktop/codex-test/src/SampleOnionApp.Application/bin/Debug/net8.0/SampleOnionApp.Application.dll
                   TargetPlatformDisplayName =  
                   TargetPlatformIdentifier = 
                   TargetPlatformRegistryBase = Software\Microsoft\Microsoft SDKs\
                   TargetPlatformSdkPath = 
                   TargetPlatformVersion = 
                   TargetRefPath = /home/home/Desktop/codex-test/src/SampleOnionApp.Application/obj/Debug/net8.0/ref/SampleOnionApp.Application.dll
                   TargetRuntime = Managed
                   TargetsCurrent = true
                   TargetsForTfmSpecificContentInPackage = ;PackTool;_PackProjectToolValidation
                   TargetsNet8 = true
                   ToolCommandName = SampleOnionApp.Application
                   ToolDepsJsonGeneratorProject = /usr/lib/dotnet/sdk/8.0.121/Sdks/Microsoft.NET.Sdk/targets/GenerateDeps/GenerateDeps.proj
                   ToolEntryPoint = SampleOnionApp.Application.dll
                   TreatWarningsAsErrors = false
                   UnmanagedRegistrationDependsOn = 
                   UnmanagedUnregistrationDependsOn = 
                   UnsupportedTargetFrameworkVersion = 9.0
                   UseCommonOutputDirectory = false
                   UseDefaultPlatformLookupTables = true
                   UseHostCompilerIfAvailable = true
                   UseOSWinMdReferences = false
                   UseRidGraph = false
                   UserProfileRuntimeStorePath = /home/home/.dotnet/store
                   UserRuntimeConfig = /home/home/Desktop/codex-test/src/SampleOnionApp.Application/runtimeconfig.template.json
                   UseSourcePath = true
                   UsingMicrosoftNETSdk = true
                   UsingNETSdkDefaults = true
                   Utf8Output = true
                   ValidateRuntimeIdentifierCompatibility = false
                   VerifyMatchingImplicitPackageVersion = true
                   Version = 1.0.0
                   VersionlessImplicitFrameworkDefine = NET
                   VersionPrefix = 1.0.0
                   VisualStudioVersion = 17.0
                   VSTestConsolePath = /usr/lib/dotnet/sdk/8.0.121/vstest.console.dll
                   VSTestTargets = /usr/lib/dotnet/sdk/8.0.121/Microsoft.TestPlatform.targets
                   VSTestTaskAssemblyFile = Microsoft.TestPlatform.Build.dll
                   WarningLevel = 8
                   WarningsAsErrors = ;NU1605;SYSLIB0011
                   WarnOnPackingNonPackableProject = false
                   WebReference_EnableLegacyEventingModel = false
                   WebReference_EnableProperties = true
                   WebReference_EnableSQLTypes = true
                   WMSJSProject = WJProject
                   WMSJSProjectDirectory = JavaScript
                   YieldDuringToolExecution = true

20:21:26.524     0>Initial Items:
                   _AdditionalTargetFrameworkInfoPropertyWithValue
                       _IsExecutable
                           Value = 
                       _SelfContainedWasSpecified
                           Value = 
                       IsRidAgnostic
                           Value = true
                       SelfContained
                           Value = 
                       ShouldBeValidatedAsExecutableReference
                           Value = 
                   _AllDirectoriesAbove
                       /
                       /home
                       /home/home
                       /home/home/Desktop
                       /home/home/Desktop/codex-test
                       /home/home/Desktop/codex-test/src
                       /home/home/Desktop/codex-test/src/SampleOnionApp.Application
                       /home/home/Desktop/codex-test/src/SampleOnionApp.Application/Abstractions
                       /home/home/Desktop/codex-test/src/SampleOnionApp.Application/Abstractions/Repositories
                       /home/home/Desktop/codex-test/src/SampleOnionApp.Application/Abstractions/Services
                       /home/home/Desktop/codex-test/src/SampleOnionApp.Application/Extensions
                       /home/home/Desktop/codex-test/src/SampleOnionApp.Application/Models
                       /home/home/Desktop/codex-test/src/SampleOnionApp.Application/Services
                   _ApplicationManifestFinal
                       bin/Debug/net8.0/Native.SampleOnionApp.Application.manifest
                           TargetPath = Native.SampleOnionApp.Application.manifest
                   _DebugSymbolsIntermediatePath
                       obj/Debug/net8.0/SampleOnionApp.Application.pdb
                   _DebugSymbolsOutputPath
                       bin/Debug/net8.0/SampleOnionApp.Application.pdb
                   _DeploymentManifestEntryPoint
                       obj/Debug/net8.0/SampleOnionApp.Application.dll
                           TargetPath = SampleOnionApp.Application.dll
                   _EolNetCoreTargetFrameworkVersions
                       1.0
                       1.1
                       2.0
                       2.1
                       2.2
                       3.0
                       3.1
                       5.0
                       6.0
                       7.0
                   _ExcludedKnownRuntimeIdentiferPlatforms
                       rhel.6
                       rhel.6
                       rhel.6
                       rhel.6
                       rhel.6
                       rhel.6
                       rhel.6
                       rhel.6
                       rhel.6
                       rhel.6
                       rhel.6
                       rhel.6
                       rhel.6
                       rhel.6
                       rhel.6
                       rhel.6
                       rhel.6
                       rhel.6
                       rhel.6
                       rhel.6
                       rhel.6
                       rhel.6
                       rhel.6
                       rhel.6
                       rhel.6
                       rhel.6
                       rhel.6
                       rhel.6
                       rhel.6
                       rhel.6
                       tizen.4.0.0
                       tizen.4.0.0
                       tizen.4.0.0
                       tizen.4.0.0
                       tizen.4.0.0
                       tizen.4.0.0
                       tizen.4.0.0
                       tizen.4.0.0
                       tizen.4.0.0
                       tizen.4.0.0
                       tizen.4.0.0
                       tizen.4.0.0
                       tizen.4.0.0
                       tizen.4.0.0
                       tizen.4.0.0
                       tizen.4.0.0
                       tizen.4.0.0
                       tizen.4.0.0
                       tizen.4.0.0
                       tizen.4.0.0
                       tizen.4.0.0
                       tizen.4.0.0
                       tizen.4.0.0
                       tizen.4.0.0
                       tizen.4.0.0
                       tizen.4.0.0
                       tizen.4.0.0
                       tizen.4.0.0
                       tizen.4.0.0
                       tizen.4.0.0
                       tizen.5.0.0
                       tizen.5.0.0
                       tizen.5.0.0
                       tizen.5.0.0
                       tizen.5.0.0
                       tizen.5.0.0
                       tizen.5.0.0
                       tizen.5.0.0
                       tizen.5.0.0
                       tizen.5.0.0
                       tizen.5.0.0
                       tizen.5.0.0
                       tizen.5.0.0
                       tizen.5.0.0
                       tizen.5.0.0
                       tizen.5.0.0
                       tizen.5.0.0
                       tizen.5.0.0
                       tizen.5.0.0
                       tizen.5.0.0
                       tizen.5.0.0
                       tizen.5.0.0
                       tizen.5.0.0
                       tizen.5.0.0
                       tizen.5.0.0
                       tizen.5.0.0
                       tizen.5.0.0
                       tizen.5.0.0
                       tizen.5.0.0
                       tizen.5.0.0
                   _KnownRuntimeIdentiferPlatforms
                       any
                       any
                       any
                       any
                       any
                       any
                       any
                       any
                       any
                       any
                       any
                       any
                       any
                       any
                       any
                       any
                       any
                       any
                       any
                       any
                       any
                       any
                       any
                       any
                       any
                       any
                       any
                       any
                       any
                       any
                       aot
                       aot
                       aot
                       aot
                       aot
                       aot
                       aot
                       aot
                       aot
                       aot
                       aot
                       aot
                       aot
                       aot
                       aot
                       aot
                       aot
                       aot
                       aot
                       aot
                       aot
                       aot
                       aot
                       aot
                       aot
                       aot
                       aot
                       aot
                       aot
                       aot
                       freebsd
                       freebsd
                       freebsd
                       freebsd
                       freebsd
                       freebsd
                       freebsd
                       freebsd
                       freebsd
                       freebsd
                       freebsd
                       freebsd
                       freebsd
                       freebsd
                       freebsd
                       freebsd
                       freebsd
                       freebsd
                       freebsd
                       freebsd
                       freebsd
                       freebsd
                       freebsd
                       freebsd
                       freebsd
                       freebsd
                       freebsd
                       freebsd
                       freebsd
                       freebsd
                       illumos
                       illumos
                       illumos
                       illumos
                       illumos
                       illumos
                       illumos
                       illumos
                       illumos
                       illumos
                       illumos
                       illumos
                       illumos
                       illumos
                       illumos
                       illumos
                       illumos
                       illumos
                       illumos
                       illumos
                       illumos
                       illumos
                       illumos
                       illumos
                       illumos
                       illumos
                       illumos
                       illumos
                       illumos
                       illumos
                       solaris
                       solaris
                       solaris
                       solaris
                       solaris
                       solaris
                       solaris
                       solaris
                       solaris
                       solaris
                       solaris
                       solaris
                       solaris
                       solaris
                       solaris
                       solaris
                       solaris
                       solaris
                       solaris
                       solaris
                       solaris
                       solaris
                       solaris
                       solaris
                       solaris
                       solaris
                       solaris
                       solaris
                       solaris
                       solaris
                       unix
                       unix
                       unix
                       unix
                       unix
                       unix
                       unix
                       unix
                       unix
                       unix
                       unix
                       unix
                       unix
                       unix
                       unix
                       unix
                       unix
                       unix
                       unix
                       unix
                       unix
                       unix
                       unix
                       unix
                       unix
                       unix
                       unix
                       unix
                       unix
                       unix
                   _OutputPathItem
                       bin/Debug/net8.0/
                   _ResolveComReferenceCache
                       obj/Debug/net8.0/SampleOnionApp.Application.csproj.ResolveComReference.cache
                   _TargetFrameworkInfo
                       net8.0
                           TargetPlatformMonikers = None
                           AdditionalPropertiesFromProject = <TargetFramework Name="net8.0">
                     <SelfContained></SelfContained>
                     <_IsExecutable></_IsExecutable>
                     <IsRidAgnostic>true</IsRidAgnostic>
                     <ShouldBeValidatedAsExecutableReference></ShouldBeValidatedAsExecutableReference>
                     <_SelfContainedWasSpecified></_SelfContainedWasSpecified>
                   </TargetFramework>
                           TargetFrameworkMonikers = .NETCoreApp,Version=v8.0
                           TargetFrameworks = net8.0
                           IsRidAgnostic = true
                   _ThisProjectBuildMetadata
                       /home/home/Desktop/codex-test/src/SampleOnionApp.Application/SampleOnionApp.Application.csproj
                           HasSingleTargetFramework = true
                           TargetPlatformMonikers = None
                           Platform = AnyCPU
                           AdditionalPropertiesFromProject = <AdditionalProjectProperties>
                     <TargetFramework Name="net8.0">
                       <SelfContained></SelfContained>
                       <_IsExecutable></_IsExecutable>
                       <IsRidAgnostic>true</IsRidAgnostic>
                       <ShouldBeValidatedAsExecutableReference></ShouldBeValidatedAsExecutableReference>
                       <_SelfContainedWasSpecified></_SelfContainedWasSpecified>
                     </TargetFramework>
                   </AdditionalProjectProperties>
                           TargetFrameworkMonikers = .NETCoreApp,Version=v8.0
                           TargetFrameworks = net8.0
                           IsRidAgnostic = true
                           Platforms = AnyCPU
                   _UnmanagedRegistrationCache
                       obj/SampleOnionApp.Application.csproj.UnmanagedRegistration.cache
                   AdditionalTargetFrameworkInfoProperty
                       _IsExecutable
                       _SelfContainedWasSpecified
                       IsRidAgnostic
                       SelfContained
                       ShouldBeValidatedAsExecutableReference
                   Analyzer
                       /usr/lib/dotnet/sdk/8.0.121/Sdks/Microsoft.NET.Sdk/targets/../analyzers/Microsoft.CodeAnalysis.CSharp.NetAnalyzers.dll
                           IsImplicitlyDefined = true
                       /usr/lib/dotnet/sdk/8.0.121/Sdks/Microsoft.NET.Sdk/targets/../analyzers/Microsoft.CodeAnalysis.NetAnalyzers.dll
                           IsImplicitlyDefined = true
                   AppConfigFileDestination
                       bin/Debug/net8.0/SampleOnionApp.Application.dll.config
                   ApplicationManifest
                       obj/Debug/net8.0/Native.SampleOnionApp.Application.manifest
                           TargetPath = Native.SampleOnionApp.Application.manifest
                   BuiltProjectOutputGroupKeyOutput
                       /home/home/Desktop/codex-test/src/SampleOnionApp.Application/obj/Debug/net8.0/SampleOnionApp.Application.dll
                           IsKeyOutput = true
                           FinalOutputPath = /home/home/Desktop/codex-test/src/SampleOnionApp.Application/bin/Debug/net8.0/SampleOnionApp.Application.dll
                           TargetPath = SampleOnionApp.Application.dll
                   ClsidMap
                       obj/Debug/net8.0/SampleOnionApp.Application.clsidmap
                   Compile
                       Abstractions/Repositories/ITodoRepository.cs
                       Abstractions/Services/ITodoService.cs
                       Extensions/DependencyInjection.cs
                       Models/TodoItemDto.cs
                       Services/TodoService.cs
                   CompilerVisibleProperty
                       _SupportedPlatformList
                       EnableComHosting
                       EnableGeneratedComInterfaceComImportInterop
                       EnforceExtendedAnalyzerRules
                       InvariantGlobalization
                       PlatformNeutralAssembly
                       ProjectDir
                       ProjectTypeGuids
                       RootNamespace
                       TargetFramework
                       TargetPlatformMinVersion
                       UsingMicrosoftNETSdkWeb
                   CopyUpToDateMarker
                       /home/home/Desktop/codex-test/src/SampleOnionApp.Application/obj/Debug/net8.0/SampleOnionApp.Application.csproj.CopyComplete
                   CreateDirectory
                       /home/home/Desktop/codex-test/src/SampleOnionApp.Application/obj/Debug/net8.0/refint/
                       obj/Debug/net8.0/ref
                   DebugSymbolsProjectOutputGroupOutput
                       /home/home/Desktop/codex-test/src/SampleOnionApp.Application/obj/Debug/net8.0/SampleOnionApp.Application.pdb
                           FinalOutputPath = /home/home/Desktop/codex-test/src/SampleOnionApp.Application/bin/Debug/net8.0/SampleOnionApp.Application.pdb
                           TargetPath = SampleOnionApp.Application.pdb
                   DeployManifest
                       obj/Debug/net8.0/SampleOnionApp.Application.application
                           TargetPath = SampleOnionApp.Application.application
                   EmbedInBinlog
                       /home/home/Desktop/codex-test/src/SampleOnionApp.Application/obj/project.assets.json
                   FrameworkReference
                       Microsoft.NETCore.App
                           IsImplicitlyDefined = true
                           PrivateAssets = All
                           Pack = false
                   GenerateRuntimeConfigurationFilesInputs
                       /home/home/Desktop/codex-test/src/SampleOnionApp.Application/obj/Debug/net8.0/SampleOnionApp.Application.assets.cache
                       /home/home/Desktop/codex-test/src/SampleOnionApp.Application/obj/project.assets.json
                   GlobalAnalyzerConfigFiles
                       /.globalconfig
                       /home/.globalconfig
                       /home/home/.globalconfig
                       /home/home/Desktop/.globalconfig
                       /home/home/Desktop/codex-test/.globalconfig
                       /home/home/Desktop/codex-test/src/.globalconfig
                       /home/home/Desktop/codex-test/src/SampleOnionApp.Application/.globalconfig
                       /home/home/Desktop/codex-test/src/SampleOnionApp.Application/Abstractions/.globalconfig
                       /home/home/Desktop/codex-test/src/SampleOnionApp.Application/Abstractions/Repositories/.globalconfig
                       /home/home/Desktop/codex-test/src/SampleOnionApp.Application/Abstractions/Services/.globalconfig
                       /home/home/Desktop/codex-test/src/SampleOnionApp.Application/Extensions/.globalconfig
                       /home/home/Desktop/codex-test/src/SampleOnionApp.Application/Models/.globalconfig
                       /home/home/Desktop/codex-test/src/SampleOnionApp.Application/Services/.globalconfig
                   ImplicitPackageReferenceVersion
                       Microsoft.AspNetCore.All
                           LatestVersion = 2.1.30
                           DefaultVersion = 2.1.1
                           TargetFrameworkVersion = 2.1
                       Microsoft.AspNetCore.All
                           LatestVersion = 2.2.8
                           DefaultVersion = 2.2.0
                           TargetFrameworkVersion = 2.2
                       Microsoft.AspNetCore.App
                           LatestVersion = 2.1.30
                           DefaultVersion = 2.1.1
                           TargetFrameworkVersion = 2.1
                       Microsoft.AspNetCore.App
                           LatestVersion = 2.2.8
                           DefaultVersion = 2.2.0
                           TargetFrameworkVersion = 2.2
                       Microsoft.NETCore.App
                           LatestVersion = 1.0.16
                           DefaultVersion = 1.0.5
                           TargetFrameworkVersion = 1.0
                       Microsoft.NETCore.App
                           LatestVersion = 1.1.13
                           DefaultVersion = 1.1.2
                           TargetFrameworkVersion = 1.1
                       Microsoft.NETCore.App
                           LatestVersion = 2.0.9
                           DefaultVersion = 2.0.0
                           TargetFrameworkVersion = 2.0
                       Microsoft.NETCore.App
                           LatestVersion = 2.1.30
                           DefaultVersion = 2.1.0
                           TargetFrameworkVersion = 2.1
                       Microsoft.NETCore.App
                           LatestVersion = 2.2.8
                           DefaultVersion = 2.2.0
                           TargetFrameworkVersion = 2.2
                   IntermediateAssembly
                       obj/Debug/net8.0/SampleOnionApp.Application.dll
                   IntermediateRefAssembly
                       obj/Debug/net8.0/refint/SampleOnionApp.Application.dll
                   KnownAppHostPack
                       Microsoft.NETCore.App
                           ExcludedRuntimeIdentifiers = android
                           AppHostRuntimeIdentifiers = linux-arm;linux-arm64;linux-musl-arm64;linux-musl-x64;linux-x64;osx-x64;rhel.6-x64;tizen.4.0.0-armel;tizen.5.0.0-armel;win-arm64;win-x64;win-x86;linux-musl-arm;osx-arm64;linux-s390x;linux-bionic-arm;linux-bionic-arm64;linux-bionic-x64;linux-bionic-x86;linux-ppc64le;ubuntu.24.04-x64
                           TargetFramework = net8.0
                           AppHostPackNamePattern = Microsoft.NETCore.App.Host.**RID**
                           AppHostPackVersion = 8.0.21
                       Microsoft.NETCore.App
                           ExcludedRuntimeIdentifiers = android
                           AppHostRuntimeIdentifiers = linux-arm;linux-arm64;linux-musl-arm64;linux-musl-x64;linux-x64;osx-x64;rhel.6-x64;tizen.4.0.0-armel;tizen.5.0.0-armel;win-arm;win-arm64;win-x64;win-x86;linux-musl-arm;osx-arm64;linux-s390x;linux-bionic-arm;linux-bionic-arm64;linux-bionic-x64;linux-bionic-x86;linux-ppc64le
                           TargetFramework = net7.0
                           AppHostPackNamePattern = Microsoft.NETCore.App.Host.**RID**
                           AppHostPackVersion = 7.0.20
                       Microsoft.NETCore.App
                           ExcludedRuntimeIdentifiers = android
                           AppHostRuntimeIdentifiers = linux-arm;linux-arm64;linux-musl-arm64;linux-musl-x64;linux-x64;osx-x64;rhel.6-x64;tizen.4.0.0-armel;tizen.5.0.0-armel;win-arm;win-arm64;win-x64;win-x86;linux-musl-arm;osx-arm64;linux-s390x
                           TargetFramework = net6.0
                           AppHostPackNamePattern = Microsoft.NETCore.App.Host.**RID**
                           AppHostPackVersion = 6.0.36
                       Microsoft.NETCore.App
                           AppHostRuntimeIdentifiers = linux-arm;linux-arm64;linux-musl-arm64;linux-musl-x64;linux-x64;osx-x64;rhel.6-x64;tizen.4.0.0-armel;tizen.5.0.0-armel;win-arm;win-arm64;win-x64;win-x86;linux-musl-arm
                           TargetFramework = net5.0
                           AppHostPackNamePattern = Microsoft.NETCore.App.Host.**RID**
                           AppHostPackVersion = 5.0.17
                       Microsoft.NETCore.App
                           AppHostRuntimeIdentifiers = linux-arm;linux-arm64;linux-musl-arm64;linux-musl-x64;linux-x64;osx-x64;rhel.6-x64;tizen.4.0.0-armel;tizen.5.0.0-armel;win-arm;win-arm64;win-x64;win-x86
                           TargetFramework = netcoreapp3.1
                           AppHostPackNamePattern = Microsoft.NETCore.App.Host.**RID**
                           AppHostPackVersion = 3.1.32
                       Microsoft.NETCore.App
                           AppHostRuntimeIdentifiers = linux-arm;linux-arm64;linux-musl-arm64;linux-musl-x64;linux-x64;osx-x64;rhel.6-x64;tizen.4.0.0-armel;tizen.5.0.0-armel;win-arm;win-arm64;win-x64;win-x86
                           TargetFramework = netcoreapp3.0
                           AppHostPackNamePattern = Microsoft.NETCore.App.Host.**RID**
                           AppHostPackVersion = 3.0.3
                   KnownCrossgen2Pack
                       Microsoft.NETCore.App.Crossgen2
                           Crossgen2RuntimeIdentifiers = linux-musl-x64;linux-x64;win-x64;linux-arm;linux-arm64;linux-musl-arm;linux-musl-arm64;osx-arm64;osx-x64;win-arm64;win-x86
                           TargetFramework = net8.0
                           Crossgen2PackNamePattern = Microsoft.NETCore.App.Crossgen2.**RID**
                           Crossgen2PackVersion = 8.0.21
                       Microsoft.NETCore.App.Crossgen2
                           Crossgen2RuntimeIdentifiers = linux-musl-x64;linux-x64;win-x64;linux-arm;linux-arm64;linux-musl-arm;linux-musl-arm64;osx-arm64;osx-x64;win-arm;win-arm64;win-x86
                           TargetFramework = net7.0
                           Crossgen2PackNamePattern = Microsoft.NETCore.App.Crossgen2.**RID**
                           Crossgen2PackVersion = 7.0.20
                       Microsoft.NETCore.App.Crossgen2
                           Crossgen2RuntimeIdentifiers = linux-musl-x64;linux-x64;win-x64;linux-arm;linux-arm64;linux-musl-arm;linux-musl-arm64;osx-arm64;osx-x64;win-arm;win-arm64;win-x86
                           TargetFramework = net6.0
                           Crossgen2PackNamePattern = Microsoft.NETCore.App.Crossgen2.**RID**
                           Crossgen2PackVersion = 6.0.36
                       Microsoft.NETCore.App.Crossgen2
                           Crossgen2RuntimeIdentifiers = linux-musl-x64;linux-x64;win-x64
                           TargetFramework = net5.0
                           Crossgen2PackNamePattern = Microsoft.NETCore.App.Crossgen2.**RID**
                           Crossgen2PackVersion = 5.0.17
                   KnownFrameworkReference
                       Microsoft.AspNetCore.App
                           TargetFramework = netcoreapp3.0
                           DefaultRuntimeFrameworkVersion = 3.0.0
                           TargetingPackName = Microsoft.AspNetCore.App.Ref
                           LatestRuntimeFrameworkVersion = 3.0.3
                           RuntimePackRuntimeIdentifiers = win-x64;win-x86;win-arm;osx-x64;linux-musl-x64;linux-musl-arm64;linux-x64;linux-arm;linux-arm64
                           RuntimePackNamePatterns = Microsoft.AspNetCore.App.Runtime.**RID**
                           TargetingPackVersion = 3.0.1
                           RuntimeFrameworkName = Microsoft.AspNetCore.App
                       Microsoft.AspNetCore.App
                           TargetFramework = netcoreapp3.1
                           DefaultRuntimeFrameworkVersion = 3.1.0
                           TargetingPackName = Microsoft.AspNetCore.App.Ref
                           LatestRuntimeFrameworkVersion = 3.1.32
                           RuntimePackRuntimeIdentifiers = win-x64;win-x86;win-arm;osx-x64;linux-musl-x64;linux-musl-arm64;linux-x64;linux-arm;linux-arm64
                           RuntimePackNamePatterns = Microsoft.AspNetCore.App.Runtime.**RID**
                           TargetingPackVersion = 3.1.10
                           RuntimeFrameworkName = Microsoft.AspNetCore.App
                       Microsoft.AspNetCore.App
                           TargetFramework = net7.0
                           DefaultRuntimeFrameworkVersion = 7.0.0
                           TargetingPackName = Microsoft.AspNetCore.App.Ref
                           LatestRuntimeFrameworkVersion = 7.0.20
                           RuntimePackExcludedRuntimeIdentifiers = android
                           RuntimePackRuntimeIdentifiers = win-x64;win-x86;win-arm;osx-x64;linux-musl-x64;linux-musl-arm64;linux-x64;linux-arm;linux-arm64;linux-musl-arm;win-arm64;osx-arm64;linux-s390x;linux-ppc64le
                           RuntimePackNamePatterns = Microsoft.AspNetCore.App.Runtime.**RID**
                           TargetingPackVersion = 7.0.20
                           RuntimeFrameworkName = Microsoft.AspNetCore.App
                       Microsoft.AspNetCore.App
                           TargetFramework = net8.0
                           DefaultRuntimeFrameworkVersion = 8.0.0
                           TargetingPackName = Microsoft.AspNetCore.App.Ref
                           LatestRuntimeFrameworkVersion = 8.0.21
                           RuntimePackExcludedRuntimeIdentifiers = android;linux-bionic
                           RuntimePackRuntimeIdentifiers = ubuntu.24.04-x64;win-x64;win-x86;win-arm;osx-x64;linux-musl-x64;linux-musl-arm64;linux-x64;linux-arm;linux-arm64;linux-musl-arm;win-arm64;osx-arm64;linux-s390x;linux-ppc64le
                           RuntimePackNamePatterns = Microsoft.AspNetCore.App.Runtime.**RID**
                           TargetingPackVersion = 8.0.21
                           RuntimeFrameworkName = Microsoft.AspNetCore.App
                       Microsoft.AspNetCore.App
                           TargetFramework = net5.0
                           DefaultRuntimeFrameworkVersion = 5.0.0
                           TargetingPackName = Microsoft.AspNetCore.App.Ref
                           LatestRuntimeFrameworkVersion = 5.0.17
                           RuntimePackRuntimeIdentifiers = win-x64;win-x86;win-arm;osx-x64;linux-musl-x64;linux-musl-arm64;linux-x64;linux-arm;linux-arm64;linux-musl-arm;win-arm64
                           RuntimePackNamePatterns = Microsoft.AspNetCore.App.Runtime.**RID**
                           TargetingPackVersion = 5.0.0
                           RuntimeFrameworkName = Microsoft.AspNetCore.App
                       Microsoft.AspNetCore.App
                           TargetFramework = net6.0
                           DefaultRuntimeFrameworkVersion = 6.0.0
                           TargetingPackName = Microsoft.AspNetCore.App.Ref
                           LatestRuntimeFrameworkVersion = 6.0.36
                           RuntimePackRuntimeIdentifiers = win-x64;win-x86;win-arm;osx-x64;linux-musl-x64;linux-musl-arm64;linux-x64;linux-arm;linux-arm64;linux-musl-arm;win-arm64;osx-arm64;linux-s390x
                           RuntimePackNamePatterns = Microsoft.AspNetCore.App.Runtime.**RID**
                           TargetingPackVersion = 6.0.36
                           RuntimeFrameworkName = Microsoft.AspNetCore.App
                       Microsoft.NETCore.App
                           TargetFramework = net8.0
                           DefaultRuntimeFrameworkVersion = 8.0.0
                           TargetingPackName = Microsoft.NETCore.App.Ref
                           LatestRuntimeFrameworkVersion = 8.0.21
                           RuntimePackRuntimeIdentifiers = linux-arm;linux-arm64;linux-musl-arm64;linux-musl-x64;linux-x64;osx-x64;rhel.6-x64;tizen.4.0.0-armel;tizen.5.0.0-armel;win-arm64;win-x64;win-x86;linux-musl-arm;osx-arm64;linux-s390x;linux-bionic-arm;linux-bionic-arm64;linux-bionic-x64;linux-bionic-x86;linux-ppc64le;ubuntu.24.04-x64
                           RuntimePackNamePatterns = Microsoft.NETCore.App.Runtime.**RID**
                           TargetingPackVersion = 8.0.21
                           RuntimeFrameworkName = Microsoft.NETCore.App
                       Microsoft.NETCore.App
                           TargetFramework = net5.0
                           DefaultRuntimeFrameworkVersion = 5.0.0
                           TargetingPackName = Microsoft.NETCore.App.Ref
                           LatestRuntimeFrameworkVersion = 5.0.17
                           RuntimePackRuntimeIdentifiers = linux-arm;linux-arm64;linux-musl-arm64;linux-musl-x64;linux-x64;osx-x64;rhel.6-x64;tizen.4.0.0-armel;tizen.5.0.0-armel;win-arm;win-arm64;win-x64;win-x86;linux-musl-arm;browser-wasm
                           RuntimePackNamePatterns = Microsoft.NETCore.App.Runtime.**RID**
                           TargetingPackVersion = 5.0.0
                           IsTrimmable = true
                           RuntimeFrameworkName = Microsoft.NETCore.App
                       Microsoft.NETCore.App
                           TargetFramework = net7.0
                           DefaultRuntimeFrameworkVersion = 7.0.0
                           TargetingPackName = Microsoft.NETCore.App.Ref
                           LatestRuntimeFrameworkVersion = 7.0.20
                           RuntimePackRuntimeIdentifiers = linux-arm;linux-arm64;linux-musl-arm64;linux-musl-x64;linux-x64;osx-x64;rhel.6-x64;tizen.4.0.0-armel;tizen.5.0.0-armel;win-arm;win-arm64;win-x64;win-x86;linux-musl-arm;osx-arm64;linux-s390x;linux-bionic-arm;linux-bionic-arm64;linux-bionic-x64;linux-bionic-x86;linux-ppc64le
                           RuntimePackNamePatterns = Microsoft.NETCore.App.Runtime.**RID**
                           TargetingPackVersion = 7.0.20
                           RuntimeFrameworkName = Microsoft.NETCore.App
                       Microsoft.NETCore.App
                           TargetFramework = netcoreapp3.1
                           DefaultRuntimeFrameworkVersion = 3.1.0
                           TargetingPackName = Microsoft.NETCore.App.Ref
                           LatestRuntimeFrameworkVersion = 3.1.32
                           RuntimePackRuntimeIdentifiers = linux-arm;linux-arm64;linux-musl-arm64;linux-musl-x64;linux-x64;osx-x64;rhel.6-x64;tizen.4.0.0-armel;tizen.5.0.0-armel;win-arm;win-arm64;win-x64;win-x86
                           RuntimePackNamePatterns = Microsoft.NETCore.App.Runtime.**RID**
                           TargetingPackVersion = 3.1.0
                           IsTrimmable = true
                           RuntimeFrameworkName = Microsoft.NETCore.App
                       Microsoft.NETCore.App
                           TargetFramework = netcoreapp3.0
                           DefaultRuntimeFrameworkVersion = 3.0.0
                           TargetingPackName = Microsoft.NETCore.App.Ref
                           LatestRuntimeFrameworkVersion = 3.0.3
                           RuntimePackRuntimeIdentifiers = linux-arm;linux-arm64;linux-musl-arm64;linux-musl-x64;linux-x64;osx-x64;rhel.6-x64;tizen.4.0.0-armel;tizen.5.0.0-armel;win-arm;win-arm64;win-x64;win-x86
                           RuntimePackNamePatterns = Microsoft.NETCore.App.Runtime.**RID**
                           TargetingPackVersion = 3.0.0
                           IsTrimmable = true
                           RuntimeFrameworkName = Microsoft.NETCore.App
                       Microsoft.NETCore.App
                           TargetFramework = net6.0
                           DefaultRuntimeFrameworkVersion = 6.0.0
                           TargetingPackName = Microsoft.NETCore.App.Ref
                           LatestRuntimeFrameworkVersion = 6.0.36
                           RuntimePackRuntimeIdentifiers = linux-arm;linux-arm64;linux-musl-arm64;linux-musl-x64;linux-x64;osx-x64;rhel.6-x64;tizen.4.0.0-armel;tizen.5.0.0-armel;win-arm;win-arm64;win-x64;win-x86;linux-musl-arm;osx-arm64;linux-s390x
                           RuntimePackNamePatterns = Microsoft.NETCore.App.Runtime.**RID**
                           TargetingPackVersion = 6.0.36
                           RuntimeFrameworkName = Microsoft.NETCore.App
                       Microsoft.Windows.SDK.NET.Ref
                           RuntimePackAlwaysCopyLocal = true
                           TargetFramework = net5.0-windows10.0.18362.0
                           DefaultRuntimeFrameworkVersion = 10.0.18362.56
                           TargetingPackName = Microsoft.Windows.SDK.NET.Ref
                           IsWindowsOnly = true
                           LatestRuntimeFrameworkVersion = 10.0.18362.56
                           RuntimePackRuntimeIdentifiers = any
                           RuntimePackNamePatterns = Microsoft.Windows.SDK.NET.Ref
                           TargetingPackVersion = 10.0.18362.56
                           RuntimeFrameworkName = Microsoft.Windows.SDK.NET.Ref
                       Microsoft.Windows.SDK.NET.Ref
                           RuntimePackAlwaysCopyLocal = true
                           TargetFramework = net5.0-windows10.0.19041.0
                           DefaultRuntimeFrameworkVersion = 10.0.19041.56
                           TargetingPackName = Microsoft.Windows.SDK.NET.Ref
                           IsWindowsOnly = true
                           LatestRuntimeFrameworkVersion = 10.0.19041.56
                           RuntimePackRuntimeIdentifiers = any
                           RuntimePackNamePatterns = Microsoft.Windows.SDK.NET.Ref
                           TargetingPackVersion = 10.0.19041.56
                           RuntimeFrameworkName = Microsoft.Windows.SDK.NET.Ref
                       Microsoft.Windows.SDK.NET.Ref
                           RuntimePackAlwaysCopyLocal = true
                           TargetFramework = net6.0-windows10.0.19041.0
                           DefaultRuntimeFrameworkVersion = 10.0.19041.56
                           TargetingPackName = Microsoft.Windows.SDK.NET.Ref
                           IsWindowsOnly = true
                           LatestRuntimeFrameworkVersion = 10.0.19041.56
                           RuntimePackRuntimeIdentifiers = any
                           RuntimePackNamePatterns = Microsoft.Windows.SDK.NET.Ref
                           TargetingPackVersion = 10.0.19041.56
                           RuntimeFrameworkName = Microsoft.Windows.SDK.NET.Ref
                       Microsoft.Windows.SDK.NET.Ref
                           RuntimePackAlwaysCopyLocal = true
                           TargetFramework = net6.0-windows10.0.18362.0
                           DefaultRuntimeFrameworkVersion = 10.0.18362.56
                           TargetingPackName = Microsoft.Windows.SDK.NET.Ref
                           IsWindowsOnly = true
                           LatestRuntimeFrameworkVersion = 10.0.18362.56
                           RuntimePackRuntimeIdentifiers = any
                           RuntimePackNamePatterns = Microsoft.Windows.SDK.NET.Ref
                           TargetingPackVersion = 10.0.18362.56
                           RuntimeFrameworkName = Microsoft.Windows.SDK.NET.Ref
                       Microsoft.Windows.SDK.NET.Ref
                           RuntimePackAlwaysCopyLocal = true
                           TargetFramework = net5.0-windows10.0.17763.0
                           DefaultRuntimeFrameworkVersion = 10.0.17763.56
                           TargetingPackName = Microsoft.Windows.SDK.NET.Ref
                           IsWindowsOnly = true
                           LatestRuntimeFrameworkVersion = 10.0.17763.56
                           RuntimePackRuntimeIdentifiers = any
                           RuntimePackNamePatterns = Microsoft.Windows.SDK.NET.Ref
                           TargetingPackVersion = 10.0.17763.56
                           RuntimeFrameworkName = Microsoft.Windows.SDK.NET.Ref
                       Microsoft.Windows.SDK.NET.Ref
                           RuntimePackAlwaysCopyLocal = true
                           TargetFramework = net6.0-windows10.0.17763.0
                           DefaultRuntimeFrameworkVersion = 10.0.17763.56
                           TargetingPackName = Microsoft.Windows.SDK.NET.Ref
                           IsWindowsOnly = true
                           LatestRuntimeFrameworkVersion = 10.0.17763.56
                           RuntimePackRuntimeIdentifiers = any
                           RuntimePackNamePatterns = Microsoft.Windows.SDK.NET.Ref
                           TargetingPackVersion = 10.0.17763.56
                           RuntimeFrameworkName = Microsoft.Windows.SDK.NET.Ref
                       Microsoft.Windows.SDK.NET.Ref
                           RuntimePackAlwaysCopyLocal = true
                           TargetFramework = net8.0-windows10.0.18362.0
                           DefaultRuntimeFrameworkVersion = 10.0.18362.56
                           TargetingPackName = Microsoft.Windows.SDK.NET.Ref
                           IsWindowsOnly = true
                           LatestRuntimeFrameworkVersion = 10.0.18362.56
                           RuntimePackRuntimeIdentifiers = any
                           RuntimePackNamePatterns = Microsoft.Windows.SDK.NET.Ref
                           TargetingPackVersion = 10.0.18362.56
                           RuntimeFrameworkName = Microsoft.Windows.SDK.NET.Ref
                       Microsoft.Windows.SDK.NET.Ref
                           RuntimePackAlwaysCopyLocal = true
                           TargetFramework = net7.0-windows10.0.19041.0
                           DefaultRuntimeFrameworkVersion = 10.0.19041.56
                           TargetingPackName = Microsoft.Windows.SDK.NET.Ref
                           IsWindowsOnly = true
                           LatestRuntimeFrameworkVersion = 10.0.19041.56
                           RuntimePackRuntimeIdentifiers = any
                           RuntimePackNamePatterns = Microsoft.Windows.SDK.NET.Ref
                           TargetingPackVersion = 10.0.19041.56
                           RuntimeFrameworkName = Microsoft.Windows.SDK.NET.Ref
                       Microsoft.Windows.SDK.NET.Ref
                           RuntimePackAlwaysCopyLocal = true
                           TargetFramework = net7.0-windows10.0.18362.0
                           DefaultRuntimeFrameworkVersion = 10.0.18362.56
                           TargetingPackName = Microsoft.Windows.SDK.NET.Ref
                           IsWindowsOnly = true
                           LatestRuntimeFrameworkVersion = 10.0.18362.56
                           RuntimePackRuntimeIdentifiers = any
                           RuntimePackNamePatterns = Microsoft.Windows.SDK.NET.Ref
                           TargetingPackVersion = 10.0.18362.56
                           RuntimeFrameworkName = Microsoft.Windows.SDK.NET.Ref
                       Microsoft.Windows.SDK.NET.Ref
                           RuntimePackAlwaysCopyLocal = true
                           TargetFramework = net7.0-windows10.0.17763.0
                           DefaultRuntimeFrameworkVersion = 10.0.17763.56
                           TargetingPackName = Microsoft.Windows.SDK.NET.Ref
                           IsWindowsOnly = true
                           LatestRuntimeFrameworkVersion = 10.0.17763.56
                           RuntimePackRuntimeIdentifiers = any
                           RuntimePackNamePatterns = Microsoft.Windows.SDK.NET.Ref
                           TargetingPackVersion = 10.0.17763.56
                           RuntimeFrameworkName = Microsoft.Windows.SDK.NET.Ref
                       Microsoft.Windows.SDK.NET.Ref
                           RuntimePackAlwaysCopyLocal = true
                           TargetFramework = net8.0-windows10.0.17763.0
                           DefaultRuntimeFrameworkVersion = 10.0.17763.56
                           TargetingPackName = Microsoft.Windows.SDK.NET.Ref
                           IsWindowsOnly = true
                           LatestRuntimeFrameworkVersion = 10.0.17763.56
                           RuntimePackRuntimeIdentifiers = any
                           RuntimePackNamePatterns = Microsoft.Windows.SDK.NET.Ref
                           TargetingPackVersion = 10.0.17763.56
                           RuntimeFrameworkName = Microsoft.Windows.SDK.NET.Ref
                       Microsoft.Windows.SDK.NET.Ref
                           RuntimePackAlwaysCopyLocal = true
                           TargetFramework = net8.0-windows10.0.19041.0
                           DefaultRuntimeFrameworkVersion = 10.0.19041.56
                           TargetingPackName = Microsoft.Windows.SDK.NET.Ref
                           IsWindowsOnly = true
                           LatestRuntimeFrameworkVersion = 10.0.19041.56
                           RuntimePackRuntimeIdentifiers = any
                           RuntimePackNamePatterns = Microsoft.Windows.SDK.NET.Ref
                           TargetingPackVersion = 10.0.19041.56
                           RuntimeFrameworkName = Microsoft.Windows.SDK.NET.Ref
                       Microsoft.WindowsDesktop.App
                           TargetFramework = netcoreapp3.0
                           DefaultRuntimeFrameworkVersion = 3.0.0
                           TargetingPackName = Microsoft.WindowsDesktop.App.Ref
                           IsWindowsOnly = true
                           LatestRuntimeFrameworkVersion = 3.0.3
                           RuntimePackRuntimeIdentifiers = win-x64;win-x86
                           RuntimePackNamePatterns = Microsoft.WindowsDesktop.App.Runtime.**RID**
                           TargetingPackVersion = 3.0.0
                           RuntimeFrameworkName = Microsoft.WindowsDesktop.App
                       Microsoft.WindowsDesktop.App
                           TargetFramework = netcoreapp3.1
                           DefaultRuntimeFrameworkVersion = 3.1.0
                           TargetingPackName = Microsoft.WindowsDesktop.App.Ref
                           IsWindowsOnly = true
                           LatestRuntimeFrameworkVersion = 3.1.32
                           RuntimePackRuntimeIdentifiers = win-x64;win-x86
                           RuntimePackNamePatterns = Microsoft.WindowsDesktop.App.Runtime.**RID**
                           TargetingPackVersion = 3.1.0
                           RuntimeFrameworkName = Microsoft.WindowsDesktop.App
                       Microsoft.WindowsDesktop.App
                           TargetFramework = net6.0
                           DefaultRuntimeFrameworkVersion = 6.0.0
                           TargetingPackName = Microsoft.WindowsDesktop.App.Ref
                           IsWindowsOnly = true
                           LatestRuntimeFrameworkVersion = 6.0.36
                           RuntimePackRuntimeIdentifiers = win-x64;win-x86;win-arm64
                           RuntimePackNamePatterns = Microsoft.WindowsDesktop.App.Runtime.**RID**
                           TargetingPackVersion = 6.0.36
                           RuntimeFrameworkName = Microsoft.WindowsDesktop.App
                       Microsoft.WindowsDesktop.App
                           TargetFramework = net7.0
                           DefaultRuntimeFrameworkVersion = 7.0.0
                           TargetingPackName = Microsoft.WindowsDesktop.App.Ref
                           IsWindowsOnly = true
                           LatestRuntimeFrameworkVersion = 7.0.20
                           RuntimePackRuntimeIdentifiers = win-x64;win-x86;win-arm64
                           RuntimePackNamePatterns = Microsoft.WindowsDesktop.App.Runtime.**RID**
                           TargetingPackVersion = 7.0.20
                           RuntimeFrameworkName = Microsoft.WindowsDesktop.App
                       Microsoft.WindowsDesktop.App
                           TargetFramework = net8.0
                           DefaultRuntimeFrameworkVersion = 8.0.0
                           TargetingPackName = Microsoft.WindowsDesktop.App.Ref
                           IsWindowsOnly = true
                           LatestRuntimeFrameworkVersion = 8.0.21
                           RuntimePackRuntimeIdentifiers = win-x64;win-x86;win-arm64
                           RuntimePackNamePatterns = Microsoft.WindowsDesktop.App.Runtime.**RID**
                           TargetingPackVersion = 8.0.21
                           RuntimeFrameworkName = Microsoft.WindowsDesktop.App
                       Microsoft.WindowsDesktop.App
                           TargetFramework = net5.0
                           DefaultRuntimeFrameworkVersion = 5.0.0
                           TargetingPackName = Microsoft.WindowsDesktop.App.Ref
                           IsWindowsOnly = true
                           LatestRuntimeFrameworkVersion = 5.0.17
                           RuntimePackRuntimeIdentifiers = win-x64;win-x86;win-arm64
                           RuntimePackNamePatterns = Microsoft.WindowsDesktop.App.Runtime.**RID**
                           TargetingPackVersion = 5.0.0
                           RuntimeFrameworkName = Microsoft.WindowsDesktop.App
                       Microsoft.WindowsDesktop.App.WindowsForms
                           TargetFramework = netcoreapp3.0
                           DefaultRuntimeFrameworkVersion = 3.0.0
                           TargetingPackName = Microsoft.WindowsDesktop.App.Ref
                           IsWindowsOnly = true
                           LatestRuntimeFrameworkVersion = 3.0.3
                           RuntimePackRuntimeIdentifiers = win-x64;win-x86
                           RuntimePackNamePatterns = Microsoft.WindowsDesktop.App.Runtime.**RID**
                           TargetingPackVersion = 3.0.0
                           Profile = WindowsForms
                           RuntimeFrameworkName = Microsoft.WindowsDesktop.App
                       Microsoft.WindowsDesktop.App.WindowsForms
                           TargetFramework = net8.0
                           DefaultRuntimeFrameworkVersion = 8.0.0
                           TargetingPackName = Microsoft.WindowsDesktop.App.Ref
                           IsWindowsOnly = true
                           LatestRuntimeFrameworkVersion = 8.0.21
                           RuntimePackRuntimeIdentifiers = win-x64;win-x86;win-arm64
                           RuntimePackNamePatterns = Microsoft.WindowsDesktop.App.Runtime.**RID**
                           TargetingPackVersion = 8.0.21
                           Profile = WindowsForms
                           RuntimeFrameworkName = Microsoft.WindowsDesktop.App
                       Microsoft.WindowsDesktop.App.WindowsForms
                           TargetFramework = net7.0
                           DefaultRuntimeFrameworkVersion = 7.0.0
                           TargetingPackName = Microsoft.WindowsDesktop.App.Ref
                           IsWindowsOnly = true
                           LatestRuntimeFrameworkVersion = 7.0.20
                           RuntimePackRuntimeIdentifiers = win-x64;win-x86;win-arm64
                           RuntimePackNamePatterns = Microsoft.WindowsDesktop.App.Runtime.**RID**
                           TargetingPackVersion = 7.0.20
                           Profile = WindowsForms
                           RuntimeFrameworkName = Microsoft.WindowsDesktop.App
                       Microsoft.WindowsDesktop.App.WindowsForms
                           TargetFramework = net6.0
                           DefaultRuntimeFrameworkVersion = 6.0.0
                           TargetingPackName = Microsoft.WindowsDesktop.App.Ref
                           IsWindowsOnly = true
                           LatestRuntimeFrameworkVersion = 6.0.36
                           RuntimePackRuntimeIdentifiers = win-x64;win-x86;win-arm64
                           RuntimePackNamePatterns = Microsoft.WindowsDesktop.App.Runtime.**RID**
                           TargetingPackVersion = 6.0.36
                           Profile = WindowsForms
                           RuntimeFrameworkName = Microsoft.WindowsDesktop.App
                       Microsoft.WindowsDesktop.App.WindowsForms
                           TargetFramework = netcoreapp3.1
                           DefaultRuntimeFrameworkVersion = 3.1.0
                           TargetingPackName = Microsoft.WindowsDesktop.App.Ref
                           IsWindowsOnly = true
                           LatestRuntimeFrameworkVersion = 3.1.32
                           RuntimePackRuntimeIdentifiers = win-x64;win-x86
                           RuntimePackNamePatterns = Microsoft.WindowsDesktop.App.Runtime.**RID**
                           TargetingPackVersion = 3.1.0
                           Profile = WindowsForms
                           RuntimeFrameworkName = Microsoft.WindowsDesktop.App
                       Microsoft.WindowsDesktop.App.WindowsForms
                           TargetFramework = net5.0
                           DefaultRuntimeFrameworkVersion = 5.0.0
                           TargetingPackName = Microsoft.WindowsDesktop.App.Ref
                           IsWindowsOnly = true
                           LatestRuntimeFrameworkVersion = 5.0.17
                           RuntimePackRuntimeIdentifiers = win-x64;win-x86;win-arm64
                           RuntimePackNamePatterns = Microsoft.WindowsDesktop.App.Runtime.**RID**
                           TargetingPackVersion = 5.0.0
                           Profile = WindowsForms
                           RuntimeFrameworkName = Microsoft.WindowsDesktop.App
                       Microsoft.WindowsDesktop.App.WPF
                           TargetFramework = netcoreapp3.0
                           DefaultRuntimeFrameworkVersion = 3.0.0
                           TargetingPackName = Microsoft.WindowsDesktop.App.Ref
                           IsWindowsOnly = true
                           LatestRuntimeFrameworkVersion = 3.0.3
                           RuntimePackRuntimeIdentifiers = win-x64;win-x86
                           RuntimePackNamePatterns = Microsoft.WindowsDesktop.App.Runtime.**RID**
                           TargetingPackVersion = 3.0.0
                           Profile = WPF
                           RuntimeFrameworkName = Microsoft.WindowsDesktop.App
                       Microsoft.WindowsDesktop.App.WPF
                           TargetFramework = net6.0
                           DefaultRuntimeFrameworkVersion = 6.0.0
                           TargetingPackName = Microsoft.WindowsDesktop.App.Ref
                           IsWindowsOnly = true
                           LatestRuntimeFrameworkVersion = 6.0.36
                           RuntimePackRuntimeIdentifiers = win-x64;win-x86;win-arm64
                           RuntimePackNamePatterns = Microsoft.WindowsDesktop.App.Runtime.**RID**
                           TargetingPackVersion = 6.0.36
                           Profile = WPF
                           RuntimeFrameworkName = Microsoft.WindowsDesktop.App
                       Microsoft.WindowsDesktop.App.WPF
                           TargetFramework = netcoreapp3.1
                           DefaultRuntimeFrameworkVersion = 3.1.0
                           TargetingPackName = Microsoft.WindowsDesktop.App.Ref
                           IsWindowsOnly = true
                           LatestRuntimeFrameworkVersion = 3.1.32
                           RuntimePackRuntimeIdentifiers = win-x64;win-x86
                           RuntimePackNamePatterns = Microsoft.WindowsDesktop.App.Runtime.**RID**
                           TargetingPackVersion = 3.1.0
                           Profile = WPF
                           RuntimeFrameworkName = Microsoft.WindowsDesktop.App
                       Microsoft.WindowsDesktop.App.WPF
                           TargetFramework = net5.0
                           DefaultRuntimeFrameworkVersion = 5.0.0
                           TargetingPackName = Microsoft.WindowsDesktop.App.Ref
                           IsWindowsOnly = true
                           LatestRuntimeFrameworkVersion = 5.0.17
                           RuntimePackRuntimeIdentifiers = win-x64;win-x86;win-arm64
                           RuntimePackNamePatterns = Microsoft.WindowsDesktop.App.Runtime.**RID**
                           TargetingPackVersion = 5.0.0
                           Profile = WPF
                           RuntimeFrameworkName = Microsoft.WindowsDesktop.App
                       Microsoft.WindowsDesktop.App.WPF
                           TargetFramework = net7.0
                           DefaultRuntimeFrameworkVersion = 7.0.0
                           TargetingPackName = Microsoft.WindowsDesktop.App.Ref
                           IsWindowsOnly = true
                           LatestRuntimeFrameworkVersion = 7.0.20
                           RuntimePackRuntimeIdentifiers = win-x64;win-x86;win-arm64
                           RuntimePackNamePatterns = Microsoft.WindowsDesktop.App.Runtime.**RID**
                           TargetingPackVersion = 7.0.20
                           Profile = WPF
                           RuntimeFrameworkName = Microsoft.WindowsDesktop.App
                       Microsoft.WindowsDesktop.App.WPF
                           TargetFramework = net8.0
                           DefaultRuntimeFrameworkVersion = 8.0.0
                           TargetingPackName = Microsoft.WindowsDesktop.App.Ref
                           IsWindowsOnly = true
                           LatestRuntimeFrameworkVersion = 8.0.21
                           RuntimePackRuntimeIdentifiers = win-x64;win-x86;win-arm64
                           RuntimePackNamePatterns = Microsoft.WindowsDesktop.App.Runtime.**RID**
                           TargetingPackVersion = 8.0.21
                           Profile = WPF
                           RuntimeFrameworkName = Microsoft.WindowsDesktop.App
                       NETStandard.Library
                           TargetFramework = netstandard2.1
                           TargetingPackName = NETStandard.Library.Ref
                           TargetingPackVersion = 2.1.0
                   KnownILCompilerPack
                       Microsoft.DotNet.ILCompiler
                           ILCompilerPackNamePattern = runtime.**RID**.Microsoft.DotNet.ILCompiler
                           TargetFramework = net8.0
                           ILCompilerPackVersion = 8.0.21
                           ILCompilerRuntimeIdentifiers = linux-arm64;linux-musl-arm64;linux-musl-x64;linux-x64;win-arm64;win-x64;osx-x64;osx-arm64
                       Microsoft.DotNet.ILCompiler
                           ILCompilerPackNamePattern = runtime.**RID**.Microsoft.DotNet.ILCompiler
                           TargetFramework = net7.0
                           ILCompilerPackVersion = 7.0.20
                           ILCompilerRuntimeIdentifiers = linux-arm64;linux-musl-arm64;linux-musl-x64;linux-x64;win-arm64;win-x64
                   KnownILLinkPack
                       Microsoft.NET.ILLink.Tasks
                           TargetFramework = net8.0
                           ILLinkPackVersion = 8.0.21
                       Microsoft.NET.ILLink.Tasks
                           TargetFramework = net7.0
                           ILLinkPackVersion = 7.0.100-1.23211.1
                       Microsoft.NET.ILLink.Tasks
                           TargetFramework = net6.0
                           ILLinkPackVersion = 7.0.100-1.23211.1
                       Microsoft.NET.ILLink.Tasks
                           TargetFramework = net5.0
                           ILLinkPackVersion = 7.0.100-1.23211.1
                       Microsoft.NET.ILLink.Tasks
                           TargetFramework = netcoreapp3.1
                           ILLinkPackVersion = 7.0.100-1.23211.1
                       Microsoft.NET.ILLink.Tasks
                           TargetFramework = netcoreapp3.0
                           ILLinkPackVersion = 7.0.100-1.23211.1
                   KnownRuntimePack
                       Microsoft.NETCore.App
                           TargetFramework = net8.0
                           LatestRuntimeFrameworkVersion = 8.0.21
                           RuntimePackRuntimeIdentifiers = ios-arm64;iossimulator-arm64;iossimulator-x64;tvos-arm64;tvossimulator-arm64;tvossimulator-x64;maccatalyst-arm64;maccatalyst-x64;linux-bionic-arm64;linux-bionic-x64;osx-arm64;osx-x64
                           RuntimePackNamePatterns = Microsoft.NETCore.App.Runtime.NativeAOT.**RID**
                           RuntimePackLabels = NativeAOT
                           RuntimeFrameworkName = Microsoft.NETCore.App
                       Microsoft.NETCore.App
                           TargetFramework = net8.0
                           LatestRuntimeFrameworkVersion = 8.0.21
                           RuntimePackRuntimeIdentifiers = linux-arm;linux-arm64;linux-musl-arm64;linux-musl-x64;linux-x64;osx-x64;rhel.6-x64;win-arm64;win-x64;win-x86;linux-musl-arm;osx-arm64;linux-s390x;browser-wasm;ios-arm64;ios-arm;iossimulator-arm64;iossimulator-x64;iossimulator-x86;tvos-arm64;tvossimulator-arm64;tvossimulator-x64;maccatalyst-x64;maccatalyst-arm64;android-arm64;android-arm;android-x64;android-x86
                           RuntimePackNamePatterns = Microsoft.NETCore.App.Runtime.Mono.**RID**
                           RuntimePackLabels = Mono
                           RuntimeFrameworkName = Microsoft.NETCore.App
                       Microsoft.NETCore.App
                           TargetFramework = net7.0
                           LatestRuntimeFrameworkVersion = 7.0.20
                           RuntimePackRuntimeIdentifiers = linux-arm;linux-arm64;linux-musl-arm64;linux-musl-x64;linux-x64;osx-x64;rhel.6-x64;win-arm;win-arm64;win-x64;win-x86;linux-musl-arm;osx-arm64;linux-s390x;browser-wasm;ios-arm64;ios-arm;iossimulator-arm64;iossimulator-x64;iossimulator-x86;tvos-arm64;tvossimulator-arm64;tvossimulator-x64;maccatalyst-x64;maccatalyst-arm64;android-arm64;android-arm;android-x64;android-x86
                           RuntimePackNamePatterns = Microsoft.NETCore.App.Runtime.Mono.**RID**
                           RuntimePackLabels = Mono
                           RuntimeFrameworkName = Microsoft.NETCore.App
                       Microsoft.NETCore.App
                           TargetFramework = net6.0
                           LatestRuntimeFrameworkVersion = 6.0.36
                           RuntimePackRuntimeIdentifiers = linux-arm;linux-arm64;linux-musl-arm64;linux-musl-x64;linux-x64;osx-x64;rhel.6-x64;win-arm;win-arm64;win-x64;win-x86;linux-musl-arm;osx-arm64;linux-s390x;browser-wasm;ios-arm64;ios-arm;iossimulator-arm64;iossimulator-x64;iossimulator-x86;tvos-arm64;tvossimulator-arm64;tvossimulator-x64;maccatalyst-x64;maccatalyst-arm64;android-arm64;android-arm;android-x64;android-x86
                           RuntimePackNamePatterns = Microsoft.NETCore.App.Runtime.Mono.**RID**
                           RuntimePackLabels = Mono
                           RuntimeFrameworkName = Microsoft.NETCore.App
                   KnownWebAssemblySdkPack
                       Microsoft.NET.Sdk.WebAssembly.Pack
                           TargetFramework = net8.0
                           WebAssemblySdkPackVersion = 8.0.21
                       Microsoft.NET.Sdk.WebAssembly.Pack
                           TargetFramework = net7.0
                           WebAssemblySdkPackVersion = 8.0.21
                       Microsoft.NET.Sdk.WebAssembly.Pack
                           TargetFramework = net6.0
                           WebAssemblySdkPackVersion = 8.0.21
                   PackageConflictOverrides
                       NETStandard.Library
                           OverriddenPackages = 
                           Microsoft.Win32.Primitives|4.3.0;
                           System.AppContext|4.3.0;
                           System.Collections|4.3.0;
                           System.Collections.Concurrent|4.3.0;
                           System.Collections.Immutable|1.4.0;
                           System.Collections.NonGeneric|4.3.0;
                           System.Collections.Specialized|4.3.0;
                           System.ComponentModel|4.3.0;
                           System.ComponentModel.EventBasedAsync|4.3.0;
                           System.ComponentModel.Primitives|4.3.0;
                           System.ComponentModel.TypeConverter|4.3.0;
                           System.Console|4.3.0;
                           System.Data.Common|4.3.0;
                           System.Diagnostics.Contracts|4.3.0;
                           System.Diagnostics.Debug|4.3.0;
                           System.Diagnostics.FileVersionInfo|4.3.0;
                           System.Diagnostics.Process|4.3.0;
                           System.Diagnostics.StackTrace|4.3.0;
                           System.Diagnostics.TextWriterTraceListener|4.3.0;
                           System.Diagnostics.Tools|4.3.0;
                           System.Diagnostics.TraceSource|4.3.0;
                           System.Diagnostics.Tracing|4.3.0;
                           System.Dynamic.Runtime|4.3.0;
                           System.Globalization|4.3.0;
                           System.Globalization.Calendars|4.3.0;
                           System.Globalization.Extensions|4.3.0;
                           System.IO|4.3.0;
                           System.IO.Compression|4.3.0;
                           System.IO.Compression.ZipFile|4.3.0;
                           System.IO.FileSystem|4.3.0;
                           System.IO.FileSystem.DriveInfo|4.3.0;
                           System.IO.FileSystem.Primitives|4.3.0;
                           System.IO.FileSystem.Watcher|4.3.0;
                           System.IO.IsolatedStorage|4.3.0;
                           System.IO.MemoryMappedFiles|4.3.0;
                           System.IO.Pipes|4.3.0;
                           System.IO.UnmanagedMemoryStream|4.3.0;
                           System.Linq|4.3.0;
                           System.Linq.Expressions|4.3.0;
                           System.Linq.Queryable|4.3.0;
                           System.Net.Http|4.3.0;
                           System.Net.NameResolution|4.3.0;
                           System.Net.Primitives|4.3.0;
                           System.Net.Requests|4.3.0;
                           System.Net.Security|4.3.0;
                           System.Net.Sockets|4.3.0;
                           System.Net.WebHeaderCollection|4.3.0;
                           System.ObjectModel|4.3.0;
                           System.Private.DataContractSerialization|4.3.0;
                           System.Reflection|4.3.0;
                           System.Reflection.Emit|4.3.0;
                           System.Reflection.Emit.ILGeneration|4.3.0;
                           System.Reflection.Emit.Lightweight|4.3.0;
                           System.Reflection.Extensions|4.3.0;
                           System.Reflection.Primitives|4.3.0;
                           System.Reflection.TypeExtensions|4.3.0;
                           System.Resources.ResourceManager|4.3.0;
                           System.Runtime|4.3.0;
                           System.Runtime.Extensions|4.3.0;
                           System.Runtime.Handles|4.3.0;
                           System.Runtime.InteropServices|4.3.0;
                           System.Runtime.InteropServices.RuntimeInformation|4.3.0;
                           System.Runtime.Loader|4.3.0;
                           System.Runtime.Numerics|4.3.0;
                           System.Runtime.Serialization.Formatters|4.3.0;
                           System.Runtime.Serialization.Json|4.3.0;
                           System.Runtime.Serialization.Primitives|4.3.0;
                           System.Security.AccessControl|4.4.0;
                           System.Security.Claims|4.3.0;
                           System.Security.Cryptography.Algorithms|4.3.0;
                           System.Security.Cryptography.Csp|4.3.0;
                           System.Security.Cryptography.Encoding|4.3.0;
                           System.Security.Cryptography.Primitives|4.3.0;
                           System.Security.Cryptography.X509Certificates|4.3.0;
                           System.Security.Cryptography.Xml|4.4.0;
                           System.Security.Principal|4.3.0;
                           System.Security.Principal.Windows|4.4.0;
                           System.Text.Encoding|4.3.0;
                           System.Text.Encoding.Extensions|4.3.0;
                           System.Text.RegularExpressions|4.3.0;
                           System.Threading|4.3.0;
                           System.Threading.Overlapped|4.3.0;
                           System.Threading.Tasks|4.3.0;
                           System.Threading.Tasks.Extensions|4.3.0;
                           System.Threading.Tasks.Parallel|4.3.0;
                           System.Threading.Thread|4.3.0;
                           System.Threading.ThreadPool|4.3.0;
                           System.Threading.Timer|4.3.0;
                           System.ValueTuple|4.3.0;
                           System.Xml.ReaderWriter|4.3.0;
                           System.Xml.XDocument|4.3.0;
                           System.Xml.XmlDocument|4.3.0;
                           System.Xml.XmlSerializer|4.3.0;
                           System.Xml.XPath|4.3.0;
                           System.Xml.XPath.XDocument|4.3.0;
                         
                   PackageReference
                       Microsoft.Extensions.DependencyInjection
                           Version = 8.0.0
                   PotentialEditorConfigFiles
                       /.editorconfig
                       /home/.editorconfig
                       /home/home/.editorconfig
                       /home/home/Desktop/.editorconfig
                       /home/home/Desktop/codex-test/.editorconfig
                       /home/home/Desktop/codex-test/src/.editorconfig
                       /home/home/Desktop/codex-test/src/SampleOnionApp.Application/.editorconfig
                       /home/home/Desktop/codex-test/src/SampleOnionApp.Application/Abstractions/.editorconfig
                       /home/home/Desktop/codex-test/src/SampleOnionApp.Application/Abstractions/Repositories/.editorconfig
                       /home/home/Desktop/codex-test/src/SampleOnionApp.Application/Abstractions/Services/.editorconfig
                       /home/home/Desktop/codex-test/src/SampleOnionApp.Application/Extensions/.editorconfig
                       /home/home/Desktop/codex-test/src/SampleOnionApp.Application/Models/.editorconfig
                       /home/home/Desktop/codex-test/src/SampleOnionApp.Application/Services/.editorconfig
                   PreprocessorValue
                       assemblyname
                           Value = SampleOnionApp.Application
                       filename
                           Value = SampleOnionApp.Application.csproj
                       fullpath
                           Value = /home/home/Desktop/codex-test/src/SampleOnionApp.Application
                       outputfilename
                           Value = SampleOnionApp.Application.dll
                       rootnamespace
                           Value = SampleOnionApp.Application
                   ProjectCapability
                       AllTargetOutputGroups
                       AssemblyReferences
                       COMReferences
                       CSharp
                       DeclaredSourceItems
                       GenerateDocumentationFile
                       LanguageService
                       Managed
                       NativeAOT
                       OutputGroups
                       Pack
                       ProjectReferences
                       ReferencesFolder
                       RelativePathDerivedDefaultNamespace
                       SharedProjectReferences
                       SingleFileGenerators
                       SupportsHotReload
                       UserSourceItems
                       VisualStudioWellKnownOutputGroups
                   ProjectReference
                       ../SampleOnionApp.Domain/SampleOnionApp.Domain.csproj
                           ReferenceSourceTarget = ProjectReference
                           OutputItemType = 
                           Targets = 
                   PropertyPageSchema
                       /usr/lib/dotnet/sdk/8.0.121//assemblyreference.xaml
                           Context = ;BrowseObject
                       /usr/lib/dotnet/sdk/8.0.121//COMReference.xaml
                           Context = ;BrowseObject
                       /usr/lib/dotnet/sdk/8.0.121//Content.xaml
                           Context = File;BrowseObject
                       /usr/lib/dotnet/sdk/8.0.121//CSharp.BrowseObject.xaml
                           Context = BrowseObject
                       /usr/lib/dotnet/sdk/8.0.121//CSharp.ProjectItemsSchema.xaml
                       /usr/lib/dotnet/sdk/8.0.121//CSharp.xaml
                           Context = File
                       /usr/lib/dotnet/sdk/8.0.121//Debugger_General.xaml
                           Context = Project
                       /usr/lib/dotnet/sdk/8.0.121//EmbeddedResource.xaml
                           Context = File;BrowseObject
                       /usr/lib/dotnet/sdk/8.0.121//Folder.xaml
                           Context = File;BrowseObject
                       /usr/lib/dotnet/sdk/8.0.121//General_File.xaml
                           Context = File
                       /usr/lib/dotnet/sdk/8.0.121//General.BrowseObject.xaml
                           Context = BrowseObject
                       /usr/lib/dotnet/sdk/8.0.121//General.xaml
                           Context = Project
                       /usr/lib/dotnet/sdk/8.0.121//None.xaml
                           Context = File;BrowseObject
                       /usr/lib/dotnet/sdk/8.0.121//ProjectItemsSchema.xaml
                       /usr/lib/dotnet/sdk/8.0.121//ProjectReference.xaml
                           Context = ;BrowseObject
                       /usr/lib/dotnet/sdk/8.0.121//ResolvedAssemblyReference.xaml
                           Context = ProjectSubscriptionService;BrowseObject
                       /usr/lib/dotnet/sdk/8.0.121//ResolvedCOMReference.xaml
                           Context = ProjectSubscriptionService;BrowseObject
                       /usr/lib/dotnet/sdk/8.0.121//ResolvedProjectReference.xaml
                           Context = ProjectSubscriptionService;BrowseObject
                       /usr/lib/dotnet/sdk/8.0.121//SCC.xaml
                           Context = Invisible
                       /usr/lib/dotnet/sdk/8.0.121//SpecialFolder.xaml
                           Context = File;ProjectSubscriptionService
                   RegFreeComManifest
                       obj/Debug/net8.0/SampleOnionApp.Application.X.manifest
                   RuntimeHostConfigurationOption
                       System.Runtime.Serialization.EnableUnsafeBinaryFormatterSerialization
                           Value = false
                           Trim = true
                   SdkSupportedTargetPlatformIdentifier
                       windows
                           DisplayName = Windows
                   SourceLinkAzureReposGitHost
                       dev.azure.com
                       visualstudio.com
                       vsts.me
                   SourceLinkBitbucketGitHost
                       bitbucket.org
                           EnterpriseEdition = false
                   SourceLinkGitHubHost
                       github.com
                           ContentUrl = https://raw.githubusercontent.com
                   SourceLinkGitLabHost
                       gitlab.com
                   SourceRoot
                       /home/home/.nuget/packages/
                   SupportedNETCoreAppTargetFramework
                       .NETCoreApp,Version=v1.0
                           DisplayName = .NET Core 1.0
                           Alias = netcoreapp1.0
                       .NETCoreApp,Version=v1.1
                           DisplayName = .NET Core 1.1
                           Alias = netcoreapp1.1
                       .NETCoreApp,Version=v2.0
                           DisplayName = .NET Core 2.0
                           Alias = netcoreapp2.0
                       .NETCoreApp,Version=v2.1
                           DisplayName = .NET Core 2.1
                           Alias = netcoreapp2.1
                       .NETCoreApp,Version=v2.2
                           DisplayName = .NET Core 2.2
                           Alias = netcoreapp2.2
                       .NETCoreApp,Version=v3.0
                           DisplayName = .NET Core 3.0
                           Alias = netcoreapp3.0
                       .NETCoreApp,Version=v3.1
                           DisplayName = .NET Core 3.1
                           Alias = netcoreapp3.1
                       .NETCoreApp,Version=v5.0
                           DisplayName = .NET 5.0
                           Alias = net5.0
                       .NETCoreApp,Version=v6.0
                           DisplayName = .NET 6.0
                           Alias = net6.0
                       .NETCoreApp,Version=v7.0
                           DisplayName = .NET 7.0
                           Alias = net7.0
                       .NETCoreApp,Version=v8.0
                           DisplayName = .NET 8.0
                           Alias = net8.0
                   SupportedNETFrameworkTargetFramework
                       .NETFramework,Version=v2.0
                           DisplayName = .NET Framework 2.0
                           Alias = net20
                       .NETFramework,Version=v3.0
                           DisplayName = .NET Framework 3.0
                           Alias = net30
                       .NETFramework,Version=v3.5
                           DisplayName = .NET Framework 3.5
                           Alias = net35
                       .NETFramework,Version=v4.0
                           DisplayName = .NET Framework 4.0
                           Alias = net40
                       .NETFramework,Version=v4.5
                           DisplayName = .NET Framework 4.5
                           Alias = net45
                       .NETFramework,Version=v4.5.1
                           DisplayName = .NET Framework 4.5.1
                           Alias = net451
                       .NETFramework,Version=v4.5.2
                           DisplayName = .NET Framework 4.5.2
                           Alias = net452
                       .NETFramework,Version=v4.6
                           DisplayName = .NET Framework 4.6
                           Alias = net46
                       .NETFramework,Version=v4.6.1
                           DisplayName = .NET Framework 4.6.1
                           Alias = net461
                       .NETFramework,Version=v4.6.2
                           DisplayName = .NET Framework 4.6.2
                           Alias = net462
                       .NETFramework,Version=v4.7
                           DisplayName = .NET Framework 4.7
                           Alias = net47
                       .NETFramework,Version=v4.7.1
                           DisplayName = .NET Framework 4.7.1
                           Alias = net471
                       .NETFramework,Version=v4.7.2
                           DisplayName = .NET Framework 4.7.2
                           Alias = net472
                       .NETFramework,Version=v4.8
                           DisplayName = .NET Framework 4.8
                           Alias = net48
                       .NETFramework,Version=v4.8.1
                           DisplayName = .NET Framework 4.8.1
                           Alias = net481
                   SupportedNETStandardTargetFramework
                       .NETStandard,Version=v1.0
                           DisplayName = .NET Standard 1.0
                           Alias = netstandard1.0
                       .NETStandard,Version=v1.1
                           DisplayName = .NET Standard 1.1
                           Alias = netstandard1.1
                       .NETStandard,Version=v1.2
                           DisplayName = .NET Standard 1.2
                           Alias = netstandard1.2
                       .NETStandard,Version=v1.3
                           DisplayName = .NET Standard 1.3
                           Alias = netstandard1.3
                       .NETStandard,Version=v1.4
                           DisplayName = .NET Standard 1.4
                           Alias = netstandard1.4
                       .NETStandard,Version=v1.5
                           DisplayName = .NET Standard 1.5
                           Alias = netstandard1.5
                       .NETStandard,Version=v1.6
                           DisplayName = .NET Standard 1.6
                           Alias = netstandard1.6
                       .NETStandard,Version=v2.0
                           DisplayName = .NET Standard 2.0
                           Alias = netstandard2.0
                       .NETStandard,Version=v2.1
                           DisplayName = .NET Standard 2.1
                           Alias = netstandard2.1
                   SupportedPlatform
                       Linux
                       macOS
                       Windows
                   SupportedTargetFramework
                       .NETCoreApp,Version=v1.0
                           DisplayName = .NET Core 1.0
                           Alias = netcoreapp1.0
                       .NETCoreApp,Version=v1.1
                           DisplayName = .NET Core 1.1
                           Alias = netcoreapp1.1
                       .NETCoreApp,Version=v2.0
                           DisplayName = .NET Core 2.0
                           Alias = netcoreapp2.0
                       .NETCoreApp,Version=v2.1
                           DisplayName = .NET Core 2.1
                           Alias = netcoreapp2.1
                       .NETCoreApp,Version=v2.2
                           DisplayName = .NET Core 2.2
                           Alias = netcoreapp2.2
                       .NETCoreApp,Version=v3.0
                           DisplayName = .NET Core 3.0
                           Alias = netcoreapp3.0
                       .NETCoreApp,Version=v3.1
                           DisplayName = .NET Core 3.1
                           Alias = netcoreapp3.1
                       .NETCoreApp,Version=v5.0
                           DisplayName = .NET 5.0
                           Alias = net5.0
                       .NETCoreApp,Version=v6.0
                           DisplayName = .NET 6.0
                           Alias = net6.0
                       .NETCoreApp,Version=v7.0
                           DisplayName = .NET 7.0
                           Alias = net7.0
                       .NETCoreApp,Version=v8.0
                           DisplayName = .NET 8.0
                           Alias = net8.0
                       .NETFramework,Version=v2.0
                           DisplayName = .NET Framework 2.0
                           Alias = net20
                       .NETFramework,Version=v3.0
                           DisplayName = .NET Framework 3.0
                           Alias = net30
                       .NETFramework,Version=v3.5
                           DisplayName = .NET Framework 3.5
                           Alias = net35
                       .NETFramework,Version=v4.0
                           DisplayName = .NET Framework 4.0
                           Alias = net40
                       .NETFramework,Version=v4.5
                           DisplayName = .NET Framework 4.5
                           Alias = net45
                       .NETFramework,Version=v4.5.1
                           DisplayName = .NET Framework 4.5.1
                           Alias = net451
                       .NETFramework,Version=v4.5.2
                           DisplayName = .NET Framework 4.5.2
                           Alias = net452
                       .NETFramework,Version=v4.6
                           DisplayName = .NET Framework 4.6
                           Alias = net46
                       .NETFramework,Version=v4.6.1
                           DisplayName = .NET Framework 4.6.1
                           Alias = net461
                       .NETFramework,Version=v4.6.2
                           DisplayName = .NET Framework 4.6.2
                           Alias = net462
                       .NETFramework,Version=v4.7
                           DisplayName = .NET Framework 4.7
                           Alias = net47
                       .NETFramework,Version=v4.7.1
                           DisplayName = .NET Framework 4.7.1
                           Alias = net471
                       .NETFramework,Version=v4.7.2
                           DisplayName = .NET Framework 4.7.2
                           Alias = net472
                       .NETFramework,Version=v4.8
                           DisplayName = .NET Framework 4.8
                           Alias = net48
                       .NETFramework,Version=v4.8.1
                           DisplayName = .NET Framework 4.8.1
                           Alias = net481
                       .NETStandard,Version=v1.0
                           DisplayName = .NET Standard 1.0
                           Alias = netstandard1.0
                       .NETStandard,Version=v1.1
                           DisplayName = .NET Standard 1.1
                           Alias = netstandard1.1
                       .NETStandard,Version=v1.2
                           DisplayName = .NET Standard 1.2
                           Alias = netstandard1.2
                       .NETStandard,Version=v1.3
                           DisplayName = .NET Standard 1.3
                           Alias = netstandard1.3
                       .NETStandard,Version=v1.4
                           DisplayName = .NET Standard 1.4
                           Alias = netstandard1.4
                       .NETStandard,Version=v1.5
                           DisplayName = .NET Standard 1.5
                           Alias = netstandard1.5
                       .NETStandard,Version=v1.6
                           DisplayName = .NET Standard 1.6
                           Alias = netstandard1.6
                       .NETStandard,Version=v2.0
                           DisplayName = .NET Standard 2.0
                           Alias = netstandard2.0
                       .NETStandard,Version=v2.1
                           DisplayName = .NET Standard 2.1
                           Alias = netstandard2.1
                   Using
                       System
                       System.Collections.Generic
                       System.IO
                       System.Linq
                       System.Net.Http
                       System.Threading
                       System.Threading.Tasks
                   WindowsSdkSupportedTargetPlatformVersion
                       10.0.17763.0
                           WindowsSdkPackageVersion = 10.0.17763.55
                           MinimumNETVersion = 6.0
                       10.0.17763.0
                           WindowsSdkPackageVersion = 10.0.17763.56
                           MinimumNETVersion = 8.0
                       10.0.17763.0
                           WindowsSdkPackageVersion = 10.0.17763.26
                           MinimumNETVersion = 5.0
                       10.0.18362.0
                           WindowsSdkPackageVersion = 10.0.18362.55
                           MinimumNETVersion = 6.0
                       10.0.18362.0
                           WindowsSdkPackageVersion = 10.0.18362.56
                           MinimumNETVersion = 8.0
                       10.0.18362.0
                           WindowsSdkPackageVersion = 10.0.18362.26
                           MinimumNETVersion = 5.0
                       10.0.19041.0
                           WindowsSdkPackageVersion = 10.0.19041.26
                           MinimumNETVersion = 5.0
                       10.0.19041.0
                           WindowsSdkPackageVersion = 10.0.19041.55
                           MinimumNETVersion = 6.0
                       10.0.19041.0
                           WindowsSdkPackageVersion = 10.0.19041.56
                           MinimumNETVersion = 8.0
                       10.0.20348.0
                           WindowsSdkPackageVersion = 10.0.20348.55
                           MinimumNETVersion = 6.0
                       10.0.20348.0
                           WindowsSdkPackageVersion = 10.0.20348.26
                           MinimumNETVersion = 5.0
                       10.0.20348.0
                           WindowsSdkPackageVersion = 10.0.20348.56
                           MinimumNETVersion = 8.0
                       10.0.22000.0
                           WindowsSdkPackageVersion = 10.0.22000.56
                           MinimumNETVersion = 8.0
                       10.0.22000.0
                           WindowsSdkPackageVersion = 10.0.22000.26
                           MinimumNETVersion = 5.0
                       10.0.22000.0
                           WindowsSdkPackageVersion = 10.0.22000.55
                           MinimumNETVersion = 6.0
                       10.0.22621.0
                           WindowsSdkPackageVersion = 10.0.22621.56
                           MinimumNETVersion = 8.0
                       10.0.22621.0
                           WindowsSdkPackageVersion = 10.0.22621.55
                           MinimumNETVersion = 6.0
                       10.0.26100.0
                           WindowsSdkPackageVersion = 10.0.26100.56
                           MinimumNETVersion = 8.0
                       10.0.26100.0
                           WindowsSdkPackageVersion = 10.0.26100.55
                           MinimumNETVersion = 6.0
                       7.0
                       8.0

20:21:26.303     1>Project "/home/home/Desktop/codex-test/src/SampleOnionApp.McpServer/SampleOnionApp.McpServer.csproj" (1) is building "/home/home/Desktop/codex-test/src/SampleOnionApp.Application/SampleOnionApp.Application.csproj" (2) on node 1 (GetTargetFrameworks target(s)).
20:21:26.524     2>Target "GetTargetFrameworksWithPlatformForSingleTargetFramework: (TargetId:46)" in file "/usr/lib/dotnet/sdk/8.0.121/Microsoft.Common.CurrentVersion.targets" from project "/home/home/Desktop/codex-test/src/SampleOnionApp.Application/SampleOnionApp.Application.csproj" (target "GetTargetFrameworks" depends on it):
20:21:26.524     2>Added Item(s): 
    _AdditionalTargetFrameworkInfoPropertyWithValue=
        SelfContained
                Value=
                   Added Item(s): 
                       _AdditionalTargetFrameworkInfoPropertyWithValue=
                           _IsExecutable
                                   Value=
                   Added Item(s): 
                       _AdditionalTargetFrameworkInfoPropertyWithValue=
                           IsRidAgnostic
                                   Value=true
                   Added Item(s): 
                       _AdditionalTargetFrameworkInfoPropertyWithValue=
                           ShouldBeValidatedAsExecutableReference
                                   Value=
                   Added Item(s): 
                       _AdditionalTargetFrameworkInfoPropertyWithValue=
                           _SelfContainedWasSpecified
                                   Value=
                   Using "CombineTargetFrameworkInfoProperties" task from assembly "Microsoft.Build.Tasks.Core, Version=15.1.0.0, Culture=neutral, PublicKeyToken=b03f5f7f11d50a3a".
                   Task "CombineTargetFrameworkInfoProperties" (TaskId:25)
                     Task Parameter:
                         PropertiesAndValues=
                             SelfContained
                                     Value=
                             _IsExecutable
                                     Value=
                             IsRidAgnostic
                                     Value=true
                             ShouldBeValidatedAsExecutableReference
                                     Value=
                             _SelfContainedWasSpecified
                                     Value= (TaskId:25)
                     Task Parameter:RootElementName=net8.0 (TaskId:25)
                     Task Parameter:UseAttributeForTargetFrameworkInfoPropertyNames=True (TaskId:25)
                     Output Property: _AdditionalTargetFrameworkInfoProperties=<TargetFramework Name="net8.0">
                       <SelfContained></SelfContained>
                       <_IsExecutable></_IsExecutable>
                       <IsRidAgnostic>true</IsRidAgnostic>
                       <ShouldBeValidatedAsExecutableReference></ShouldBeValidatedAsExecutableReference>
                       <_SelfContainedWasSpecified></_SelfContainedWasSpecified>
                     </TargetFramework> (TaskId:25)
                   Done executing task "CombineTargetFrameworkInfoProperties". (TaskId:25)
                   Added Item(s): 
                       _TargetFrameworkInfo=
                           net8.0
                                   AdditionalPropertiesFromProject=<TargetFramework Name="net8.0">
                     <SelfContained></SelfContained>
                     <_IsExecutable></_IsExecutable>
                     <IsRidAgnostic>true</IsRidAgnostic>
                     <ShouldBeValidatedAsExecutableReference></ShouldBeValidatedAsExecutableReference>
                     <_SelfContainedWasSpecified></_SelfContainedWasSpecified>
                   </TargetFramework>
                                   IsRidAgnostic=true
                                   TargetFrameworkMonikers=.NETCoreApp,Version=v8.0
                                   TargetFrameworks=net8.0
                                   TargetPlatformMonikers=None
20:21:26.527     2>Done building target "GetTargetFrameworksWithPlatformForSingleTargetFramework" in project "SampleOnionApp.Application.csproj".: (TargetId:46)
20:21:26.527     2>Target "GetTargetFrameworks: (TargetId:47)" in file "/usr/lib/dotnet/sdk/8.0.121/Microsoft.Common.CurrentVersion.targets" from project "/home/home/Desktop/codex-test/src/SampleOnionApp.Application/SampleOnionApp.Application.csproj" (entry point):
                   Task "Error" skipped, due to false condition; ('$(IsCrossTargetingBuild)' == 'true') was evaluated as ('' == 'true').
                   Using "CombineXmlElements" task from assembly "Microsoft.Build.Tasks.Core, Version=15.1.0.0, Culture=neutral, PublicKeyToken=b03f5f7f11d50a3a".
                   Task "CombineXmlElements" (TaskId:26)
                     Task Parameter:
                         XmlElements=
                             <TargetFramework Name="net8.0">
                       <SelfContained></SelfContained>
                       <_IsExecutable></_IsExecutable>
                       <IsRidAgnostic>true</IsRidAgnostic>
                       <ShouldBeValidatedAsExecutableReference></ShouldBeValidatedAsExecutableReference>
                       <_SelfContainedWasSpecified></_SelfContainedWasSpecified>
                     </TargetFramework>
                                     AdditionalPropertiesFromProject=<TargetFramework Name="net8.0">
                       <SelfContained></SelfContained>
                       <_IsExecutable></_IsExecutable>
                       <IsRidAgnostic>true</IsRidAgnostic>
                       <ShouldBeValidatedAsExecutableReference></ShouldBeValidatedAsExecutableReference>
                       <_SelfContainedWasSpecified></_SelfContainedWasSpecified>
                     </TargetFramework>
                                     IsRidAgnostic=true
                                     TargetFrameworkMonikers=.NETCoreApp,Version=v8.0
                                     TargetFrameworks=net8.0
                                     TargetPlatformMonikers=None (TaskId:26)
                     Task Parameter:RootElementName=AdditionalProjectProperties (TaskId:26)
                     Output Property: _AdditionalPropertiesFromProject=<AdditionalProjectProperties>
                       <TargetFramework Name="net8.0">
                         <SelfContained></SelfContained>
                         <_IsExecutable></_IsExecutable>
                         <IsRidAgnostic>true</IsRidAgnostic>
                         <ShouldBeValidatedAsExecutableReference></ShouldBeValidatedAsExecutableReference>
                         <_SelfContainedWasSpecified></_SelfContainedWasSpecified>
                       </TargetFramework>
                     </AdditionalProjectProperties> (TaskId:26)
                   Done executing task "CombineXmlElements". (TaskId:26)
                   Added Item(s): 
                       _ThisProjectBuildMetadata=
                           /home/home/Desktop/codex-test/src/SampleOnionApp.Application/SampleOnionApp.Application.csproj
                                   AdditionalPropertiesFromProject=<AdditionalProjectProperties>
                     <TargetFramework Name="net8.0">
                       <SelfContained></SelfContained>
                       <_IsExecutable></_IsExecutable>
                       <IsRidAgnostic>true</IsRidAgnostic>
                       <ShouldBeValidatedAsExecutableReference></ShouldBeValidatedAsExecutableReference>
                       <_SelfContainedWasSpecified></_SelfContainedWasSpecified>
                     </TargetFramework>
                   </AdditionalProjectProperties>
                                   HasSingleTargetFramework=true
                                   IsRidAgnostic=true
                                   Platform=AnyCPU
                                   Platforms=AnyCPU
                                   TargetFrameworkMonikers=.NETCoreApp,Version=v8.0
                                   TargetFrameworks=net8.0
                                   TargetPlatformMonikers=None
20:21:26.529     2>Done building target "GetTargetFrameworks" in project "SampleOnionApp.Application.csproj".: (TargetId:47)
20:21:26.529     2>Done Building Project "/home/home/Desktop/codex-test/src/SampleOnionApp.Application/SampleOnionApp.Application.csproj" (GetTargetFrameworks target(s)).
20:21:26.719     0>Resolving SDK 'Microsoft.NET.Sdk'...
                   Property reassignment: $(ImportDirectoryBuildProps)="false" (previous value: "true") at /usr/lib/dotnet/sdk/8.0.121/Sdks/Microsoft.NET.Sdk/Sdk/Sdk.props (57,5)
                   Property 'MSBuildExtensionsPath' with value '/usr/lib/dotnet/sdk/8.0.121/' expanded from the environment.
                   Property reassignment: $(MSBuildProjectExtensionsPath)="/home/home/Desktop/codex-test/src/SampleOnionApp.Infrastructure/obj/" (previous value: "obj/") at /usr/lib/dotnet/sdk/8.0.121/Current/Microsoft.Common.props (60,5)
                   Property reassignment: $(AssemblySearchPaths)="{CandidateAssemblyFiles};{HintPathFromItem}" (previous value: "{CandidateAssemblyFiles}") at /usr/lib/dotnet/sdk/8.0.121/Sdks/Microsoft.NET.Sdk/targets/Microsoft.NET.Sdk.props (91,5)
                   Property reassignment: $(AssemblySearchPaths)="{CandidateAssemblyFiles};{HintPathFromItem};{TargetFrameworkDirectory}" (previous value: "{CandidateAssemblyFiles};{HintPathFromItem}") at /usr/lib/dotnet/sdk/8.0.121/Sdks/Microsoft.NET.Sdk/targets/Microsoft.NET.Sdk.props (92,5)
                   Property reassignment: $(AssemblySearchPaths)="{CandidateAssemblyFiles};{HintPathFromItem};{TargetFrameworkDirectory};{RawFileName}" (previous value: "{CandidateAssemblyFiles};{HintPathFromItem};{TargetFrameworkDirectory}") at /usr/lib/dotnet/sdk/8.0.121/Sdks/Microsoft.NET.Sdk/targets/Microsoft.NET.Sdk.props (93,5)
                   Resolving SDK 'Microsoft.NET.SDK.WorkloadAutoImportPropsLocator'...
                   Property reassignment: $(TargetsForTfmSpecificContentInPackage)=";PackTool;_PackProjectToolValidation" (previous value: ";PackTool") at /usr/lib/dotnet/sdk/8.0.121/Sdks/Microsoft.NET.Sdk/targets/Microsoft.NET.PackProjectTool.props (15,5)
                   Property reassignment: $(PublishProfileImported)="false" (previous value: "true") at /usr/lib/dotnet/sdk/8.0.121/Sdks/Microsoft.NET.Sdk/targets/Microsoft.NET.Sdk.ImportPublishProfile.targets (28,5)
                   Property reassignment: $(TargetPlatformVersion)="" (previous value: "0.0") at /usr/lib/dotnet/sdk/8.0.121/Sdks/Microsoft.NET.Sdk/targets/Microsoft.NET.TargetFrameworkInference.targets (69,5)
                   Property reassignment: $(DefaultItemExcludes)=";bin/Debug//**;obj/Debug//**" (previous value: ";bin/Debug//**") at /usr/lib/dotnet/sdk/8.0.121/Sdks/Microsoft.NET.Sdk/targets/Microsoft.NET.DefaultOutputPaths.targets (122,5)
                   Property reassignment: $(OutputPath)="bin/Debug/net8.0/" (previous value: "bin/Debug/") at /usr/lib/dotnet/sdk/8.0.121/Sdks/Microsoft.NET.Sdk/targets/Microsoft.NET.DefaultOutputPaths.targets (137,5)
                   Property reassignment: $(IntermediateOutputPath)="obj/Debug/net8.0/" (previous value: "obj/Debug/") at /usr/lib/dotnet/sdk/8.0.121/Sdks/Microsoft.NET.Sdk/targets/Microsoft.NET.DefaultOutputPaths.targets (142,5)
                   Resolving SDK 'Microsoft.NET.SDK.WorkloadManifestTargetsLocator'...
                   Property reassignment: $(_FrameworkIdentifierForImplicitDefine)="NET" (previous value: "NETCOREAPP") at /usr/lib/dotnet/sdk/8.0.121/Sdks/Microsoft.NET.Sdk/targets/Microsoft.NET.Sdk.BeforeCommon.targets (187,5)
                   Property reassignment: $(_FrameworkVersionForImplicitDefine)="8_0" (previous value: "8.0") at /usr/lib/dotnet/sdk/8.0.121/Sdks/Microsoft.NET.Sdk/targets/Microsoft.NET.Sdk.BeforeCommon.targets (192,5)
                   Property reassignment: $(CommandLineArgsForDesignTimeEvaluation)="-langversion:12.0 -define:TRACE" (previous value: "-langversion:12.0") at /usr/lib/dotnet/sdk/8.0.121/Roslyn/Microsoft.CSharp.Core.targets (197,5)
                   Property reassignment: $(_DebugSymbolsProduced)="true" (previous value: "false") at /usr/lib/dotnet/sdk/8.0.121/Microsoft.Common.CurrentVersion.targets (175,5)
                   Property reassignment: $(_DocumentationFileProduced)="false" (previous value: "true") at /usr/lib/dotnet/sdk/8.0.121/Microsoft.Common.CurrentVersion.targets (185,5)
                   Property reassignment: $(ProcessorArchitecture)="msil" (previous value: "") at /usr/lib/dotnet/sdk/8.0.121/Microsoft.Common.CurrentVersion.targets (529,5)
                   Property reassignment: $(DelaySign)="" (previous value: "false") at /usr/lib/dotnet/sdk/8.0.121/Microsoft.Common.CurrentVersion.targets (568,5)
                   Property 'LocalAppData' with value '/home/home/.local/share' expanded from the environment.
                   Property reassignment: $(_SGenGenerateSerializationAssembliesConfig)="Auto" (previous value: "") at /usr/lib/dotnet/sdk/8.0.121/Microsoft.Common.CurrentVersion.targets (3824,5)
                   Property reassignment: $(_SGenGenerateSerializationAssembliesConfig)="Off" (previous value: "Auto") at /usr/lib/dotnet/sdk/8.0.121/Microsoft.Common.CurrentVersion.targets (3825,5)
                   Property reassignment: $(_TargetsThatPrepareProjectReferences)="
                         AssignProjectConfiguration;
                         _SplitProjectReferencesByFileExistence
                       " (previous value: "_SplitProjectReferencesByFileExistence") at /usr/lib/dotnet/sdk/8.0.121/Microsoft.Common.CurrentVersion.targets (4976,5)
                   Property 'MSBuildExtensionsPath32' with value '/usr/lib/dotnet/sdk/8.0.121' expanded from the environment.
                   Property reassignment: $(ProjectAssetsCacheFile)="/home/home/Desktop/codex-test/src/SampleOnionApp.Infrastructure/obj/Debug/net8.0/SampleOnionApp.Infrastructure.assets.cache" (previous value: "obj/Debug/net8.0/SampleOnionApp.Infrastructure.assets.cache") at /usr/lib/dotnet/sdk/8.0.121/Sdks/Microsoft.NET.Sdk/targets/Microsoft.PackageDependencyResolution.targets (29,5)
                   Property reassignment: $(ResolveAssemblyReferencesDependsOn)="
                         
                         ResolveProjectReferences;
                         FindInvalidProjectReferences;
                         GetFrameworkPaths;
                         GetReferenceAssemblyPaths;
                         PrepareForBuild;
                         ResolveSDKReferences;
                         ExpandSDKReferences;
                       ;
                         ResolvePackageDependenciesForBuild;
                         _HandlePackageFileConflicts;
                       " (previous value: "
                         ResolveProjectReferences;
                         FindInvalidProjectReferences;
                         GetFrameworkPaths;
                         GetReferenceAssemblyPaths;
                         PrepareForBuild;
                         ResolveSDKReferences;
                         ExpandSDKReferences;
                       ") at /usr/lib/dotnet/sdk/8.0.121/Sdks/Microsoft.NET.Sdk/targets/Microsoft.PackageDependencyResolution.targets (80,5)
                   Property reassignment: $(PrepareResourcesDependsOn)="
                         ResolvePackageDependenciesForBuild;
                         _HandlePackageFileConflicts;
                         
                         ;
                         PrepareResourceNames;
                         ResGen;
                         CompileLicxFiles
                       
                       " (previous value: "
                         ;
                         PrepareResourceNames;
                         ResGen;
                         CompileLicxFiles
                       ") at /usr/lib/dotnet/sdk/8.0.121/Sdks/Microsoft.NET.Sdk/targets/Microsoft.PackageDependencyResolution.targets (86,5)
                   Property reassignment: $(DefaultItemExcludes)=";bin/Debug//**;obj/Debug//**;bin//**" (previous value: ";bin/Debug//**;obj/Debug//**") at /usr/lib/dotnet/sdk/8.0.121/Sdks/Microsoft.NET.Sdk/targets/Microsoft.NET.Sdk.DefaultItems.targets (27,5)
                   Property reassignment: $(DefaultItemExcludes)=";bin/Debug//**;obj/Debug//**;bin//**;obj//**" (previous value: ";bin/Debug//**;obj/Debug//**;bin//**") at /usr/lib/dotnet/sdk/8.0.121/Sdks/Microsoft.NET.Sdk/targets/Microsoft.NET.Sdk.DefaultItems.targets (29,5)
                   Property reassignment: $(DefaultItemExcludes)=";bin/Debug//**;obj/Debug//**;bin//**;obj//**;**/*.user" (previous value: ";bin/Debug//**;obj/Debug//**;bin//**;obj//**") at /usr/lib/dotnet/sdk/8.0.121/Sdks/Microsoft.NET.Sdk/targets/Microsoft.NET.Sdk.DefaultItems.targets (32,5)
                   Property reassignment: $(DefaultItemExcludes)=";bin/Debug//**;obj/Debug//**;bin//**;obj//**;**/*.user;**/*.*proj" (previous value: ";bin/Debug//**;obj/Debug//**;bin//**;obj//**;**/*.user") at /usr/lib/dotnet/sdk/8.0.121/Sdks/Microsoft.NET.Sdk/targets/Microsoft.NET.Sdk.DefaultItems.targets (33,5)
                   Property reassignment: $(DefaultItemExcludes)=";bin/Debug//**;obj/Debug//**;bin//**;obj//**;**/*.user;**/*.*proj;**/*.sln" (previous value: ";bin/Debug//**;obj/Debug//**;bin//**;obj//**;**/*.user;**/*.*proj") at /usr/lib/dotnet/sdk/8.0.121/Sdks/Microsoft.NET.Sdk/targets/Microsoft.NET.Sdk.DefaultItems.targets (34,5)
                   Property reassignment: $(DefaultItemExcludes)=";bin/Debug//**;obj/Debug//**;bin//**;obj//**;**/*.user;**/*.*proj;**/*.sln;**/*.vssscc" (previous value: ";bin/Debug//**;obj/Debug//**;bin//**;obj//**;**/*.user;**/*.*proj;**/*.sln") at /usr/lib/dotnet/sdk/8.0.121/Sdks/Microsoft.NET.Sdk/targets/Microsoft.NET.Sdk.DefaultItems.targets (35,5)
                   Property reassignment: $(DefaultItemExcludes)=";bin/Debug//**;obj/Debug//**;bin//**;obj//**;**/*.user;**/*.*proj;**/*.sln;**/*.vssscc;**/.DS_Store" (previous value: ";bin/Debug//**;obj/Debug//**;bin//**;obj//**;**/*.user;**/*.*proj;**/*.sln;**/*.vssscc") at /usr/lib/dotnet/sdk/8.0.121/Sdks/Microsoft.NET.Sdk/targets/Microsoft.NET.Sdk.DefaultItems.targets (36,5)
                   Property reassignment: $(ResolveAssemblyReferencesDependsOn)="
                         
                         
                         ResolveProjectReferences;
                         FindInvalidProjectReferences;
                         GetFrameworkPaths;
                         GetReferenceAssemblyPaths;
                         PrepareForBuild;
                         ResolveSDKReferences;
                         ExpandSDKReferences;
                       ;
                         ResolvePackageDependenciesForBuild;
                         _HandlePackageFileConflicts;
                       ;
                         ResolveTargetingPackAssets;
                       " (previous value: "
                         
                         ResolveProjectReferences;
                         FindInvalidProjectReferences;
                         GetFrameworkPaths;
                         GetReferenceAssemblyPaths;
                         PrepareForBuild;
                         ResolveSDKReferences;
                         ExpandSDKReferences;
                       ;
                         ResolvePackageDependenciesForBuild;
                         _HandlePackageFileConflicts;
                       ") at /usr/lib/dotnet/sdk/8.0.121/Sdks/Microsoft.NET.Sdk/targets/Microsoft.NET.Sdk.FrameworkReferenceResolution.targets (14,5)
                   Property reassignment: $(_GenerateRuntimeConfigurationPropertyInputsCache)="/home/home/Desktop/codex-test/src/SampleOnionApp.Infrastructure/obj/Debug/net8.0/SampleOnionApp.Infrastructure.genruntimeconfig.cache" (previous value: "obj/Debug/net8.0/SampleOnionApp.Infrastructure.genruntimeconfig.cache") at /usr/lib/dotnet/sdk/8.0.121/Sdks/Microsoft.NET.Sdk/targets/Microsoft.NET.Sdk.targets (44,5)
                   Property reassignment: $(_GeneratePublishDependencyFilePropertyInputsCache)="/home/home/Desktop/codex-test/src/SampleOnionApp.Infrastructure/obj/Debug/net8.0/SampleOnionApp.Infrastructure.genpublishdeps.cache" (previous value: "obj/Debug/net8.0/SampleOnionApp.Infrastructure.genpublishdeps.cache") at /usr/lib/dotnet/sdk/8.0.121/Sdks/Microsoft.NET.Sdk/targets/Microsoft.NET.Sdk.targets (46,5)
                   Property reassignment: $(_GenerateSingleFileBundlePropertyInputsCache)="/home/home/Desktop/codex-test/src/SampleOnionApp.Infrastructure/obj/Debug/net8.0/SampleOnionApp.Infrastructure.genbundle.cache" (previous value: "obj/Debug/net8.0/SampleOnionApp.Infrastructure.genbundle.cache") at /usr/lib/dotnet/sdk/8.0.121/Sdks/Microsoft.NET.Sdk/targets/Microsoft.NET.Sdk.targets (48,5)
                   Property reassignment: $(GenerateRuntimeConfigDevFile)="false" (previous value: "true") at /usr/lib/dotnet/sdk/8.0.121/Sdks/Microsoft.NET.Sdk/targets/Microsoft.NET.Sdk.targets (81,5)
                   Property 'HOME' with value '/home/home' expanded from the environment.
                   Property reassignment: $(_DefaultUserProfileRuntimeStorePath)="/home/home/.dotnet/store" (previous value: "/home/home") at /usr/lib/dotnet/sdk/8.0.121/Sdks/Microsoft.NET.Sdk/targets/Microsoft.NET.Sdk.targets (98,5)
                   Property reassignment: $(AvailablePlatforms)="Any CPU,x86,x64,ARM32" (previous value: "Any CPU,x86,x64") at /usr/lib/dotnet/sdk/8.0.121/Sdks/Microsoft.NET.Sdk/targets/Microsoft.NET.Sdk.targets (136,5)
                   Property reassignment: $(AvailablePlatforms)="Any CPU,x86,x64,ARM32,ARM64" (previous value: "Any CPU,x86,x64,ARM32") at /usr/lib/dotnet/sdk/8.0.121/Sdks/Microsoft.NET.Sdk/targets/Microsoft.NET.Sdk.targets (140,5)
                   Property reassignment: $(CoreBuildDependsOn)="
                         _CheckForBuildWithNoBuild;
                         
                         BuildOnlySettings;
                         PrepareForBuild;
                         PreBuildEvent;
                         ResolveReferences;
                         PrepareResources;
                         ResolveKeySource;
                         Compile;
                         ExportWindowsMDFile;
                         UnmanagedUnregistration;
                         GenerateSerializationAssemblies;
                         CreateSatelliteAssemblies;
                         GenerateManifests;
                         GetTargetPath;
                         PrepareForRun;
                         UnmanagedRegistration;
                         IncrementalClean;
                         PostBuildEvent
                       ;
                         GenerateBuildDependencyFile;
                         GenerateBuildRuntimeConfigurationFiles
                       " (previous value: "
                         BuildOnlySettings;
                         PrepareForBuild;
                         PreBuildEvent;
                         ResolveReferences;
                         PrepareResources;
                         ResolveKeySource;
                         Compile;
                         ExportWindowsMDFile;
                         UnmanagedUnregistration;
                         GenerateSerializationAssemblies;
                         CreateSatelliteAssemblies;
                         GenerateManifests;
                         GetTargetPath;
                         PrepareForRun;
                         UnmanagedRegistration;
                         IncrementalClean;
                         PostBuildEvent
                       ") at /usr/lib/dotnet/sdk/8.0.121/Sdks/Microsoft.NET.Sdk/targets/Microsoft.NET.Sdk.targets (197,5)
                   Property reassignment: $(CoreCleanDependsOn)="
                         _SdkBeforeClean;
                         
                       " (previous value: "") at /usr/lib/dotnet/sdk/8.0.121/Sdks/Microsoft.NET.Sdk/targets/Microsoft.NET.Sdk.targets (206,5)
                   Property reassignment: $(RebuildDependsOn)="
                         _SdkBeforeRebuild;
                         
                         BeforeRebuild;
                         Clean;
                         Build;
                         AfterRebuild;
                       
                       " (previous value: "
                         BeforeRebuild;
                         Clean;
                         Build;
                         AfterRebuild;
                       ") at /usr/lib/dotnet/sdk/8.0.121/Sdks/Microsoft.NET.Sdk/targets/Microsoft.NET.Sdk.targets (213,5)
                   Property reassignment: $(CompileDependsOn)="
                         
                         ResolveReferences;
                         ResolveKeySource;
                         SetWin32ManifestProperties;
                         FindReferenceAssembliesForReferences;
                         _GenerateCompileInputs;
                         BeforeCompile;
                         _TimeStampBeforeCompile;
                         _GenerateCompileDependencyCache;
                         CoreCompile;
                         _TimeStampAfterCompile;
                         AfterCompile;
                       ;
                         _CreateAppHost;
                         _CreateComHost;
                         _GetIjwHostPaths;
                       " (previous value: "
                         ResolveReferences;
                         ResolveKeySource;
                         SetWin32ManifestProperties;
                         FindReferenceAssembliesForReferences;
                         _GenerateCompileInputs;
                         BeforeCompile;
                         _TimeStampBeforeCompile;
                         _GenerateCompileDependencyCache;
                         CoreCompile;
                         _TimeStampAfterCompile;
                         AfterCompile;
                       ") at /usr/lib/dotnet/sdk/8.0.121/Sdks/Microsoft.NET.Sdk/targets/Microsoft.NET.Sdk.targets (679,5)
                   Property reassignment: $(CreateSatelliteAssembliesDependsOn)="
                         
                         _GenerateSatelliteAssemblyInputs;
                         ComputeIntermediateSatelliteAssemblies;
                         GenerateSatelliteAssemblies
                       ;
                         CoreGenerateSatelliteAssemblies
                       " (previous value: "
                         _GenerateSatelliteAssemblyInputs;
                         ComputeIntermediateSatelliteAssemblies;
                         GenerateSatelliteAssemblies
                       ") at /usr/lib/dotnet/sdk/8.0.121/Sdks/Microsoft.NET.Sdk/targets/Microsoft.NET.Sdk.targets (1065,5)
                   Property reassignment: $(SourceLinkUrlInitializerTargets)=";_InitializeGitHubSourceLinkUrl;_InitializeGitLabSourceLinkUrl" (previous value: ";_InitializeGitHubSourceLinkUrl") at /usr/lib/dotnet/sdk/8.0.121/Sdks/Microsoft.SourceLink.GitLab/build/Microsoft.SourceLink.GitLab.targets (12,5)
                   Property reassignment: $(SourceControlManagerUrlTranslationTargets)=";TranslateGitHubUrlsInSourceControlInformation;TranslateGitLabUrlsInSourceControlInformation" (previous value: ";TranslateGitHubUrlsInSourceControlInformation") at /usr/lib/dotnet/sdk/8.0.121/Sdks/Microsoft.SourceLink.GitLab/build/Microsoft.SourceLink.GitLab.targets (13,5)
                   Property reassignment: $(SourceLinkUrlInitializerTargets)=";_InitializeGitHubSourceLinkUrl;_InitializeGitLabSourceLinkUrl;_InitializeAzureReposGitSourceLinkUrl" (previous value: ";_InitializeGitHubSourceLinkUrl;_InitializeGitLabSourceLinkUrl") at /usr/lib/dotnet/sdk/8.0.121/Sdks/Microsoft.SourceLink.AzureRepos.Git/build/Microsoft.SourceLink.AzureRepos.Git.targets (12,5)
                   Property reassignment: $(SourceControlManagerUrlTranslationTargets)=";TranslateGitHubUrlsInSourceControlInformation;TranslateGitLabUrlsInSourceControlInformation;TranslateAzureReposGitUrlsInSourceControlInformation" (previous value: ";TranslateGitHubUrlsInSourceControlInformation;TranslateGitLabUrlsInSourceControlInformation") at /usr/lib/dotnet/sdk/8.0.121/Sdks/Microsoft.SourceLink.AzureRepos.Git/build/Microsoft.SourceLink.AzureRepos.Git.targets (13,5)
                   Property reassignment: $(SourceLinkUrlInitializerTargets)=";_InitializeGitHubSourceLinkUrl;_InitializeGitLabSourceLinkUrl;_InitializeAzureReposGitSourceLinkUrl;_InitializeBitbucketGitSourceLinkUrl" (previous value: ";_InitializeGitHubSourceLinkUrl;_InitializeGitLabSourceLinkUrl;_InitializeAzureReposGitSourceLinkUrl") at /usr/lib/dotnet/sdk/8.0.121/Sdks/Microsoft.SourceLink.Bitbucket.Git/build/Microsoft.SourceLink.Bitbucket.Git.targets (12,5)
                   Property reassignment: $(SourceControlManagerUrlTranslationTargets)=";TranslateGitHubUrlsInSourceControlInformation;TranslateGitLabUrlsInSourceControlInformation;TranslateAzureReposGitUrlsInSourceControlInformation;TranslateBitbucketGitUrlsInSourceControlInformation" (previous value: ";TranslateGitHubUrlsInSourceControlInformation;TranslateGitLabUrlsInSourceControlInformation;TranslateAzureReposGitUrlsInSourceControlInformation") at /usr/lib/dotnet/sdk/8.0.121/Sdks/Microsoft.SourceLink.Bitbucket.Git/build/Microsoft.SourceLink.Bitbucket.Git.targets (13,5)
                   Property reassignment: $(DesignerRuntimeImplementationProjectOutputGroupDependsOn)="
                         
                         ;
                         
                         ;
                         BuildOnlySettings;
                         PrepareForBuild;
                         AssignTargetPaths;
                         ResolveReferences
                       
                       ;
                         _GenerateDesignerDepsFile;
                         _GenerateDesignerRuntimeConfigFile;
                         GetCopyToOutputDirectoryItems;
                         _GatherDesignerShadowCopyFiles;
                       " (previous value: "
                         ;
                         
                         ;
                         BuildOnlySettings;
                         PrepareForBuild;
                         AssignTargetPaths;
                         ResolveReferences
                       
                       ") at /usr/lib/dotnet/sdk/8.0.121/Sdks/Microsoft.NET.Sdk/targets/Microsoft.NET.DesignerSupport.targets (21,5)
                   Property reassignment: $(_GenerateToolsSettingsFileCacheFile)="/home/home/Desktop/codex-test/src/SampleOnionApp.Infrastructure/obj/Debug/net8.0/SampleOnionApp.Infrastructure.toolssettingsinput.cache" (previous value: "obj/Debug/net8.0/SampleOnionApp.Infrastructure.toolssettingsinput.cache") at /usr/lib/dotnet/sdk/8.0.121/Sdks/Microsoft.NET.Sdk/targets/Microsoft.NET.PackTool.targets (68,5)
                   Property reassignment: $(_ShimInputCacheFile)="/home/home/Desktop/codex-test/src/SampleOnionApp.Infrastructure/obj/Debug/net8.0/SampleOnionApp.Infrastructure.shiminput.cache" (previous value: "obj/Debug/net8.0/SampleOnionApp.Infrastructure.shiminput.cache") at /usr/lib/dotnet/sdk/8.0.121/Sdks/Microsoft.NET.Sdk/targets/Microsoft.NET.PackTool.targets (137,5)
                   Property reassignment: $(_ShimCreatedSentinelFile)="/home/home/Desktop/codex-test/src/SampleOnionApp.Infrastructure/obj/Debug/net8.0/SampleOnionApp.Infrastructure.shimcreated.sentinel" (previous value: "obj/Debug/net8.0/SampleOnionApp.Infrastructure.shimcreated.sentinel") at /usr/lib/dotnet/sdk/8.0.121/Sdks/Microsoft.NET.Sdk/targets/Microsoft.NET.PackTool.targets (139,5)
                   Property reassignment: $(DefineConstants)="TRACE;DEBUG" (previous value: "TRACE") at /usr/lib/dotnet/sdk/8.0.121/Sdks/Microsoft.NET.Sdk/targets/Microsoft.NET.Sdk.CSharp.targets (31,5)
                   Property reassignment: $(DefineConstants)="TRACE;DEBUG;NET;NET8_0;NETCOREAPP" (previous value: "TRACE;DEBUG") at /usr/lib/dotnet/sdk/8.0.121/Sdks/Microsoft.NET.Sdk/targets/Microsoft.NET.Sdk.CSharp.targets (34,5)
                   Property reassignment: $(WarningsAsErrors)=";NU1605;SYSLIB0011" (previous value: ";NU1605") at /usr/lib/dotnet/sdk/8.0.121/Sdks/Microsoft.NET.Sdk/targets/Microsoft.NET.Sdk.CSharp.targets (48,5)
                   Property reassignment: $(PackageDescription)="Package Description" (previous value: "") at /usr/lib/dotnet/sdk/8.0.121/Sdks/NuGet.Build.Tasks.Pack/build/NuGet.Build.Tasks.Pack.targets (34,5)
                   Property reassignment: $(GenerateNuspecDependsOn)="Build;_LoadPackInputItems; _GetTargetFrameworksOutput; _WalkEachTargetPerFramework; _GetPackageFiles; " (previous value: "_LoadPackInputItems; _GetTargetFrameworksOutput; _WalkEachTargetPerFramework; _GetPackageFiles; ") at /usr/lib/dotnet/sdk/8.0.121/Sdks/NuGet.Build.Tasks.Pack/build/NuGet.Build.Tasks.Pack.targets (59,5)
                   Overriding target "ResolveFrameworkReferences" in project "/usr/lib/dotnet/sdk/8.0.121/Microsoft.Common.CurrentVersion.targets" with target "ResolveFrameworkReferences" from project "/usr/lib/dotnet/sdk/8.0.121/Sdks/Microsoft.NET.Sdk/targets/Microsoft.NET.Sdk.FrameworkReferenceResolution.targets".
                   Overriding target "Run" in project "/usr/lib/dotnet/sdk/8.0.121/Microsoft.Common.CurrentVersion.targets" with target "Run" from project "/usr/lib/dotnet/sdk/8.0.121/Sdks/Microsoft.NET.Sdk/targets/Microsoft.NET.Sdk.targets".
                   Overriding target "GenerateSupportedTargetFrameworkAlias" in project "/usr/lib/dotnet/sdk/8.0.121/Microsoft.Common.CurrentVersion.targets" with target "GenerateSupportedTargetFrameworkAlias" from project "/usr/lib/dotnet/sdk/8.0.121/Sdks/Microsoft.NET.Sdk/targets/Microsoft.NET.Sdk.targets".
                   Overriding target "GetReferenceAssemblyPaths" in project "/usr/lib/dotnet/sdk/8.0.121/Microsoft.Common.CurrentVersion.targets" with target "GetReferenceAssemblyPaths" from project "/usr/lib/dotnet/sdk/8.0.121/Sdks/Microsoft.NET.Sdk/targets/Microsoft.NET.DisableStandardFrameworkResolution.targets".
                   Overriding target "GetFrameworkPaths" in project "/usr/lib/dotnet/sdk/8.0.121/Microsoft.Common.CurrentVersion.targets" with target "GetFrameworkPaths" from project "/usr/lib/dotnet/sdk/8.0.121/Sdks/Microsoft.NET.Sdk/targets/Microsoft.NET.DisableStandardFrameworkResolution.targets".
                   Overriding target "DesignerRuntimeImplementationProjectOutputGroup" in project "/usr/lib/dotnet/sdk/8.0.121/Microsoft.Common.CurrentVersion.targets" with target "DesignerRuntimeImplementationProjectOutputGroup" from project "/usr/lib/dotnet/sdk/8.0.121/Sdks/Microsoft.NET.Sdk/targets/Microsoft.NET.DesignerSupport.targets".
                   Overriding target "Publish" in project "/usr/lib/dotnet/sdk/8.0.121/Microsoft.Common.CurrentVersion.targets" with target "Publish" from project "/usr/lib/dotnet/sdk/8.0.121/Sdks/Microsoft.NET.Sdk/targets/Microsoft.NET.Publish.targets".
                   Overriding target "ResolveReadyToRunCompilers" in project "/usr/lib/dotnet/sdk/8.0.121/Sdks/Microsoft.NET.Sdk/targets/Microsoft.NET.CrossGen.targets" with target "ResolveReadyToRunCompilers" from project "/usr/lib/dotnet/sdk/8.0.121/Sdks/Microsoft.NET.Sdk/targets/Microsoft.NET.Publish.targets".
                   Overriding target "GetCopyToPublishDirectoryItems" in project "/usr/lib/dotnet/sdk/8.0.121/Microsoft.Common.CurrentVersion.targets" with target "GetCopyToPublishDirectoryItems" from project "/usr/lib/dotnet/sdk/8.0.121/Sdks/Microsoft.NET.Sdk/targets/Microsoft.NET.Publish.targets".
20:21:26.828     0>Initial Properties:
                   __DisableWorkloadResolverSentinelPath = /usr/lib/dotnet/sdk/8.0.121/DisableWorkloadResolver.sentinel
                   __WindowsAppSdkDefaultImageIncludes = **/*.png;**/*.bmp;**/*.jpg;**/*.dds;**/*.tif;**/*.tga;**/*.gif
                   _BeforePublishNoBuildTargets = 
                         BuildOnlySettings;
                         _PreventProjectReferencesFromBuilding;
                         ResolveReferences;
                         PrepareResourceNames;
                         ComputeIntermediateSatelliteAssemblies;
                         ComputeEmbeddedApphostPaths;
                       
                   _BinaryFormatterObsoleteAsError = true
                   _CorePublishTargets = 
                         PrepareForPublish;
                         ComputeAndCopyFilesToPublishDirectory;
                         ;
                         PublishItemsOutputGroup;
                       
                   _DebugSymbolsProduced = true
                   _DefaultArtifactsPathPropsImported = true
                   _DefaultUserProfileRuntimeStorePath = /home/home/.dotnet/store
                   _DeploymentApplicationManifestIdentity = Native.SampleOnionApp.Infrastructure
                   _DeploymentBuiltUpdateInterval = 0
                   _DeploymentBuiltUpdateIntervalUnits = Days
                   _DeploymentDeployManifestIdentity = SampleOnionApp.Infrastructure.application
                   _DeploymentFileMappingExtension = 
                   _DeploymentLauncherBased = true
                   _DeploymentTargetApplicationManifestFileName = Native.SampleOnionApp.Infrastructure.manifest
                   _DeploymentUrl = 
                   _DesignerDepsFileName = SampleOnionApp.Infrastructure.designer.deps.json
                   _DesignerDepsFilePath = obj/Debug/net8.0/SampleOnionApp.Infrastructure.designer.deps.json
                   _DesignerRuntimeConfigFileName = SampleOnionApp.Infrastructure.designer.runtimeconfig.json
                   _DesignerRuntimeConfigFilePath = obj/Debug/net8.0/SampleOnionApp.Infrastructure.designer.runtimeconfig.json
                   _DirectoryBuildPropsBasePath = 
                   _DirectoryBuildPropsFile = Directory.Build.props
                   _DirectoryBuildTargetsBasePath = 
                   _DirectoryBuildTargetsFile = Directory.Build.targets
                   _DirectoryPackagesPropsBasePath = 
                   _DirectoryPackagesPropsFile = Directory.Packages.props
                   _DocumentationFileProduced = false
                   _DotNetAppHostExecutableName = apphost
                   _DotNetAppHostExecutableNameWithoutExtension = apphost
                   _DotNetComHostLibraryName = comhost
                   _DotNetComHostLibraryNameWithoutExtension = comhost
                   _DotNetHostExecutableName = dotnet
                   _DotNetHostFxrLibraryName = libhostfxr.so
                   _DotNetHostPolicyLibraryName = libhostpolicy.so
                   _DotNetIjwHostLibraryName = Ijwhost
                   _DotNetIjwHostLibraryNameWithoutExtension = Ijwhost
                   _DotNetSingleFileHostExecutableNameWithoutExtension = singlefilehost
                   _EnableDefaultWindowsPlatform = false
                   _FrameworkIdentifierForImplicitDefine = NET
                   _FrameworkVersionForImplicitDefine = 8_0
                   _GenerateBindingRedirectsIntermediateAppConfig = obj/Debug/net8.0/SampleOnionApp.Infrastructure.dll.config
                   _GeneratePublishDependencyFilePropertyInputsCache = /home/home/Desktop/codex-test/src/SampleOnionApp.Infrastructure/obj/Debug/net8.0/SampleOnionApp.Infrastructure.genpublishdeps.cache
                   _GenerateRestoreGraphProjectEntryInputProperties = ExcludeRestorePackageImports=true
                   _GenerateRuntimeConfigurationPropertyInputsCache = /home/home/Desktop/codex-test/src/SampleOnionApp.Infrastructure/obj/Debug/net8.0/SampleOnionApp.Infrastructure.genruntimeconfig.cache
                   _GenerateSingleFileBundlePropertyInputsCache = /home/home/Desktop/codex-test/src/SampleOnionApp.Infrastructure/obj/Debug/net8.0/SampleOnionApp.Infrastructure.genbundle.cache
                   _GenerateSourceLinkFileBeforeTargets = CoreCompile
                   _GenerateSourceLinkFileDependsOnTargets = 
                   _GenerateSupportedRuntimeIntermediateAppConfig = obj/Debug/net8.0/SampleOnionApp.Infrastructure.dll.withSupportedRuntime.config
                   _GenerateToolsSettingsFileCacheFile = /home/home/Desktop/codex-test/src/SampleOnionApp.Infrastructure/obj/Debug/net8.0/SampleOnionApp.Infrastructure.toolssettingsinput.cache
                   _GetChildProjectCopyToOutputDirectoryItems = true
                   _GetChildProjectCopyToPublishDirectoryItems = true
                   _InitialBaseIntermediateOutputPath = obj/
                   _InitialMSBuildProjectExtensionsPath = /home/home/Desktop/codex-test/src/SampleOnionApp.Infrastructure/obj/
                   _IsNETCoreOrNETStandard = true
                   _LatestAnalysisLevel = 8.0
                   _MaxSupportedLangVersion = 12.0
                   _MicrosoftSourceLinkCommonAssemblyFile = /usr/lib/dotnet/sdk/8.0.121/Sdks/Microsoft.SourceLink.Common/build/../tools/core/Microsoft.SourceLink.Common.dll
                   _MinimumNonEolSupportedNetCoreTargetFramework = net8.0
                   _NativeLibraryExtension = .so
                   _NativeLibraryPrefix = lib
                   _NETAnalyzersSDKAssemblyVersion = 8.0.0
                   _NETCoreSdkIsPreview = false
                   _NetFrameworkHostedCompilersVersion = 4.8.0-7.25056.18
                   _NoneAnalysisLevel = 4.0
                   _NugetFallbackFolder = /usr/lib/dotnet/sdk/8.0.121/Sdks/Microsoft.NET.Sdk/targets/../../../../NuGetFallbackFolder
                   _NugetTargetMonikerAndRID = .NETCoreApp,Version=v8.0
                   _OriginalConfiguration = Debug
                   _OriginalPlatform = AnyCPU
                   _PackToolPublishDependency = _PublishBuildAlternative
                   _PlatformWithoutConfigurationInference = AnyCPU
                   _PreviewAnalysisLevel = 9.0
                   _ProjectDefaultTargets = Build
                   _PublishNoBuildAlternativeDependsOn = 
                         BuildOnlySettings;
                         _PreventProjectReferencesFromBuilding;
                         ResolveReferences;
                         PrepareResourceNames;
                         ComputeIntermediateSatelliteAssemblies;
                         ComputeEmbeddedApphostPaths;
                       ;
                         PrepareForPublish;
                         ComputeAndCopyFilesToPublishDirectory;
                         ;
                         PublishItemsOutputGroup;
                       
                   _PublishProfileDesignerFolder = Properties
                   _PublishProfileRootFolder = /home/home/Desktop/codex-test/src/SampleOnionApp.Infrastructure/Properties/PublishProfiles/
                   _RecursiveTargetForContentCopying = GetCopyToOutputDirectoryItems
                   _ResolveReferenceDependencies = false
                   _RuntimePackInWorkloadVersion6 = 6.0.36
                   _RuntimePackInWorkloadVersion7 = 7.0.20
                   _RuntimePackInWorkloadVersionCurrent = 8.0.21
                   _SGenDllCreated = false
                   _SGenDllName = SampleOnionApp.Infrastructure.XmlSerializers.dll
                   _SGenGenerateSerializationAssembliesConfig = Off
                   _ShimCreatedSentinelFile = /home/home/Desktop/codex-test/src/SampleOnionApp.Infrastructure/obj/Debug/net8.0/SampleOnionApp.Infrastructure.shimcreated.sentinel
                   _ShimInputCacheFile = /home/home/Desktop/codex-test/src/SampleOnionApp.Infrastructure/obj/Debug/net8.0/SampleOnionApp.Infrastructure.shiminput.cache
                   _SourceLinkAzureReposGitAssemblyFile = /usr/lib/dotnet/sdk/8.0.121/Sdks/Microsoft.SourceLink.AzureRepos.Git/build/../tools/core/Microsoft.SourceLink.AzureRepos.Git.dll
                   _SourceLinkBitbucketAssemblyFile = /usr/lib/dotnet/sdk/8.0.121/Sdks/Microsoft.SourceLink.Bitbucket.Git/build/../tools/core/Microsoft.SourceLink.Bitbucket.Git.dll
                   _SourceLinkGitHubAssemblyFile = /usr/lib/dotnet/sdk/8.0.121/Sdks/Microsoft.SourceLink.GitHub/build/../tools/core/Microsoft.SourceLink.GitHub.dll
                   _SourceLinkGitLabAssemblyFile = /usr/lib/dotnet/sdk/8.0.121/Sdks/Microsoft.SourceLink.GitLab/build/../tools/core/Microsoft.SourceLink.GitLab.dll
                   _SourceLinkPropsImported = true
                   _SourceLinkSdkSubDir = build
                   _SupportedPlatformList = @(SupportedPlatform, ',')
                   _TargetFrameworkDirectories = 
                   _TargetFrameworkVersionValue = 0.0
                   _TargetFrameworkVersionWithoutV = 8.0
                   _TargetLatestRuntimePatchIsDefault = true
                   _TargetsThatPrepareProjectReferences = 
                         AssignProjectConfiguration;
                         _SplitProjectReferencesByFileExistence
                       
                   _ToolsSettingsFilePath = obj/DotnetToolSettings.xml
                   _UseAttributeForTargetFrameworkInfoPropertyNames = true
                   _UsingDefaultForHasRuntimeOutput = true
                   _UsingDefaultPlatformTarget = true
                   _WindowsDesktopSdkTargetFrameworkVersionFloor = 3.0
                   _WorkloadLibraryPacksFolder = /usr/lib/dotnet/library-packs
                   AddAdditionalExplicitAssemblyReferences = false
                   AllowedOutputExtensionsInPackageBuildOutputFolder = .dll; .exe; .winmd; .json; .pri; .xml ;
                   AllowedOutputExtensionsInSymbolsPackageBuildOutputFolder = .pdb; .mdb; .dll; .exe; .winmd; .json; .pri; .xml ;; 
                   AllowedReferenceAssemblyFileExtensions = 
                         .winmd;
                         .dll;
                         .exe
                       
                   AllowedReferenceRelatedFileExtensions = 
                         .pdb;
                         .xml;
                         .pri;
                         .dll.config;
                         .exe.config
                       
                   AllowUnsafeBlocks = false
                   AlwaysIncludeCoreFrameworkInRuntimeConfig = true
                   AlwaysUseNumericalSuffixInItemNames = true
                   AnalysisLevel = latest
                   ApiCompatValidatePackageSemaphoreFile = obj/Debug/net8.0/Microsoft.NET.ApiCompat.ValidatePackage.semaphore
                   AppDesignerFolder = Properties
                   AppendPlatformToOutputPath = false
                   AppendRuntimeIdentifierToOutputPath = true
                   AppendTargetFrameworkToOutputPath = true
                   AssemblyFoldersConfigFile = /usr/lib/dotnet/sdk/8.0.121/AssemblyFolders.config
                   AssemblyFoldersSuffix = AssemblyFoldersEx
                   AssemblyName = SampleOnionApp.Infrastructure
                   AssemblySearchPaths = {CandidateAssemblyFiles};{HintPathFromItem};{TargetFrameworkDirectory};{RawFileName}
                   AssemblyTitle = SampleOnionApp.Infrastructure
                   AssetTargetFallback = ;net461;net462;net47;net471;net472;net48;net481
                   AssignTargetPathsDependsOn = 
                   Authors = SampleOnionApp.Infrastructure
                   AutomaticallyUseReferenceAssemblyPackages = true
                   AutoUnifyAssemblyReferences = true
                   AvailablePlatforms = Any CPU,x86,x64,ARM32,ARM64
                   BackwardsCompatFrameworkDefine = NETCOREAPP
                   BaseIntermediateOutputPath = obj/
                   BaseOutputPath = bin/
                   BaseOutputPathWasSpecified = true
                   BuildCompileAction = Build
                   BuildDependsOn = 
                         BeforeBuild;
                         CoreBuild;
                         AfterBuild
                       
                   BuildGenerateSourcesAction = Build
                   BuildingProject = false
                   BuildInParallel = true
                   BuildLinkAction = Build
                   BuildOutputTargetFolder = lib
                   BuildProjectReferences = true
                   BuiltProjectOutputGroupDependenciesDependsOn = 
                         ;
                         
                         ;
                         BuildOnlySettings;
                         PrepareForBuild;
                         AssignTargetPaths;
                         ResolveReferences
                       
                       
                   BuiltProjectOutputGroupDependsOn = PrepareForBuild
                   BundledNETCoreAppPackageVersion = 8.0.21
                   BundledNETCoreAppTargetFrameworkVersion = 8.0
                   BundledNETCorePlatformsPackageVersion = 8.0.21-servicing.25475.13
                   BundledNETStandardPackageVersion = 2.1.0
                   BundledNETStandardTargetFrameworkVersion = 2.1
                   BundledRuntimeIdentifierGraphFile = /usr/lib/dotnet/sdk/8.0.121/RuntimeIdentifierGraph.json
                   CheckEolWorkloads = true
                   CheckForOverflowUnderflow = false
                   CleanDependsOn = 
                         BeforeClean;
                         UnmanagedUnregistration;
                         CoreClean;
                         CleanReferencedProjects;
                         CleanPublishFolder;
                         AfterClean
                       
                   CleanFile = SampleOnionApp.Infrastructure.csproj.FileListAbsolute.txt
                   ClickOncePublishDir = bin/Debug/net8.0/publish/
                   CodeAnalysisRuleIds = CA1000;CA1001;CA1002;CA1003;CA1005;CA1008;CA1010;CA1012;CA1014;CA1016;CA1017;CA1018;CA1019;CA1021;CA1024;CA1027;CA1028;CA1030;CA1031;CA1032;CA1033;CA1034;CA1036;CA1040;CA1041;CA1043;CA1044;CA1045;CA1046;CA1047;CA1050;CA1051;CA1052;CA1054;CA1055;CA1056;CA1058;CA1060;CA1061;CA1062;CA1063;CA1064;CA1065;CA1066;CA1067;CA1068;CA1069;CA1070;CA1200;CA1303;CA1304;CA1305;CA1307;CA1308;CA1309;CA1310;CA1311;CA1401;CA1416;CA1417;CA1418;CA1419;CA1420;CA1421;CA1422;CA1501;CA1502;CA1505;CA1506;CA1507;CA1508;CA1509;CA1510;CA1511;CA1512;CA1513;CA1700;CA1707;CA1708;CA1710;CA1711;CA1712;CA1713;CA1715;CA1716;CA1720;CA1721;CA1724;CA1725;CA1727;CA1802;CA1805;CA1806;CA1810;CA1812;CA1813;CA1814;CA1815;CA1816;CA1819;CA1820;CA1821;CA1822;CA1823;CA1824;CA1825;CA1826;CA1827;CA1828;CA1829;CA1830;CA1831;CA1832;CA1833;CA1834;CA1835;CA1836;CA1837;CA1838;CA1839;CA1840;CA1841;CA1842;CA1843;CA1844;CA1845;CA1846;CA1847;CA1848;CA1849;CA1850;CA1851;CA1852;CA1853;CA1854;CA1855;CA1856;CA1857;CA1858;CA1859;CA1860;CA1861;CA1862;CA1863;CA1864;CA1865;CA1866;CA1867;CA1868;CA1869;CA1870;CA2000;CA2002;CA2007;CA2008;CA2009;CA2011;CA2012;CA2013;CA2014;CA2015;CA2016;CA2017;CA2018;CA2019;CA2020;CA2021;CA2100;CA2101;CA2119;CA2153;CA2200;CA2201;CA2207;CA2208;CA2211;CA2213;CA2214;CA2215;CA2216;CA2217;CA2218;CA2219;CA2224;CA2225;CA2226;CA2227;CA2231;CA2234;CA2235;CA2237;CA2241;CA2242;CA2243;CA2244;CA2245;CA2246;CA2247;CA2248;CA2249;CA2250;CA2251;CA2252;CA2253;CA2254;CA2255;CA2256;CA2257;CA2258;CA2259;CA2260;CA2261;CA2300;CA2301;CA2302;CA2305;CA2310;CA2311;CA2312;CA2315;CA2321;CA2322;CA2326;CA2327;CA2328;CA2329;CA2330;CA2350;CA2351;CA2352;CA2353;CA2354;CA2355;CA2356;CA2361;CA2362;CA3001;CA3002;CA3003;CA3004;CA3005;CA3006;CA3007;CA3008;CA3009;CA3010;CA3011;CA3012;CA3061;CA3075;CA3076;CA3077;CA3147;CA5350;CA5351;CA5358;CA5359;CA5360;CA5361;CA5362;CA5363;CA5364;CA5365;CA5366;CA5367;CA5368;CA5369;CA5370;CA5371;CA5372;CA5373;CA5374;CA5375;CA5376;CA5377;CA5378;CA5379;CA5380;CA5381;CA5382;CA5383;CA5384;CA5385;CA5386;CA5387;CA5388;CA5389;CA5390;CA5391;CA5392;CA5393;CA5394;CA5395;CA5396;CA5397;CA5398;CA5399;CA5400;CA5401;CA5402;CA5403;CA5404;CA5405
                   CodeAnalysisTargets = /usr/lib/dotnet/sdk/8.0.121/Microsoft/VisualStudio/v17.0/CodeAnalysis/Microsoft.CodeAnalysis.targets
                   CommandLineArgsForDesignTimeEvaluation = -langversion:12.0 -define:TRACE
                   CommonOutputGroupsDependsOn = 
                         ;
                         BuildOnlySettings;
                         PrepareForBuild;
                         AssignTargetPaths;
                         ResolveReferences
                       
                   CommonTargetsPath = /usr/lib/dotnet/sdk/8.0.121/Microsoft.Common.CurrentVersion.targets
                   CommonXamlResourcesDirectory = /usr/lib/dotnet/sdk/8.0.121//
                   Company = SampleOnionApp.Infrastructure
                   CompileDependsOn = 
                         
                         ResolveReferences;
                         ResolveKeySource;
                         SetWin32ManifestProperties;
                         FindReferenceAssembliesForReferences;
                         _GenerateCompileInputs;
                         BeforeCompile;
                         _TimeStampBeforeCompile;
                         _GenerateCompileDependencyCache;
                         CoreCompile;
                         _TimeStampAfterCompile;
                         AfterCompile;
                       ;
                         _CreateAppHost;
                         _CreateComHost;
                         _GetIjwHostPaths;
                       
                   CompileLicxFilesDependsOn = 
                   CompilerApiVersion = roslyn4.8
                   CompilerGeneratedFilesOutputPath = 
                   ComputeIntermediateSatelliteAssembliesDependsOn = 
                         CreateManifestResourceNames
                       
                   ComputeNETCoreBuildOutputFiles = true
                   ComReferenceExecuteAsTool = false
                   ComReferenceNoClassMembers = false
                   Configuration = Debug
                   ConfigurationName = Debug
                   Configurations = Debug;Release
                   ConsiderPlatformAsProcessorArchitecture = true
                   ContentFilesProjectOutputGroupDependsOn = PrepareForBuild;AssignTargetPaths
                   ContentPreprocessorOutputDirectory = obj/Debug/net8.0/NuGet/
                   ContentTargetFolders = content;contentFiles
                   ContinueOnError = false
                   CopyBuildOutputToPublishDirectory = true
                   CopyConflictingTransitiveContent = false
                   CopyLocalLockFileAssemblies = false
                   CopyOutputSymbolsToPublishDirectory = true
                   CoreBuildDependsOn = 
                         _CheckForBuildWithNoBuild;
                         
                         BuildOnlySettings;
                         PrepareForBuild;
                         PreBuildEvent;
                         ResolveReferences;
                         PrepareResources;
                         ResolveKeySource;
                         Compile;
                         ExportWindowsMDFile;
                         UnmanagedUnregistration;
                         GenerateSerializationAssemblies;
                         CreateSatelliteAssemblies;
                         GenerateManifests;
                         GetTargetPath;
                         PrepareForRun;
                         UnmanagedRegistration;
                         IncrementalClean;
                         PostBuildEvent
                       ;
                         GenerateBuildDependencyFile;
                         GenerateBuildRuntimeConfigurationFiles
                       
                   CoreCleanDependsOn = 
                         _SdkBeforeClean;
                         
                       
                   CoreCompileDependsOn = ;_ComputeNonExistentFileProperty;ResolveCodeAnalysisRuleSet
                   CoreResGenDependsOn = FindReferenceAssembliesForReferences
                   CreateCustomManifestResourceNamesDependsOn = 
                   CreateHardLinksForCopyAdditionalFilesIfPossible = false
                   CreateManifestResourceNamesDependsOn = 
                   CreateSatelliteAssembliesDependsOn = 
                         
                         _GenerateSatelliteAssemblyInputs;
                         ComputeIntermediateSatelliteAssemblies;
                         GenerateSatelliteAssemblies
                       ;
                         CoreGenerateSatelliteAssemblies
                       
                   CreateSymbolicLinksForCopyAdditionalFilesIfPossible = false
                   CSharpCoreTargetsPath = /usr/lib/dotnet/sdk/8.0.121/Roslyn/Microsoft.CSharp.Core.targets
                   CSharpDesignTimeTargetsPath = /usr/lib/dotnet/sdk/8.0.121/Microsoft/VisualStudio/Managed/Microsoft.CSharp.DesignTime.targets
                   CSharpTargetsPath = /usr/lib/dotnet/sdk/8.0.121/Microsoft.CSharp.CurrentVersion.targets
                   CustomAfterMicrosoftCommonProps = /usr/lib/dotnet/sdk/8.0.121/vCurrent/Custom.After.Microsoft.Common.props
                   CustomAfterMicrosoftCommonTargets = /usr/lib/dotnet/sdk/8.0.121/vCurrent/Custom.After.Microsoft.Common.targets
                   CustomAfterMicrosoftCSharpTargets = /usr/lib/dotnet/sdk/8.0.121/vCurrent/Custom.After.Microsoft.CSharp.targets
                   CustomBeforeMicrosoftCommonProps = /usr/lib/dotnet/sdk/8.0.121/vCurrent/Custom.Before.Microsoft.Common.props
                   CustomBeforeMicrosoftCommonTargets = /usr/lib/dotnet/sdk/8.0.121/vCurrent/Custom.Before.Microsoft.Common.targets
                   CustomBeforeMicrosoftCSharpTargets = /usr/lib/dotnet/sdk/8.0.121/vCurrent/Custom.Before.Microsoft.CSharp.targets
                   DebugSymbols = true
                   DebugSymbolsProjectOutputGroupDependenciesDependsOn = 
                         ;
                         
                         ;
                         BuildOnlySettings;
                         PrepareForBuild;
                         AssignTargetPaths;
                         ResolveReferences
                       
                       
                   DebugSymbolsProjectOutputGroupDependsOn = 
                   DebugType = portable
                   DefaultAllowedOutputExtensionsInPackageBuildOutputFolder = .dll; .exe; .winmd; .json; .pri; .xml
                   DefaultCopyToPublishDirectoryMetadata = true
                   DefaultExcludesInProjectFolder = ;;**/.*/**
                   DefaultImplicitPackages = Microsoft.NETCore.App;NETStandard.Library
                   DefaultItemExcludes = ;bin/Debug//**;obj/Debug//**;bin//**;obj//**;**/*.user;**/*.*proj;**/*.sln;**/*.vssscc;**/.DS_Store
                   DefaultLanguageSourceExtension = .cs
                   DefaultProjectTypeGuid = {FAE04EC0-301F-11D3-BF4B-00C04F79EFBC}
                   DefineCommonCapabilities = true
                   DefineCommonItemSchemas = true
                   DefineCommonReferenceSchemas = true
                   DefineConstants = TRACE;DEBUG;NET;NET8_0;NETCOREAPP
                   DelaySign = 
                   DeploymentComputeClickOnceManifestInfoDependsOn = 
                         CleanPublishFolder;
                         GetCopyToOutputDirectoryItems;
                         _DeploymentGenerateTrustInfo
                         
                       
                   DesignerRuntimeImplementationProjectOutputGroupDependsOn = 
                         
                         ;
                         
                         ;
                         BuildOnlySettings;
                         PrepareForBuild;
                         AssignTargetPaths;
                         ResolveReferences
                       
                       ;
                         _GenerateDesignerDepsFile;
                         _GenerateDesignerRuntimeConfigFile;
                         GetCopyToOutputDirectoryItems;
                         _GatherDesignerShadowCopyFiles;
                       
                   DesignTimeAssemblySearchPaths = {CandidateAssemblyFiles};{HintPathFromItem};{TargetFrameworkDirectory};{RawFileName}
                   DesignTimeAutoUnify = true
                   DesignTimeResolveAssemblyReferencesDependsOn = 
                         GetFrameworkPaths;
                         GetReferenceAssemblyPaths;
                         ResolveReferences
                       
                   Deterministic = true
                   DevEnvDir = *Undefined*
                   DisableHandlePackageFileConflicts = true
                   DisableLogTaskParameter_ConvertToAbsolutePath_Path = true
                   DisableLogTaskParameter_FindUnderPath_OutOfPath = true
                   DisableLogTaskParameter_RemoveDuplicates_Inputs = true
                   DisableLogTaskParameterItemMetadata_ConvertToAbsolutePath_AbsolutePaths = true
                   DisableLogTaskParameterItemMetadata_Copy_CopiedFiles = true
                   DisableLogTaskParameterItemMetadata_Copy_DestinationFiles = true
                   DisableLogTaskParameterItemMetadata_Copy_SourceFiles = true
                   DisableLogTaskParameterItemMetadata_FindUnderPath_Files = true
                   DisableLogTaskParameterItemMetadata_FindUnderPath_InPath = true
                   DisableLogTaskParameterItemMetadata_GenerateResource_FilesWritten = true
                   DisableLogTaskParameterItemMetadata_Hash_ItemsToHash = true
                   DisableLogTaskParameterItemMetadata_RemoveDuplicates_Filtered = true
                   DisableLogTaskParameterItemMetadata_WriteLinesToFile_Lines = true
                   DisableStandardFrameworkResolution = true
                   DocumentationFile = 
                   DocumentationProjectOutputGroupDependenciesDependsOn = 
                         ;
                         
                         ;
                         BuildOnlySettings;
                         PrepareForBuild;
                         AssignTargetPaths;
                         ResolveReferences
                       
                       
                   DocumentationProjectOutputGroupDependsOn = 
                   DOTNET_BUNDLE_EXTRACT_BASE_DIR = /home/home/.cache/dotnet_bundle_extract
                   DOTNET_HOST_PATH = /usr/lib/dotnet/dotnet
                   DOTNET_ROOT = /home/home/.dotnet
                   DotNetApiCompatTaskAssembly = /usr/lib/dotnet/sdk/8.0.121/Sdks/Microsoft.NET.Sdk/targets/../tools/net8.0/Microsoft.DotNet.ApiCompat.Task.dll
                   DotnetCliToolTargetFramework = netcoreapp2.2
                   EffectiveAnalysisLevel = 8.0
                   EffectiveCodeAnalysisTreatWarningsAsErrors = 
                   EmbeddedResourceUseDependentUponConvention = true
                   EmbeddedWin32Manifest = 
                   EmbedUntrackedSources = true
                   EmitAssetsLogMessages = true
                   EmitCompilerGeneratedFiles = false
                   EmitLegacyAssetsFileItems = false
                   EnableDefaultCompileItems = true
                   EnableDefaultEmbeddedResourceItems = true
                   EnableDefaultItems = true
                   EnableDefaultNoneItems = true
                   EnableFrameworkPathOverride = false
                   EnableNETAnalyzers = true
                   EnableSourceControlManagerQueries = true
                   EnableSourceLink = true
                   EnableUnsafeBinaryFormatterSerialization = false
                   EnableWebSdkImplicitPackageVersions = false
                   EnforceCodeStyleInBuild = false
                   ErrorReport = prompt
                   ExpandSDKAllowedReferenceExtensions = 
                         .winmd;
                         .dll
                       
                   ExpandSDKReferencesDependsOn = 
                         ResolveSDKReferences
                       
                   FileAlignment = 512
                   FindInvalidProjectReferencesDependsOn = 
                         GetReferenceTargetPlatformMonikers
                       
                   Framework20Dir = @(_TargetFramework20DirectoryItem)
                   Framework30Dir = @(_TargetFramework30DirectoryItem)
                   Framework35Dir = @(_TargetFramework35DirectoryItem)
                   Framework40Dir = @(_TargetFramework40DirectoryItem)
                   FrameworkDir = @(_TargetFramework40DirectoryItem)
                   FrameworkPathOverride = 
                   FrameworkRegistryBase = Software\Microsoft\.NETCoreApp
                   FrameworkSDKDir = @(_TargetFrameworkSDKDirectoryItem)
                   FullReferenceAssemblyNames = Full
                   GenerateAssemblyCompanyAttribute = true
                   GenerateAssemblyConfigurationAttribute = true
                   GenerateAssemblyCopyrightAttribute = true
                   GenerateAssemblyDescriptionAttribute = true
                   GenerateAssemblyFileVersionAttribute = true
                   GenerateAssemblyInfo = true
                   GenerateAssemblyInformationalVersionAttribute = true
                   GenerateAssemblyMetadataAttributes = true
                   GenerateAssemblyProductAttribute = true
                   GenerateAssemblyTitleAttribute = true
                   GenerateAssemblyTrademarkAttribute = true
                   GenerateAssemblyVersionAttribute = true
                   GeneratedAssemblyInfoFile = obj/Debug/net8.0/SampleOnionApp.Infrastructure.AssemblyInfo.cs
                   GenerateDependencyFile = true
                   GeneratedGlobalUsingsFile = obj/Debug/net8.0/SampleOnionApp.Infrastructure.GlobalUsings.g.cs
                   GenerateDisableRuntimeMarshallingAttribute = true
                   GenerateDocumentationFile = false
                   GenerateFullPaths = true
                   GenerateInternalsVisibleToAttributes = true
                   GenerateManifestsDependsOn = 
                         SetWin32ManifestProperties;
                         GenerateApplicationManifest;
                         GenerateDeploymentManifest
                       
                   GenerateNeutralResourcesLanguageAttribute = true
                   GenerateNuspecDependsOn = Build;_LoadPackInputItems; _GetTargetFrameworksOutput; _WalkEachTargetPerFramework; _GetPackageFiles; 
                   GeneratePackageOnBuild = false
                   GenerateRepositoryUrlAttribute = true
                   GenerateRequiresPreviewFeaturesAttribute = true
                   GenerateResourceMSBuildArchitecture = CurrentArchitecture
                   GenerateResourceMSBuildRuntime = CurrentRuntime
                   GenerateResourceUsePreserializedResources = true
                   GenerateResourceWarnOnBinaryFormatterUse = true
                   GenerateRuntimeConfigDevFile = false
                   GenerateSatelliteAssembliesForCore = true
                   GenerateSupportedOSPlatformAttribute = true
                   GenerateTargetFrameworkAttribute = true
                   GenerateTargetPlatformAttribute = true
                   GetCopyToOutputDirectoryItemsDependsOn = 
                         AssignTargetPaths;
                         
                         AssignProjectConfiguration;
                         _SplitProjectReferencesByFileExistence
                       ;
                         _GetProjectReferenceTargetFrameworkProperties;
                         _PopulateCommonStateForGetCopyToOutputDirectoryItems
                       
                   GetFrameworkPathsDependsOn = 
                   GetReferenceNearestTargetFrameworkTaskSupportsTargetPlatformParameter = true
                   GetTargetPathDependsOn = 
                   GetTargetPathWithTargetPlatformMonikerDependsOn = 
                   HasRuntimeOutput = 
                   HideWarningsAndErrors = false
                   HighEntropyVA = true
                   ImplicitConfigurationDefine = DEBUG
                   ImplicitFrameworkDefine = NET8_0
                   ImplicitUsings = enable
                   ImportByWildcardAfterMicrosoftCommonProps = true
                   ImportByWildcardAfterMicrosoftCommonTargets = true
                   ImportByWildcardAfterMicrosoftCSharpTargets = true
                   ImportByWildcardBeforeMicrosoftCommonProps = true
                   ImportByWildcardBeforeMicrosoftCommonTargets = true
                   ImportByWildcardBeforeMicrosoftCSharpTargets = true
                   ImportDirectoryBuildProps = false
                   ImportDirectoryBuildTargets = true
                   ImportDirectoryPackagesProps = true
                   ImportFrameworkWinFXTargets = false
                   ImportNuGetBuildTasksPackTargetsFromSdk = true
                   ImportProjectExtensionProps = true
                   ImportProjectExtensionTargets = true
                   ImportUserLocationsByWildcardAfterMicrosoftCommonProps = true
                   ImportUserLocationsByWildcardAfterMicrosoftCommonTargets = true
                   ImportUserLocationsByWildcardAfterMicrosoftCSharpTargets = true
                   ImportUserLocationsByWildcardBeforeMicrosoftCommonProps = true
                   ImportUserLocationsByWildcardBeforeMicrosoftCommonTargets = true
                   ImportUserLocationsByWildcardBeforeMicrosoftCSharpTargets = true
                   IncludeBuildOutput = true
                   IncludeContentInPack = true
                   IncludeFileVersionsInDependencyFile = true
                   IncludeMainProjectInDepsFile = true
                   IncludeProjectsNotInAssetsFileInDepsFile = true
                   IncludeSourceRevisionInInformationalVersion = true
                   IncludeSymbolsInSingleFile = false
                   InnerBuildProperty = TargetFramework
                   InnerBuildPropertyValues = TargetFrameworks
                   IntermediateOutputPath = obj/Debug/net8.0/
                   IsNetCoreAppTargetingLatestTFM = true
                   IsPackable = true
                   IsPublishable = true
                   IsRestoreTargetsFileLoaded = true
                   IsRidAgnostic = true
                   Language = C#
                   LanguageTargets = /usr/lib/dotnet/sdk/8.0.121/Microsoft.CSharp.targets
                   LangVersion = 12.0
                   MarkPackageReferencesAsExternallyResolved = true
                   MaxSupportedLangVersion = 12.0
                   MaxTargetPath = 100
                   MicrosoftBuildTasksGitAssemblyFile = /usr/lib/dotnet/sdk/8.0.121/Sdks/Microsoft.Build.Tasks.Git/build/../tools/core/Microsoft.Build.Tasks.Git.dll
                   MicrosoftCommonPropsHasBeenImported = true
                   MicrosoftNETBuildExtensionsTargets = /usr/lib/dotnet/sdk/8.0.121/Microsoft/Microsoft.NET.Build.Extensions/Microsoft.NET.Build.Extensions.targets
                   MicrosoftNETBuildExtensionsTasksAssembly = /usr/lib/dotnet/sdk/8.0.121/Microsoft/Microsoft.NET.Build.Extensions/tools/net8.0/Microsoft.NET.Build.Extensions.Tasks.dll
                   MicrosoftNETBuildTasksAssembly = /usr/lib/dotnet/sdk/8.0.121/Sdks/Microsoft.NET.Sdk/targets/../tools/net8.0/Microsoft.NET.Build.Tasks.dll
                   MicrosoftNETBuildTasksDirectory = /usr/lib/dotnet/sdk/8.0.121/Sdks/Microsoft.NET.Sdk/targets/../tools/net8.0/
                   MicrosoftNETBuildTasksDirectoryRoot = /usr/lib/dotnet/sdk/8.0.121/Sdks/Microsoft.NET.Sdk/targets/../tools/
                   MicrosoftNETBuildTasksTFM = net8.0
                   MicrosoftNETCrossgenBuildTasksAssembly = /usr/lib/dotnet/sdk/8.0.121/Sdks/Microsoft.NET.Sdk/targets/../tasks/net7.0/Microsoft.NET.Sdk.Crossgen.dll
                   MicrosoftNETFrameworkReferenceAssembliesLatestPackageVersion = 1.0.3
                   MicrosoftNETWindowsWorkloadInstalled = true
                   MinimumVisualStudioVersionForUnsupportedTargetFrameworkVersion = 17.8
                   MsAppxPackageTargets = /usr/lib/dotnet/sdk/8.0.121/Microsoft/VisualStudio/v17.0/AppxPackage/Microsoft.AppXPackage.Targets
                   MSBuildAllProjects = /home/home/Desktop/codex-test/src/SampleOnionApp.Infrastructure/obj/SampleOnionApp.Infrastructure.csproj.nuget.g.props;;/usr/lib/dotnet/sdk/8.0.121/Current/Microsoft.Common.targets/ImportAfter/Microsoft.TestPlatform.ImportAfter.targets
                   MSBuildAssemblyVersion = 17.0
                   MSBuildBinPath = /usr/lib/dotnet/sdk/8.0.121
                   MSBuildCopyContentTransitively = true
                   MSBuildDisableFeaturesFromVersion = 999.999
                   MSBuildEnableWorkloadResolver = true
                   MSBuildFileVersion = 17.8.43.46603
                   MSBuildFrameworkToolsRoot = /usr/lib/dotnet/shared/Microsoft.NETCore.App
                   MSBuildNodeCount = 6
                   MSBuildProgramFiles32 = 
                   MSBuildProjectDefaultTargets = Build
                   MSBuildProjectDirectory = /home/home/Desktop/codex-test/src/SampleOnionApp.Infrastructure
                   MSBuildProjectDirectoryNoRoot = home/home/Desktop/codex-test/src/SampleOnionApp.Infrastructure
                   MSBuildProjectExtension = .csproj
                   MSBuildProjectExtensionsPath = /home/home/Desktop/codex-test/src/SampleOnionApp.Infrastructure/obj/
                   MSBuildProjectFile = SampleOnionApp.Infrastructure.csproj
                   MSBuildProjectFullPath = /home/home/Desktop/codex-test/src/SampleOnionApp.Infrastructure/SampleOnionApp.Infrastructure.csproj
                   MSBuildProjectName = SampleOnionApp.Infrastructure
                   MSBuildRuntimeType = Core
                   MSBuildSDKsPath = /usr/lib/dotnet/sdk/8.0.121/Sdks
                   MSBuildSemanticVersion = 17.8.43+f0cbb1397
                   MSBuildStartupDirectory = /home/home/Desktop/codex-test/src/SampleOnionApp.McpServer
                   MSBuildToolsPath = /usr/lib/dotnet/sdk/8.0.121
                   MSBuildToolsVersion = Current
                   MSBUILDUSESERVER = 0
                   MSBuildUseVisualStudioDirectoryLayout = False
                   MSBuildVersion = 17.8.43
                   MSBuildWarningsAsErrors = ;NU1605
                   MSBuildWarningsAsMessages = 1701;1702
                   MSBuildWarningsNotAsErrors = 
                   MsTestToolsTargets = /usr/lib/dotnet/sdk/8.0.121/Microsoft/VisualStudio/v17.0/TeamTest/Microsoft.TeamTest.targets
                   NETCoreAppMaximumVersion = 8.0
                   NetCoreRoot = /usr/lib/dotnet/
                   NETCoreSdkBundledCliToolsProps = /usr/lib/dotnet/sdk/8.0.121/Sdks/Microsoft.NET.Sdk/targets/../../../Microsoft.NETCoreSdk.BundledCliTools.props
                   NETCoreSdkBundledVersionsProps = /usr/lib/dotnet/sdk/8.0.121/Sdks/Microsoft.NET.Sdk/targets/../../../Microsoft.NETCoreSdk.BundledVersions.props
                   NETCoreSdkPortableRuntimeIdentifier = linux-x64
                   NETCoreSdkRuntimeIdentifier = ubuntu.24.04-x64
                   NETCoreSdkVersion = 8.0.121
                   NetCoreTargetingPackRoot = /usr/lib/dotnet/packs
                   NoCompilerStandardLib = true
                   NoStdLib = true
                   NoWarn = 1701;1702
                   NuGetBuildTasksPackTargets = /usr/lib/dotnet/sdk/8.0.121/Sdks/Microsoft.NET.Sdk/Sdk/../../NuGet.Build.Tasks.Pack/build/NuGet.Build.Tasks.Pack.targets
                   NuGetInteractive = 
                   NuGetPackageFolders = /home/home/.nuget/packages/
                   NuGetPackageRoot = /home/home/.nuget/packages/
                   NuGetPackTaskAssemblyFile = ../CoreCLR/NuGet.Build.Tasks.Pack.dll
                   NuGetProjectStyle = PackageReference
                   NuGetPropsFile = /usr/lib/dotnet/sdk/8.0.121/NuGet.props
                   NuGetRestoreTargets = /usr/lib/dotnet/sdk/8.0.121/NuGet.targets
                   NuGetTargetMoniker = .NETCoreApp,Version=v8.0
                   NuGetToolVersion = 6.8.1
                   Nullable = enable
                   NuspecOutputPath = obj/Debug/
                   Optimize = false
                   OS = Unix
                   OutDir = bin/Debug/net8.0/
                   OutputPath = bin/Debug/net8.0/
                   OutputType = Library
                   OverwriteReadOnlyFiles = false
                   PackageDescription = Package Description
                   PackageDownloadSupported = true
                   PackagedShimOutputRootDirectory = bin/Debug/net8.0/
                   PackageId = SampleOnionApp.Infrastructure
                   PackageOutputPath = bin/Debug/
                   PackageRequireLicenseAcceptance = false
                   PackageVersion = 1.0.0
                   PackDependsOn = ; _IntermediatePack; GenerateNuspec; 
                   PackRelease = true
                   Platform = AnyCPU
                   PlatformName = AnyCPU
                   Platforms = AnyCPU
                   PostBuildEventDependsOn = 
                   PreBuildEventDependsOn = 
                   Prefer32Bit = false
                   PrepareForBuildDependsOn = ;GetFrameworkPaths;GetReferenceAssemblyPaths;AssignLinkMetadata
                   PrepareForRunDependsOn = 
                         CopyFilesToOutputDirectory
                       
                   PrepareProjectReferencesDependsOn = 
                         AssignProjectConfiguration;
                         _SplitProjectReferencesByFileExistence;
                         _GetProjectReferenceTargetFrameworkProperties;
                         _GetProjectReferencePlatformProperties
                       
                   PrepareResourceNamesDependsOn = 
                         AssignTargetPaths;
                         SplitResourcesByCulture;
                         CreateManifestResourceNames;
                         CreateCustomManifestResourceNames
                       
                   PrepareResourcesDependsOn = 
                         ResolvePackageDependenciesForBuild;
                         _HandlePackageFileConflicts;
                         
                         ;
                         PrepareResourceNames;
                         ResGen;
                         CompileLicxFiles
                       
                       
                   PreserveCompilationReferences = 
                   ProcessorArchitecture = msil
                   ProcessorArchitectureAsPlatform = AnyCPU
                   ProduceReferenceAssembly = true
                   Product = SampleOnionApp.Infrastructure
                   ProjectAssetsCacheFile = /home/home/Desktop/codex-test/src/SampleOnionApp.Infrastructure/obj/Debug/net8.0/SampleOnionApp.Infrastructure.assets.cache
                   ProjectAssetsFile = /home/home/Desktop/codex-test/src/SampleOnionApp.Infrastructure/obj/project.assets.json
                   ProjectDepsFileName = SampleOnionApp.Infrastructure.deps.json
                   ProjectDepsFilePath = /home/home/Desktop/codex-test/src/SampleOnionApp.Infrastructure/bin/Debug/net8.0/SampleOnionApp.Infrastructure.deps.json
                   ProjectDesignTimeAssemblyResolutionSearchPaths = 
                         {CandidateAssemblyFiles};
                         ;
                         {HintPathFromItem};
                         {TargetFrameworkDirectory};
                         {Registry:Software\Microsoft\.NETCoreApp,v8.0,AssemblyFoldersEx};
                         {RawFileName};
                         /home/home/Desktop/codex-test/src/SampleOnionApp.Infrastructure/bin/Debug/net8.0/
                       
                   ProjectDir = /home/home/Desktop/codex-test/src/SampleOnionApp.Infrastructure/
                   ProjectExt = .csproj
                   ProjectFileName = SampleOnionApp.Infrastructure.csproj
                   ProjectFlavor = Client
                   ProjectName = SampleOnionApp.Infrastructure
                   ProjectPath = /home/home/Desktop/codex-test/src/SampleOnionApp.Infrastructure/SampleOnionApp.Infrastructure.csproj
                   ProjectRuntimeConfigFileName = SampleOnionApp.Infrastructure.runtimeconfig.json
                   ProjectRuntimeConfigFilePath = /home/home/Desktop/codex-test/src/SampleOnionApp.Infrastructure/bin/Debug/net8.0/SampleOnionApp.Infrastructure.runtimeconfig.json
                   PublishableProject = 
                   PublishBuildDependsOn = 
                         BuildOnlySettings;
                         PrepareForBuild;
                         ResolveReferences;
                         PrepareResources;
                         ResolveKeySource;
                         GenerateSerializationAssemblies;
                         CreateSatelliteAssemblies;
                       
                   PublishDependsOn = 
                         _DeploymentUnpublishable
                       
                   PublishDir = bin/Debug/net8.0/publish/
                   PublishDirName = publish
                   PublishDocumentationFile = true
                   PublishDocumentationFiles = true
                   PublishItemsOutputGroupDependsOn = 
                         ;
                         ResolveReferences;
                         ComputeResolvedFilesToPublishList;
                         _ComputeFilesToBundle;
                       
                   PublishOnlyDependsOn = 
                         SetGenerateManifests;
                         PublishBuild;
                         BeforePublish;
                         GenerateManifests;
                         CopyFilesToOutputDirectory;
                         _CopyFilesToPublishFolder;
                         _DeploymentGenerateBootstrapper;
                         ResolveKeySource;
                         _DeploymentSignClickOnceDeployment;
                         AfterPublish
                       
                   PublishProfileImported = false
                   PublishReadyToRunComposite = false
                   PublishReadyToRunPerfmapFormatVersion = 1
                   PublishReadyToRunUseCrossgen2 = true
                   PublishReadyToRunUseRuntimePackOptimizationData = true
                   PublishReferencesDocumentationFiles = true
                   PublishRelease = true
                   RebuildDependsOn = 
                         _SdkBeforeRebuild;
                         
                         BeforeRebuild;
                         Clean;
                         Build;
                         AfterRebuild;
                       
                       
                   RefAssembliesFolderName = refs
                   ReferenceCopyLocalPathsOutputGroupDependsOn = 
                         ;
                         
                         ;
                         BuildOnlySettings;
                         PrepareForBuild;
                         AssignTargetPaths;
                         ResolveReferences
                       
                       
                   ReportingServicesTargets = /usr/lib/dotnet/sdk/8.0.121/Microsoft/VisualStudio/v17.0/ReportingServices/Microsoft.ReportingServices.targets
                   ResGenDependsOn = ResolveAssemblyReferences;SplitResourcesByCulture;BeforeResGen;CoreResGen;AfterResGen
                   ResGenExecuteAsTool = false
                   ResolveAssemblyReferenceOutputUnresolvedAssemblyConflicts = true
                   ResolveAssemblyReferencesDependsOn = 
                         
                         
                         ResolveProjectReferences;
                         FindInvalidProjectReferences;
                         GetFrameworkPaths;
                         GetReferenceAssemblyPaths;
                         PrepareForBuild;
                         ResolveSDKReferences;
                         ExpandSDKReferences;
                       ;
                         ResolvePackageDependenciesForBuild;
                         _HandlePackageFileConflicts;
                       ;
                         ResolveTargetingPackAssets;
                       
                   ResolveNuGetPackages = false
                   ResolvePackageDependenciesForBuildDependsOn = 
                         ResolveLockFileReferences;
                         ResolveLockFileAnalyzers;
                         ResolveLockFileCopyLocalFiles;
                         ResolveRuntimePackAssets;
                         RunProduceContentAssets;
                         IncludeTransitiveProjectReferences
                       
                   ResolveReferencesDependsOn = 
                         BeforeResolveReferences;
                         AssignProjectConfiguration;
                         ResolveProjectReferences;
                         FindInvalidProjectReferences;
                         ResolveNativeReferences;
                         ResolveAssemblyReferences;
                         GenerateBindingRedirects;
                         GenerateBindingRedirectsUpdateAppConfig;
                         ResolveComReferences;
                         AfterResolveReferences
                       
                   ResolveSDKReferencesDependsOn = 
                         GetInstalledSDKLocations
                       
                   RestoreBuildInParallel = true
                   RestoreContinueOnError = WarnAndContinue
                   RestoreOutputPath = /home/home/Desktop/codex-test/src/SampleOnionApp.Infrastructure/obj/
                   RestoreProjectStyle = PackageReference
                   RestoreRecursive = true
                   RestoreSuccess = True
                   RestoreTaskAssemblyFile = NuGet.Build.Tasks.dll
                   RestoreTool = NuGet
                   RestoreUseSkipNonexistentTargets = true
                   RootNamespace = SampleOnionApp.Infrastructure
                   RoslynTargetsPath = /usr/lib/dotnet/sdk/8.0.121/Roslyn
                   RunDependsOn = 
                   RunPackageValidationDependsOn = CollectApiCompatInputs;_GetReferencePathFromInnerProjects;
                   RuntimeIdentifierGraphPath = /usr/lib/dotnet/sdk/8.0.121/PortableRuntimeIdentifierGraph.json
                   RunWorkingDirectory = 
                   SatelliteDllsProjectOutputGroupDependenciesDependsOn = 
                         ;
                         
                         ;
                         BuildOnlySettings;
                         PrepareForBuild;
                         AssignTargetPaths;
                         ResolveReferences
                       
                       
                   SatelliteDllsProjectOutputGroupDependsOn = ;PrepareForBuild;PrepareResourceNames
                   SDKRedistOutputGroupDependsOn = ResolveSDKReferences;ExpandSDKReferences
                   SDKReferenceDirectoryRoot = /home/home/.local/share/Microsoft SDKs;/Microsoft SDKs
                   SDKReferenceRegistryRoot = Software\Microsoft\Microsoft SDKs
                   SGenFilesOutputGroupDependenciesDependsOn = 
                         ;
                         
                         ;
                         BuildOnlySettings;
                         PrepareForBuild;
                         AssignTargetPaths;
                         ResolveReferences
                       
                       
                   SGenFilesOutputGroupDependsOn = 
                   SGenShouldGenerateSerializer = true
                   SGenUseKeep = false
                   SGenUseProxyTypes = true
                   ShouldMarkCertainSDKReferencesAsRuntimeOnly = true
                   SignAssembly = false
                   SkipCopyUnchangedFiles = true
                   SkipImportNuGetBuildTargets = true
                   SkipImportNuGetProps = true
                   SolutionDir = *Undefined*
                   SolutionExt = *Undefined*
                   SolutionFileName = *Undefined*
                   SolutionName = *Undefined*
                   SolutionPath = *Undefined*
                   SourceControlInformationFeatureSupported = true
                   SourceControlManagerUrlTranslationTargets = ;TranslateGitHubUrlsInSourceControlInformation;TranslateGitLabUrlsInSourceControlInformation;TranslateAzureReposGitUrlsInSourceControlInformation;TranslateBitbucketGitUrlsInSourceControlInformation
                   SourceFilesProjectOutputGroupDependsOn = PrepareForBuild;AssignTargetPaths
                   SourceLinkUrlInitializerTargets = ;_InitializeGitHubSourceLinkUrl;_InitializeGitLabSourceLinkUrl;_InitializeAzureReposGitSourceLinkUrl;_InitializeBitbucketGitSourceLinkUrl
                   SourceRootMappedPathsFeatureSupported = true
                   SupportedOSPlatformVersion = 
                   SupportsRoslynComponentVersioning = true
                   SuppressDependenciesWhenPacking = false
                   SymbolPackageFormat = symbols.nupkg
                   TargetCulture = *
                   TargetDeployManifestFileName = SampleOnionApp.Infrastructure.application
                   TargetDir = /home/home/Desktop/codex-test/src/SampleOnionApp.Infrastructure/bin/Debug/net8.0/
                   TargetedFrameworkDir = @(_TargetedFrameworkDirectoryItem)
                   TargetedSDKArchitecture = msil
                   TargetedSDKConfiguration = Debug
                   TargetExt = .dll
                   TargetFileName = SampleOnionApp.Infrastructure.dll
                   TargetFramework = net8.0
                   TargetFrameworkDirectory = 
                   TargetFrameworkIdentifier = .NETCoreApp
                   TargetFrameworkMoniker = .NETCoreApp,Version=v8.0
                   TargetFrameworkMonikerAssemblyAttributesPath = obj/Debug/net8.0/.NETCoreApp,Version=v8.0.AssemblyAttributes.cs
                   TargetFrameworkMonikerDisplayName = .NET 8.0
                   TargetFrameworkSDKToolsDirectory = 
                   TargetFrameworkVersion = v8.0
                   TargetLatestRuntimePatch = false
                   TargetName = SampleOnionApp.Infrastructure
                   TargetPath = /home/home/Desktop/codex-test/src/SampleOnionApp.Infrastructure/bin/Debug/net8.0/SampleOnionApp.Infrastructure.dll
                   TargetPlatformDisplayName =  
                   TargetPlatformIdentifier = 
                   TargetPlatformRegistryBase = Software\Microsoft\Microsoft SDKs\
                   TargetPlatformSdkPath = 
                   TargetPlatformVersion = 
                   TargetRefPath = /home/home/Desktop/codex-test/src/SampleOnionApp.Infrastructure/obj/Debug/net8.0/ref/SampleOnionApp.Infrastructure.dll
                   TargetRuntime = Managed
                   TargetsCurrent = true
                   TargetsForTfmSpecificContentInPackage = ;PackTool;_PackProjectToolValidation
                   TargetsNet8 = true
                   ToolCommandName = SampleOnionApp.Infrastructure
                   ToolDepsJsonGeneratorProject = /usr/lib/dotnet/sdk/8.0.121/Sdks/Microsoft.NET.Sdk/targets/GenerateDeps/GenerateDeps.proj
                   ToolEntryPoint = SampleOnionApp.Infrastructure.dll
                   TreatWarningsAsErrors = false
                   UnmanagedRegistrationDependsOn = 
                   UnmanagedUnregistrationDependsOn = 
                   UnsupportedTargetFrameworkVersion = 9.0
                   UseCommonOutputDirectory = false
                   UseDefaultPlatformLookupTables = true
                   UseHostCompilerIfAvailable = true
                   UseOSWinMdReferences = false
                   UseRidGraph = false
                   UserProfileRuntimeStorePath = /home/home/.dotnet/store
                   UserRuntimeConfig = /home/home/Desktop/codex-test/src/SampleOnionApp.Infrastructure/runtimeconfig.template.json
                   UseSourcePath = true
                   UsingMicrosoftNETSdk = true
                   UsingNETSdkDefaults = true
                   Utf8Output = true
                   ValidateRuntimeIdentifierCompatibility = false
                   VerifyMatchingImplicitPackageVersion = true
                   Version = 1.0.0
                   VersionlessImplicitFrameworkDefine = NET
                   VersionPrefix = 1.0.0
                   VisualStudioVersion = 17.0
                   VSTestConsolePath = /usr/lib/dotnet/sdk/8.0.121/vstest.console.dll
                   VSTestTargets = /usr/lib/dotnet/sdk/8.0.121/Microsoft.TestPlatform.targets
                   VSTestTaskAssemblyFile = Microsoft.TestPlatform.Build.dll
                   WarningLevel = 8
                   WarningsAsErrors = ;NU1605;SYSLIB0011
                   WarnOnPackingNonPackableProject = false
                   WebReference_EnableLegacyEventingModel = false
                   WebReference_EnableProperties = true
                   WebReference_EnableSQLTypes = true
                   WMSJSProject = WJProject
                   WMSJSProjectDirectory = JavaScript
                   YieldDuringToolExecution = true

20:21:26.828     0>Initial Items:
                   _AdditionalTargetFrameworkInfoPropertyWithValue
                       _IsExecutable
                           Value = 
                       _SelfContainedWasSpecified
                           Value = 
                       IsRidAgnostic
                           Value = true
                       SelfContained
                           Value = 
                       ShouldBeValidatedAsExecutableReference
                           Value = 
                   _AllDirectoriesAbove
                       /
                       /home
                       /home/home
                       /home/home/Desktop
                       /home/home/Desktop/codex-test
                       /home/home/Desktop/codex-test/src
                       /home/home/Desktop/codex-test/src/SampleOnionApp.Infrastructure
                       /home/home/Desktop/codex-test/src/SampleOnionApp.Infrastructure/Extensions
                       /home/home/Desktop/codex-test/src/SampleOnionApp.Infrastructure/Persistence
                   _ApplicationManifestFinal
                       bin/Debug/net8.0/Native.SampleOnionApp.Infrastructure.manifest
                           TargetPath = Native.SampleOnionApp.Infrastructure.manifest
                   _DebugSymbolsIntermediatePath
                       obj/Debug/net8.0/SampleOnionApp.Infrastructure.pdb
                   _DebugSymbolsOutputPath
                       bin/Debug/net8.0/SampleOnionApp.Infrastructure.pdb
                   _DeploymentManifestEntryPoint
                       obj/Debug/net8.0/SampleOnionApp.Infrastructure.dll
                           TargetPath = SampleOnionApp.Infrastructure.dll
                   _EolNetCoreTargetFrameworkVersions
                       1.0
                       1.1
                       2.0
                       2.1
                       2.2
                       3.0
                       3.1
                       5.0
                       6.0
                       7.0
                   _ExcludedKnownRuntimeIdentiferPlatforms
                       rhel.6
                       rhel.6
                       rhel.6
                       rhel.6
                       rhel.6
                       rhel.6
                       rhel.6
                       rhel.6
                       rhel.6
                       rhel.6
                       rhel.6
                       rhel.6
                       rhel.6
                       rhel.6
                       rhel.6
                       rhel.6
                       rhel.6
                       rhel.6
                       rhel.6
                       rhel.6
                       rhel.6
                       rhel.6
                       rhel.6
                       rhel.6
                       rhel.6
                       rhel.6
                       rhel.6
                       rhel.6
                       rhel.6
                       rhel.6
                       tizen.4.0.0
                       tizen.4.0.0
                       tizen.4.0.0
                       tizen.4.0.0
                       tizen.4.0.0
                       tizen.4.0.0
                       tizen.4.0.0
                       tizen.4.0.0
                       tizen.4.0.0
                       tizen.4.0.0
                       tizen.4.0.0
                       tizen.4.0.0
                       tizen.4.0.0
                       tizen.4.0.0
                       tizen.4.0.0
                       tizen.4.0.0
                       tizen.4.0.0
                       tizen.4.0.0
                       tizen.4.0.0
                       tizen.4.0.0
                       tizen.4.0.0
                       tizen.4.0.0
                       tizen.4.0.0
                       tizen.4.0.0
                       tizen.4.0.0
                       tizen.4.0.0
                       tizen.4.0.0
                       tizen.4.0.0
                       tizen.4.0.0
                       tizen.4.0.0
                       tizen.5.0.0
                       tizen.5.0.0
                       tizen.5.0.0
                       tizen.5.0.0
                       tizen.5.0.0
                       tizen.5.0.0
                       tizen.5.0.0
                       tizen.5.0.0
                       tizen.5.0.0
                       tizen.5.0.0
                       tizen.5.0.0
                       tizen.5.0.0
                       tizen.5.0.0
                       tizen.5.0.0
                       tizen.5.0.0
                       tizen.5.0.0
                       tizen.5.0.0
                       tizen.5.0.0
                       tizen.5.0.0
                       tizen.5.0.0
                       tizen.5.0.0
                       tizen.5.0.0
                       tizen.5.0.0
                       tizen.5.0.0
                       tizen.5.0.0
                       tizen.5.0.0
                       tizen.5.0.0
                       tizen.5.0.0
                       tizen.5.0.0
                       tizen.5.0.0
                   _KnownRuntimeIdentiferPlatforms
                       any
                       any
                       any
                       any
                       any
                       any
                       any
                       any
                       any
                       any
                       any
                       any
                       any
                       any
                       any
                       any
                       any
                       any
                       any
                       any
                       any
                       any
                       any
                       any
                       any
                       any
                       any
                       any
                       any
                       any
                       aot
                       aot
                       aot
                       aot
                       aot
                       aot
                       aot
                       aot
                       aot
                       aot
                       aot
                       aot
                       aot
                       aot
                       aot
                       aot
                       aot
                       aot
                       aot
                       aot
                       aot
                       aot
                       aot
                       aot
                       aot
                       aot
                       aot
                       aot
                       aot
                       aot
                       freebsd
                       freebsd
                       freebsd
                       freebsd
                       freebsd
                       freebsd
                       freebsd
                       freebsd
                       freebsd
                       freebsd
                       freebsd
                       freebsd
                       freebsd
                       freebsd
                       freebsd
                       freebsd
                       freebsd
                       freebsd
                       freebsd
                       freebsd
                       freebsd
                       freebsd
                       freebsd
                       freebsd
                       freebsd
                       freebsd
                       freebsd
                       freebsd
                       freebsd
                       freebsd
                       illumos
                       illumos
                       illumos
                       illumos
                       illumos
                       illumos
                       illumos
                       illumos
                       illumos
                       illumos
                       illumos
                       illumos
                       illumos
                       illumos
                       illumos
                       illumos
                       illumos
                       illumos
                       illumos
                       illumos
                       illumos
                       illumos
                       illumos
                       illumos
                       illumos
                       illumos
                       illumos
                       illumos
                       illumos
                       illumos
                       solaris
                       solaris
                       solaris
                       solaris
                       solaris
                       solaris
                       solaris
                       solaris
                       solaris
                       solaris
                       solaris
                       solaris
                       solaris
                       solaris
                       solaris
                       solaris
                       solaris
                       solaris
                       solaris
                       solaris
                       solaris
                       solaris
                       solaris
                       solaris
                       solaris
                       solaris
                       solaris
                       solaris
                       solaris
                       solaris
                       unix
                       unix
                       unix
                       unix
                       unix
                       unix
                       unix
                       unix
                       unix
                       unix
                       unix
                       unix
                       unix
                       unix
                       unix
                       unix
                       unix
                       unix
                       unix
                       unix
                       unix
                       unix
                       unix
                       unix
                       unix
                       unix
                       unix
                       unix
                       unix
                       unix
                   _OutputPathItem
                       bin/Debug/net8.0/
                   _ResolveComReferenceCache
                       obj/Debug/net8.0/SampleOnionApp.Infrastructure.csproj.ResolveComReference.cache
                   _TargetFrameworkInfo
                       net8.0
                           TargetPlatformMonikers = None
                           AdditionalPropertiesFromProject = <TargetFramework Name="net8.0">
                     <SelfContained></SelfContained>
                     <_IsExecutable></_IsExecutable>
                     <IsRidAgnostic>true</IsRidAgnostic>
                     <ShouldBeValidatedAsExecutableReference></ShouldBeValidatedAsExecutableReference>
                     <_SelfContainedWasSpecified></_SelfContainedWasSpecified>
                   </TargetFramework>
                           TargetFrameworkMonikers = .NETCoreApp,Version=v8.0
                           TargetFrameworks = net8.0
                           IsRidAgnostic = true
                   _ThisProjectBuildMetadata
                       /home/home/Desktop/codex-test/src/SampleOnionApp.Infrastructure/SampleOnionApp.Infrastructure.csproj
                           HasSingleTargetFramework = true
                           TargetPlatformMonikers = None
                           Platform = AnyCPU
                           AdditionalPropertiesFromProject = <AdditionalProjectProperties>
                     <TargetFramework Name="net8.0">
                       <SelfContained></SelfContained>
                       <_IsExecutable></_IsExecutable>
                       <IsRidAgnostic>true</IsRidAgnostic>
                       <ShouldBeValidatedAsExecutableReference></ShouldBeValidatedAsExecutableReference>
                       <_SelfContainedWasSpecified></_SelfContainedWasSpecified>
                     </TargetFramework>
                   </AdditionalProjectProperties>
                           TargetFrameworkMonikers = .NETCoreApp,Version=v8.0
                           TargetFrameworks = net8.0
                           IsRidAgnostic = true
                           Platforms = AnyCPU
                   _UnmanagedRegistrationCache
                       obj/SampleOnionApp.Infrastructure.csproj.UnmanagedRegistration.cache
                   AdditionalTargetFrameworkInfoProperty
                       _IsExecutable
                       _SelfContainedWasSpecified
                       IsRidAgnostic
                       SelfContained
                       ShouldBeValidatedAsExecutableReference
                   Analyzer
                       /usr/lib/dotnet/sdk/8.0.121/Sdks/Microsoft.NET.Sdk/targets/../analyzers/Microsoft.CodeAnalysis.CSharp.NetAnalyzers.dll
                           IsImplicitlyDefined = true
                       /usr/lib/dotnet/sdk/8.0.121/Sdks/Microsoft.NET.Sdk/targets/../analyzers/Microsoft.CodeAnalysis.NetAnalyzers.dll
                           IsImplicitlyDefined = true
                   AppConfigFileDestination
                       bin/Debug/net8.0/SampleOnionApp.Infrastructure.dll.config
                   ApplicationManifest
                       obj/Debug/net8.0/Native.SampleOnionApp.Infrastructure.manifest
                           TargetPath = Native.SampleOnionApp.Infrastructure.manifest
                   BuiltProjectOutputGroupKeyOutput
                       /home/home/Desktop/codex-test/src/SampleOnionApp.Infrastructure/obj/Debug/net8.0/SampleOnionApp.Infrastructure.dll
                           IsKeyOutput = true
                           FinalOutputPath = /home/home/Desktop/codex-test/src/SampleOnionApp.Infrastructure/bin/Debug/net8.0/SampleOnionApp.Infrastructure.dll
                           TargetPath = SampleOnionApp.Infrastructure.dll
                   ClsidMap
                       obj/Debug/net8.0/SampleOnionApp.Infrastructure.clsidmap
                   Compile
                       Extensions/DependencyInjection.cs
                       Persistence/InMemoryTodoRepository.cs
                   CompilerVisibleProperty
                       _SupportedPlatformList
                       EnableComHosting
                       EnableGeneratedComInterfaceComImportInterop
                       EnforceExtendedAnalyzerRules
                       InvariantGlobalization
                       PlatformNeutralAssembly
                       ProjectDir
                       ProjectTypeGuids
                       RootNamespace
                       TargetFramework
                       TargetPlatformMinVersion
                       UsingMicrosoftNETSdkWeb
                   CopyUpToDateMarker
                       /home/home/Desktop/codex-test/src/SampleOnionApp.Infrastructure/obj/Debug/net8.0/SampleOnionApp.Infrastructure.csproj.CopyComplete
                   CreateDirectory
                       /home/home/Desktop/codex-test/src/SampleOnionApp.Infrastructure/obj/Debug/net8.0/refint/
                       obj/Debug/net8.0/ref
                   DebugSymbolsProjectOutputGroupOutput
                       /home/home/Desktop/codex-test/src/SampleOnionApp.Infrastructure/obj/Debug/net8.0/SampleOnionApp.Infrastructure.pdb
                           FinalOutputPath = /home/home/Desktop/codex-test/src/SampleOnionApp.Infrastructure/bin/Debug/net8.0/SampleOnionApp.Infrastructure.pdb
                           TargetPath = SampleOnionApp.Infrastructure.pdb
                   DeployManifest
                       obj/Debug/net8.0/SampleOnionApp.Infrastructure.application
                           TargetPath = SampleOnionApp.Infrastructure.application
                   EmbedInBinlog
                       /home/home/Desktop/codex-test/src/SampleOnionApp.Infrastructure/obj/project.assets.json
                   FrameworkReference
                       Microsoft.NETCore.App
                           IsImplicitlyDefined = true
                           PrivateAssets = All
                           Pack = false
                   GenerateRuntimeConfigurationFilesInputs
                       /home/home/Desktop/codex-test/src/SampleOnionApp.Infrastructure/obj/Debug/net8.0/SampleOnionApp.Infrastructure.assets.cache
                       /home/home/Desktop/codex-test/src/SampleOnionApp.Infrastructure/obj/project.assets.json
                   GlobalAnalyzerConfigFiles
                       /.globalconfig
                       /home/.globalconfig
                       /home/home/.globalconfig
                       /home/home/Desktop/.globalconfig
                       /home/home/Desktop/codex-test/.globalconfig
                       /home/home/Desktop/codex-test/src/.globalconfig
                       /home/home/Desktop/codex-test/src/SampleOnionApp.Infrastructure/.globalconfig
                       /home/home/Desktop/codex-test/src/SampleOnionApp.Infrastructure/Extensions/.globalconfig
                       /home/home/Desktop/codex-test/src/SampleOnionApp.Infrastructure/Persistence/.globalconfig
                   ImplicitPackageReferenceVersion
                       Microsoft.AspNetCore.All
                           LatestVersion = 2.1.30
                           DefaultVersion = 2.1.1
                           TargetFrameworkVersion = 2.1
                       Microsoft.AspNetCore.All
                           LatestVersion = 2.2.8
                           DefaultVersion = 2.2.0
                           TargetFrameworkVersion = 2.2
                       Microsoft.AspNetCore.App
                           LatestVersion = 2.1.30
                           DefaultVersion = 2.1.1
                           TargetFrameworkVersion = 2.1
                       Microsoft.AspNetCore.App
                           LatestVersion = 2.2.8
                           DefaultVersion = 2.2.0
                           TargetFrameworkVersion = 2.2
                       Microsoft.NETCore.App
                           LatestVersion = 1.0.16
                           DefaultVersion = 1.0.5
                           TargetFrameworkVersion = 1.0
                       Microsoft.NETCore.App
                           LatestVersion = 1.1.13
                           DefaultVersion = 1.1.2
                           TargetFrameworkVersion = 1.1
                       Microsoft.NETCore.App
                           LatestVersion = 2.0.9
                           DefaultVersion = 2.0.0
                           TargetFrameworkVersion = 2.0
                       Microsoft.NETCore.App
                           LatestVersion = 2.1.30
                           DefaultVersion = 2.1.0
                           TargetFrameworkVersion = 2.1
                       Microsoft.NETCore.App
                           LatestVersion = 2.2.8
                           DefaultVersion = 2.2.0
                           TargetFrameworkVersion = 2.2
                   IntermediateAssembly
                       obj/Debug/net8.0/SampleOnionApp.Infrastructure.dll
                   IntermediateRefAssembly
                       obj/Debug/net8.0/refint/SampleOnionApp.Infrastructure.dll
                   KnownAppHostPack
                       Microsoft.NETCore.App
                           ExcludedRuntimeIdentifiers = android
                           AppHostRuntimeIdentifiers = linux-arm;linux-arm64;linux-musl-arm64;linux-musl-x64;linux-x64;osx-x64;rhel.6-x64;tizen.4.0.0-armel;tizen.5.0.0-armel;win-arm64;win-x64;win-x86;linux-musl-arm;osx-arm64;linux-s390x;linux-bionic-arm;linux-bionic-arm64;linux-bionic-x64;linux-bionic-x86;linux-ppc64le;ubuntu.24.04-x64
                           TargetFramework = net8.0
                           AppHostPackNamePattern = Microsoft.NETCore.App.Host.**RID**
                           AppHostPackVersion = 8.0.21
                       Microsoft.NETCore.App
                           ExcludedRuntimeIdentifiers = android
                           AppHostRuntimeIdentifiers = linux-arm;linux-arm64;linux-musl-arm64;linux-musl-x64;linux-x64;osx-x64;rhel.6-x64;tizen.4.0.0-armel;tizen.5.0.0-armel;win-arm;win-arm64;win-x64;win-x86;linux-musl-arm;osx-arm64;linux-s390x;linux-bionic-arm;linux-bionic-arm64;linux-bionic-x64;linux-bionic-x86;linux-ppc64le
                           TargetFramework = net7.0
                           AppHostPackNamePattern = Microsoft.NETCore.App.Host.**RID**
                           AppHostPackVersion = 7.0.20
                       Microsoft.NETCore.App
                           ExcludedRuntimeIdentifiers = android
                           AppHostRuntimeIdentifiers = linux-arm;linux-arm64;linux-musl-arm64;linux-musl-x64;linux-x64;osx-x64;rhel.6-x64;tizen.4.0.0-armel;tizen.5.0.0-armel;win-arm;win-arm64;win-x64;win-x86;linux-musl-arm;osx-arm64;linux-s390x
                           TargetFramework = net6.0
                           AppHostPackNamePattern = Microsoft.NETCore.App.Host.**RID**
                           AppHostPackVersion = 6.0.36
                       Microsoft.NETCore.App
                           AppHostRuntimeIdentifiers = linux-arm;linux-arm64;linux-musl-arm64;linux-musl-x64;linux-x64;osx-x64;rhel.6-x64;tizen.4.0.0-armel;tizen.5.0.0-armel;win-arm;win-arm64;win-x64;win-x86;linux-musl-arm
                           TargetFramework = net5.0
                           AppHostPackNamePattern = Microsoft.NETCore.App.Host.**RID**
                           AppHostPackVersion = 5.0.17
                       Microsoft.NETCore.App
                           AppHostRuntimeIdentifiers = linux-arm;linux-arm64;linux-musl-arm64;linux-musl-x64;linux-x64;osx-x64;rhel.6-x64;tizen.4.0.0-armel;tizen.5.0.0-armel;win-arm;win-arm64;win-x64;win-x86
                           TargetFramework = netcoreapp3.1
                           AppHostPackNamePattern = Microsoft.NETCore.App.Host.**RID**
                           AppHostPackVersion = 3.1.32
                       Microsoft.NETCore.App
                           AppHostRuntimeIdentifiers = linux-arm;linux-arm64;linux-musl-arm64;linux-musl-x64;linux-x64;osx-x64;rhel.6-x64;tizen.4.0.0-armel;tizen.5.0.0-armel;win-arm;win-arm64;win-x64;win-x86
                           TargetFramework = netcoreapp3.0
                           AppHostPackNamePattern = Microsoft.NETCore.App.Host.**RID**
                           AppHostPackVersion = 3.0.3
                   KnownCrossgen2Pack
                       Microsoft.NETCore.App.Crossgen2
                           Crossgen2RuntimeIdentifiers = linux-musl-x64;linux-x64;win-x64;linux-arm;linux-arm64;linux-musl-arm;linux-musl-arm64;osx-arm64;osx-x64;win-arm64;win-x86
                           TargetFramework = net8.0
                           Crossgen2PackNamePattern = Microsoft.NETCore.App.Crossgen2.**RID**
                           Crossgen2PackVersion = 8.0.21
                       Microsoft.NETCore.App.Crossgen2
                           Crossgen2RuntimeIdentifiers = linux-musl-x64;linux-x64;win-x64;linux-arm;linux-arm64;linux-musl-arm;linux-musl-arm64;osx-arm64;osx-x64;win-arm;win-arm64;win-x86
                           TargetFramework = net7.0
                           Crossgen2PackNamePattern = Microsoft.NETCore.App.Crossgen2.**RID**
                           Crossgen2PackVersion = 7.0.20
                       Microsoft.NETCore.App.Crossgen2
                           Crossgen2RuntimeIdentifiers = linux-musl-x64;linux-x64;win-x64;linux-arm;linux-arm64;linux-musl-arm;linux-musl-arm64;osx-arm64;osx-x64;win-arm;win-arm64;win-x86
                           TargetFramework = net6.0
                           Crossgen2PackNamePattern = Microsoft.NETCore.App.Crossgen2.**RID**
                           Crossgen2PackVersion = 6.0.36
                       Microsoft.NETCore.App.Crossgen2
                           Crossgen2RuntimeIdentifiers = linux-musl-x64;linux-x64;win-x64
                           TargetFramework = net5.0
                           Crossgen2PackNamePattern = Microsoft.NETCore.App.Crossgen2.**RID**
                           Crossgen2PackVersion = 5.0.17
                   KnownFrameworkReference
                       Microsoft.AspNetCore.App
                           TargetFramework = netcoreapp3.0
                           DefaultRuntimeFrameworkVersion = 3.0.0
                           TargetingPackName = Microsoft.AspNetCore.App.Ref
                           LatestRuntimeFrameworkVersion = 3.0.3
                           RuntimePackRuntimeIdentifiers = win-x64;win-x86;win-arm;osx-x64;linux-musl-x64;linux-musl-arm64;linux-x64;linux-arm;linux-arm64
                           RuntimePackNamePatterns = Microsoft.AspNetCore.App.Runtime.**RID**
                           TargetingPackVersion = 3.0.1
                           RuntimeFrameworkName = Microsoft.AspNetCore.App
                       Microsoft.AspNetCore.App
                           TargetFramework = netcoreapp3.1
                           DefaultRuntimeFrameworkVersion = 3.1.0
                           TargetingPackName = Microsoft.AspNetCore.App.Ref
                           LatestRuntimeFrameworkVersion = 3.1.32
                           RuntimePackRuntimeIdentifiers = win-x64;win-x86;win-arm;osx-x64;linux-musl-x64;linux-musl-arm64;linux-x64;linux-arm;linux-arm64
                           RuntimePackNamePatterns = Microsoft.AspNetCore.App.Runtime.**RID**
                           TargetingPackVersion = 3.1.10
                           RuntimeFrameworkName = Microsoft.AspNetCore.App
                       Microsoft.AspNetCore.App
                           TargetFramework = net7.0
                           DefaultRuntimeFrameworkVersion = 7.0.0
                           TargetingPackName = Microsoft.AspNetCore.App.Ref
                           LatestRuntimeFrameworkVersion = 7.0.20
                           RuntimePackExcludedRuntimeIdentifiers = android
                           RuntimePackRuntimeIdentifiers = win-x64;win-x86;win-arm;osx-x64;linux-musl-x64;linux-musl-arm64;linux-x64;linux-arm;linux-arm64;linux-musl-arm;win-arm64;osx-arm64;linux-s390x;linux-ppc64le
                           RuntimePackNamePatterns = Microsoft.AspNetCore.App.Runtime.**RID**
                           TargetingPackVersion = 7.0.20
                           RuntimeFrameworkName = Microsoft.AspNetCore.App
                       Microsoft.AspNetCore.App
                           TargetFramework = net8.0
                           DefaultRuntimeFrameworkVersion = 8.0.0
                           TargetingPackName = Microsoft.AspNetCore.App.Ref
                           LatestRuntimeFrameworkVersion = 8.0.21
                           RuntimePackExcludedRuntimeIdentifiers = android;linux-bionic
                           RuntimePackRuntimeIdentifiers = ubuntu.24.04-x64;win-x64;win-x86;win-arm;osx-x64;linux-musl-x64;linux-musl-arm64;linux-x64;linux-arm;linux-arm64;linux-musl-arm;win-arm64;osx-arm64;linux-s390x;linux-ppc64le
                           RuntimePackNamePatterns = Microsoft.AspNetCore.App.Runtime.**RID**
                           TargetingPackVersion = 8.0.21
                           RuntimeFrameworkName = Microsoft.AspNetCore.App
                       Microsoft.AspNetCore.App
                           TargetFramework = net5.0
                           DefaultRuntimeFrameworkVersion = 5.0.0
                           TargetingPackName = Microsoft.AspNetCore.App.Ref
                           LatestRuntimeFrameworkVersion = 5.0.17
                           RuntimePackRuntimeIdentifiers = win-x64;win-x86;win-arm;osx-x64;linux-musl-x64;linux-musl-arm64;linux-x64;linux-arm;linux-arm64;linux-musl-arm;win-arm64
                           RuntimePackNamePatterns = Microsoft.AspNetCore.App.Runtime.**RID**
                           TargetingPackVersion = 5.0.0
                           RuntimeFrameworkName = Microsoft.AspNetCore.App
                       Microsoft.AspNetCore.App
                           TargetFramework = net6.0
                           DefaultRuntimeFrameworkVersion = 6.0.0
                           TargetingPackName = Microsoft.AspNetCore.App.Ref
                           LatestRuntimeFrameworkVersion = 6.0.36
                           RuntimePackRuntimeIdentifiers = win-x64;win-x86;win-arm;osx-x64;linux-musl-x64;linux-musl-arm64;linux-x64;linux-arm;linux-arm64;linux-musl-arm;win-arm64;osx-arm64;linux-s390x
                           RuntimePackNamePatterns = Microsoft.AspNetCore.App.Runtime.**RID**
                           TargetingPackVersion = 6.0.36
                           RuntimeFrameworkName = Microsoft.AspNetCore.App
                       Microsoft.NETCore.App
                           TargetFramework = net8.0
                           DefaultRuntimeFrameworkVersion = 8.0.0
                           TargetingPackName = Microsoft.NETCore.App.Ref
                           LatestRuntimeFrameworkVersion = 8.0.21
                           RuntimePackRuntimeIdentifiers = linux-arm;linux-arm64;linux-musl-arm64;linux-musl-x64;linux-x64;osx-x64;rhel.6-x64;tizen.4.0.0-armel;tizen.5.0.0-armel;win-arm64;win-x64;win-x86;linux-musl-arm;osx-arm64;linux-s390x;linux-bionic-arm;linux-bionic-arm64;linux-bionic-x64;linux-bionic-x86;linux-ppc64le;ubuntu.24.04-x64
                           RuntimePackNamePatterns = Microsoft.NETCore.App.Runtime.**RID**
                           TargetingPackVersion = 8.0.21
                           RuntimeFrameworkName = Microsoft.NETCore.App
                       Microsoft.NETCore.App
                           TargetFramework = net5.0
                           DefaultRuntimeFrameworkVersion = 5.0.0
                           TargetingPackName = Microsoft.NETCore.App.Ref
                           LatestRuntimeFrameworkVersion = 5.0.17
                           RuntimePackRuntimeIdentifiers = linux-arm;linux-arm64;linux-musl-arm64;linux-musl-x64;linux-x64;osx-x64;rhel.6-x64;tizen.4.0.0-armel;tizen.5.0.0-armel;win-arm;win-arm64;win-x64;win-x86;linux-musl-arm;browser-wasm
                           RuntimePackNamePatterns = Microsoft.NETCore.App.Runtime.**RID**
                           TargetingPackVersion = 5.0.0
                           IsTrimmable = true
                           RuntimeFrameworkName = Microsoft.NETCore.App
                       Microsoft.NETCore.App
                           TargetFramework = net7.0
                           DefaultRuntimeFrameworkVersion = 7.0.0
                           TargetingPackName = Microsoft.NETCore.App.Ref
                           LatestRuntimeFrameworkVersion = 7.0.20
                           RuntimePackRuntimeIdentifiers = linux-arm;linux-arm64;linux-musl-arm64;linux-musl-x64;linux-x64;osx-x64;rhel.6-x64;tizen.4.0.0-armel;tizen.5.0.0-armel;win-arm;win-arm64;win-x64;win-x86;linux-musl-arm;osx-arm64;linux-s390x;linux-bionic-arm;linux-bionic-arm64;linux-bionic-x64;linux-bionic-x86;linux-ppc64le
                           RuntimePackNamePatterns = Microsoft.NETCore.App.Runtime.**RID**
                           TargetingPackVersion = 7.0.20
                           RuntimeFrameworkName = Microsoft.NETCore.App
                       Microsoft.NETCore.App
                           TargetFramework = netcoreapp3.1
                           DefaultRuntimeFrameworkVersion = 3.1.0
                           TargetingPackName = Microsoft.NETCore.App.Ref
                           LatestRuntimeFrameworkVersion = 3.1.32
                           RuntimePackRuntimeIdentifiers = linux-arm;linux-arm64;linux-musl-arm64;linux-musl-x64;linux-x64;osx-x64;rhel.6-x64;tizen.4.0.0-armel;tizen.5.0.0-armel;win-arm;win-arm64;win-x64;win-x86
                           RuntimePackNamePatterns = Microsoft.NETCore.App.Runtime.**RID**
                           TargetingPackVersion = 3.1.0
                           IsTrimmable = true
                           RuntimeFrameworkName = Microsoft.NETCore.App
                       Microsoft.NETCore.App
                           TargetFramework = netcoreapp3.0
                           DefaultRuntimeFrameworkVersion = 3.0.0
                           TargetingPackName = Microsoft.NETCore.App.Ref
                           LatestRuntimeFrameworkVersion = 3.0.3
                           RuntimePackRuntimeIdentifiers = linux-arm;linux-arm64;linux-musl-arm64;linux-musl-x64;linux-x64;osx-x64;rhel.6-x64;tizen.4.0.0-armel;tizen.5.0.0-armel;win-arm;win-arm64;win-x64;win-x86
                           RuntimePackNamePatterns = Microsoft.NETCore.App.Runtime.**RID**
                           TargetingPackVersion = 3.0.0
                           IsTrimmable = true
                           RuntimeFrameworkName = Microsoft.NETCore.App
                       Microsoft.NETCore.App
                           TargetFramework = net6.0
                           DefaultRuntimeFrameworkVersion = 6.0.0
                           TargetingPackName = Microsoft.NETCore.App.Ref
                           LatestRuntimeFrameworkVersion = 6.0.36
                           RuntimePackRuntimeIdentifiers = linux-arm;linux-arm64;linux-musl-arm64;linux-musl-x64;linux-x64;osx-x64;rhel.6-x64;tizen.4.0.0-armel;tizen.5.0.0-armel;win-arm;win-arm64;win-x64;win-x86;linux-musl-arm;osx-arm64;linux-s390x
                           RuntimePackNamePatterns = Microsoft.NETCore.App.Runtime.**RID**
                           TargetingPackVersion = 6.0.36
                           RuntimeFrameworkName = Microsoft.NETCore.App
                       Microsoft.Windows.SDK.NET.Ref
                           RuntimePackAlwaysCopyLocal = true
                           TargetFramework = net5.0-windows10.0.18362.0
                           DefaultRuntimeFrameworkVersion = 10.0.18362.56
                           TargetingPackName = Microsoft.Windows.SDK.NET.Ref
                           IsWindowsOnly = true
                           LatestRuntimeFrameworkVersion = 10.0.18362.56
                           RuntimePackRuntimeIdentifiers = any
                           RuntimePackNamePatterns = Microsoft.Windows.SDK.NET.Ref
                           TargetingPackVersion = 10.0.18362.56
                           RuntimeFrameworkName = Microsoft.Windows.SDK.NET.Ref
                       Microsoft.Windows.SDK.NET.Ref
                           RuntimePackAlwaysCopyLocal = true
                           TargetFramework = net5.0-windows10.0.19041.0
                           DefaultRuntimeFrameworkVersion = 10.0.19041.56
                           TargetingPackName = Microsoft.Windows.SDK.NET.Ref
                           IsWindowsOnly = true
                           LatestRuntimeFrameworkVersion = 10.0.19041.56
                           RuntimePackRuntimeIdentifiers = any
                           RuntimePackNamePatterns = Microsoft.Windows.SDK.NET.Ref
                           TargetingPackVersion = 10.0.19041.56
                           RuntimeFrameworkName = Microsoft.Windows.SDK.NET.Ref
                       Microsoft.Windows.SDK.NET.Ref
                           RuntimePackAlwaysCopyLocal = true
                           TargetFramework = net6.0-windows10.0.19041.0
                           DefaultRuntimeFrameworkVersion = 10.0.19041.56
                           TargetingPackName = Microsoft.Windows.SDK.NET.Ref
                           IsWindowsOnly = true
                           LatestRuntimeFrameworkVersion = 10.0.19041.56
                           RuntimePackRuntimeIdentifiers = any
                           RuntimePackNamePatterns = Microsoft.Windows.SDK.NET.Ref
                           TargetingPackVersion = 10.0.19041.56
                           RuntimeFrameworkName = Microsoft.Windows.SDK.NET.Ref
                       Microsoft.Windows.SDK.NET.Ref
                           RuntimePackAlwaysCopyLocal = true
                           TargetFramework = net6.0-windows10.0.18362.0
                           DefaultRuntimeFrameworkVersion = 10.0.18362.56
                           TargetingPackName = Microsoft.Windows.SDK.NET.Ref
                           IsWindowsOnly = true
                           LatestRuntimeFrameworkVersion = 10.0.18362.56
                           RuntimePackRuntimeIdentifiers = any
                           RuntimePackNamePatterns = Microsoft.Windows.SDK.NET.Ref
                           TargetingPackVersion = 10.0.18362.56
                           RuntimeFrameworkName = Microsoft.Windows.SDK.NET.Ref
                       Microsoft.Windows.SDK.NET.Ref
                           RuntimePackAlwaysCopyLocal = true
                           TargetFramework = net5.0-windows10.0.17763.0
                           DefaultRuntimeFrameworkVersion = 10.0.17763.56
                           TargetingPackName = Microsoft.Windows.SDK.NET.Ref
                           IsWindowsOnly = true
                           LatestRuntimeFrameworkVersion = 10.0.17763.56
                           RuntimePackRuntimeIdentifiers = any
                           RuntimePackNamePatterns = Microsoft.Windows.SDK.NET.Ref
                           TargetingPackVersion = 10.0.17763.56
                           RuntimeFrameworkName = Microsoft.Windows.SDK.NET.Ref
                       Microsoft.Windows.SDK.NET.Ref
                           RuntimePackAlwaysCopyLocal = true
                           TargetFramework = net6.0-windows10.0.17763.0
                           DefaultRuntimeFrameworkVersion = 10.0.17763.56
                           TargetingPackName = Microsoft.Windows.SDK.NET.Ref
                           IsWindowsOnly = true
                           LatestRuntimeFrameworkVersion = 10.0.17763.56
                           RuntimePackRuntimeIdentifiers = any
                           RuntimePackNamePatterns = Microsoft.Windows.SDK.NET.Ref
                           TargetingPackVersion = 10.0.17763.56
                           RuntimeFrameworkName = Microsoft.Windows.SDK.NET.Ref
                       Microsoft.Windows.SDK.NET.Ref
                           RuntimePackAlwaysCopyLocal = true
                           TargetFramework = net8.0-windows10.0.18362.0
                           DefaultRuntimeFrameworkVersion = 10.0.18362.56
                           TargetingPackName = Microsoft.Windows.SDK.NET.Ref
                           IsWindowsOnly = true
                           LatestRuntimeFrameworkVersion = 10.0.18362.56
                           RuntimePackRuntimeIdentifiers = any
                           RuntimePackNamePatterns = Microsoft.Windows.SDK.NET.Ref
                           TargetingPackVersion = 10.0.18362.56
                           RuntimeFrameworkName = Microsoft.Windows.SDK.NET.Ref
                       Microsoft.Windows.SDK.NET.Ref
                           RuntimePackAlwaysCopyLocal = true
                           TargetFramework = net7.0-windows10.0.19041.0
                           DefaultRuntimeFrameworkVersion = 10.0.19041.56
                           TargetingPackName = Microsoft.Windows.SDK.NET.Ref
                           IsWindowsOnly = true
                           LatestRuntimeFrameworkVersion = 10.0.19041.56
                           RuntimePackRuntimeIdentifiers = any
                           RuntimePackNamePatterns = Microsoft.Windows.SDK.NET.Ref
                           TargetingPackVersion = 10.0.19041.56
                           RuntimeFrameworkName = Microsoft.Windows.SDK.NET.Ref
                       Microsoft.Windows.SDK.NET.Ref
                           RuntimePackAlwaysCopyLocal = true
                           TargetFramework = net7.0-windows10.0.18362.0
                           DefaultRuntimeFrameworkVersion = 10.0.18362.56
                           TargetingPackName = Microsoft.Windows.SDK.NET.Ref
                           IsWindowsOnly = true
                           LatestRuntimeFrameworkVersion = 10.0.18362.56
                           RuntimePackRuntimeIdentifiers = any
                           RuntimePackNamePatterns = Microsoft.Windows.SDK.NET.Ref
                           TargetingPackVersion = 10.0.18362.56
                           RuntimeFrameworkName = Microsoft.Windows.SDK.NET.Ref
                       Microsoft.Windows.SDK.NET.Ref
                           RuntimePackAlwaysCopyLocal = true
                           TargetFramework = net7.0-windows10.0.17763.0
                           DefaultRuntimeFrameworkVersion = 10.0.17763.56
                           TargetingPackName = Microsoft.Windows.SDK.NET.Ref
                           IsWindowsOnly = true
                           LatestRuntimeFrameworkVersion = 10.0.17763.56
                           RuntimePackRuntimeIdentifiers = any
                           RuntimePackNamePatterns = Microsoft.Windows.SDK.NET.Ref
                           TargetingPackVersion = 10.0.17763.56
                           RuntimeFrameworkName = Microsoft.Windows.SDK.NET.Ref
                       Microsoft.Windows.SDK.NET.Ref
                           RuntimePackAlwaysCopyLocal = true
                           TargetFramework = net8.0-windows10.0.17763.0
                           DefaultRuntimeFrameworkVersion = 10.0.17763.56
                           TargetingPackName = Microsoft.Windows.SDK.NET.Ref
                           IsWindowsOnly = true
                           LatestRuntimeFrameworkVersion = 10.0.17763.56
                           RuntimePackRuntimeIdentifiers = any
                           RuntimePackNamePatterns = Microsoft.Windows.SDK.NET.Ref
                           TargetingPackVersion = 10.0.17763.56
                           RuntimeFrameworkName = Microsoft.Windows.SDK.NET.Ref
                       Microsoft.Windows.SDK.NET.Ref
                           RuntimePackAlwaysCopyLocal = true
                           TargetFramework = net8.0-windows10.0.19041.0
                           DefaultRuntimeFrameworkVersion = 10.0.19041.56
                           TargetingPackName = Microsoft.Windows.SDK.NET.Ref
                           IsWindowsOnly = true
                           LatestRuntimeFrameworkVersion = 10.0.19041.56
                           RuntimePackRuntimeIdentifiers = any
                           RuntimePackNamePatterns = Microsoft.Windows.SDK.NET.Ref
                           TargetingPackVersion = 10.0.19041.56
                           RuntimeFrameworkName = Microsoft.Windows.SDK.NET.Ref
                       Microsoft.WindowsDesktop.App
                           TargetFramework = netcoreapp3.0
                           DefaultRuntimeFrameworkVersion = 3.0.0
                           TargetingPackName = Microsoft.WindowsDesktop.App.Ref
                           IsWindowsOnly = true
                           LatestRuntimeFrameworkVersion = 3.0.3
                           RuntimePackRuntimeIdentifiers = win-x64;win-x86
                           RuntimePackNamePatterns = Microsoft.WindowsDesktop.App.Runtime.**RID**
                           TargetingPackVersion = 3.0.0
                           RuntimeFrameworkName = Microsoft.WindowsDesktop.App
                       Microsoft.WindowsDesktop.App
                           TargetFramework = netcoreapp3.1
                           DefaultRuntimeFrameworkVersion = 3.1.0
                           TargetingPackName = Microsoft.WindowsDesktop.App.Ref
                           IsWindowsOnly = true
                           LatestRuntimeFrameworkVersion = 3.1.32
                           RuntimePackRuntimeIdentifiers = win-x64;win-x86
                           RuntimePackNamePatterns = Microsoft.WindowsDesktop.App.Runtime.**RID**
                           TargetingPackVersion = 3.1.0
                           RuntimeFrameworkName = Microsoft.WindowsDesktop.App
                       Microsoft.WindowsDesktop.App
                           TargetFramework = net6.0
                           DefaultRuntimeFrameworkVersion = 6.0.0
                           TargetingPackName = Microsoft.WindowsDesktop.App.Ref
                           IsWindowsOnly = true
                           LatestRuntimeFrameworkVersion = 6.0.36
                           RuntimePackRuntimeIdentifiers = win-x64;win-x86;win-arm64
                           RuntimePackNamePatterns = Microsoft.WindowsDesktop.App.Runtime.**RID**
                           TargetingPackVersion = 6.0.36
                           RuntimeFrameworkName = Microsoft.WindowsDesktop.App
                       Microsoft.WindowsDesktop.App
                           TargetFramework = net7.0
                           DefaultRuntimeFrameworkVersion = 7.0.0
                           TargetingPackName = Microsoft.WindowsDesktop.App.Ref
                           IsWindowsOnly = true
                           LatestRuntimeFrameworkVersion = 7.0.20
                           RuntimePackRuntimeIdentifiers = win-x64;win-x86;win-arm64
                           RuntimePackNamePatterns = Microsoft.WindowsDesktop.App.Runtime.**RID**
                           TargetingPackVersion = 7.0.20
                           RuntimeFrameworkName = Microsoft.WindowsDesktop.App
                       Microsoft.WindowsDesktop.App
                           TargetFramework = net8.0
                           DefaultRuntimeFrameworkVersion = 8.0.0
                           TargetingPackName = Microsoft.WindowsDesktop.App.Ref
                           IsWindowsOnly = true
                           LatestRuntimeFrameworkVersion = 8.0.21
                           RuntimePackRuntimeIdentifiers = win-x64;win-x86;win-arm64
                           RuntimePackNamePatterns = Microsoft.WindowsDesktop.App.Runtime.**RID**
                           TargetingPackVersion = 8.0.21
                           RuntimeFrameworkName = Microsoft.WindowsDesktop.App
                       Microsoft.WindowsDesktop.App
                           TargetFramework = net5.0
                           DefaultRuntimeFrameworkVersion = 5.0.0
                           TargetingPackName = Microsoft.WindowsDesktop.App.Ref
                           IsWindowsOnly = true
                           LatestRuntimeFrameworkVersion = 5.0.17
                           RuntimePackRuntimeIdentifiers = win-x64;win-x86;win-arm64
                           RuntimePackNamePatterns = Microsoft.WindowsDesktop.App.Runtime.**RID**
                           TargetingPackVersion = 5.0.0
                           RuntimeFrameworkName = Microsoft.WindowsDesktop.App
                       Microsoft.WindowsDesktop.App.WindowsForms
                           TargetFramework = netcoreapp3.0
                           DefaultRuntimeFrameworkVersion = 3.0.0
                           TargetingPackName = Microsoft.WindowsDesktop.App.Ref
                           IsWindowsOnly = true
                           LatestRuntimeFrameworkVersion = 3.0.3
                           RuntimePackRuntimeIdentifiers = win-x64;win-x86
                           RuntimePackNamePatterns = Microsoft.WindowsDesktop.App.Runtime.**RID**
                           TargetingPackVersion = 3.0.0
                           Profile = WindowsForms
                           RuntimeFrameworkName = Microsoft.WindowsDesktop.App
                       Microsoft.WindowsDesktop.App.WindowsForms
                           TargetFramework = net8.0
                           DefaultRuntimeFrameworkVersion = 8.0.0
                           TargetingPackName = Microsoft.WindowsDesktop.App.Ref
                           IsWindowsOnly = true
                           LatestRuntimeFrameworkVersion = 8.0.21
                           RuntimePackRuntimeIdentifiers = win-x64;win-x86;win-arm64
                           RuntimePackNamePatterns = Microsoft.WindowsDesktop.App.Runtime.**RID**
                           TargetingPackVersion = 8.0.21
                           Profile = WindowsForms
                           RuntimeFrameworkName = Microsoft.WindowsDesktop.App
                       Microsoft.WindowsDesktop.App.WindowsForms
                           TargetFramework = net7.0
                           DefaultRuntimeFrameworkVersion = 7.0.0
                           TargetingPackName = Microsoft.WindowsDesktop.App.Ref
                           IsWindowsOnly = true
                           LatestRuntimeFrameworkVersion = 7.0.20
                           RuntimePackRuntimeIdentifiers = win-x64;win-x86;win-arm64
                           RuntimePackNamePatterns = Microsoft.WindowsDesktop.App.Runtime.**RID**
                           TargetingPackVersion = 7.0.20
                           Profile = WindowsForms
                           RuntimeFrameworkName = Microsoft.WindowsDesktop.App
                       Microsoft.WindowsDesktop.App.WindowsForms
                           TargetFramework = net6.0
                           DefaultRuntimeFrameworkVersion = 6.0.0
                           TargetingPackName = Microsoft.WindowsDesktop.App.Ref
                           IsWindowsOnly = true
                           LatestRuntimeFrameworkVersion = 6.0.36
                           RuntimePackRuntimeIdentifiers = win-x64;win-x86;win-arm64
                           RuntimePackNamePatterns = Microsoft.WindowsDesktop.App.Runtime.**RID**
                           TargetingPackVersion = 6.0.36
                           Profile = WindowsForms
                           RuntimeFrameworkName = Microsoft.WindowsDesktop.App
                       Microsoft.WindowsDesktop.App.WindowsForms
                           TargetFramework = netcoreapp3.1
                           DefaultRuntimeFrameworkVersion = 3.1.0
                           TargetingPackName = Microsoft.WindowsDesktop.App.Ref
                           IsWindowsOnly = true
                           LatestRuntimeFrameworkVersion = 3.1.32
                           RuntimePackRuntimeIdentifiers = win-x64;win-x86
                           RuntimePackNamePatterns = Microsoft.WindowsDesktop.App.Runtime.**RID**
                           TargetingPackVersion = 3.1.0
                           Profile = WindowsForms
                           RuntimeFrameworkName = Microsoft.WindowsDesktop.App
                       Microsoft.WindowsDesktop.App.WindowsForms
                           TargetFramework = net5.0
                           DefaultRuntimeFrameworkVersion = 5.0.0
                           TargetingPackName = Microsoft.WindowsDesktop.App.Ref
                           IsWindowsOnly = true
                           LatestRuntimeFrameworkVersion = 5.0.17
                           RuntimePackRuntimeIdentifiers = win-x64;win-x86;win-arm64
                           RuntimePackNamePatterns = Microsoft.WindowsDesktop.App.Runtime.**RID**
                           TargetingPackVersion = 5.0.0
                           Profile = WindowsForms
                           RuntimeFrameworkName = Microsoft.WindowsDesktop.App
                       Microsoft.WindowsDesktop.App.WPF
                           TargetFramework = netcoreapp3.0
                           DefaultRuntimeFrameworkVersion = 3.0.0
                           TargetingPackName = Microsoft.WindowsDesktop.App.Ref
                           IsWindowsOnly = true
                           LatestRuntimeFrameworkVersion = 3.0.3
                           RuntimePackRuntimeIdentifiers = win-x64;win-x86
                           RuntimePackNamePatterns = Microsoft.WindowsDesktop.App.Runtime.**RID**
                           TargetingPackVersion = 3.0.0
                           Profile = WPF
                           RuntimeFrameworkName = Microsoft.WindowsDesktop.App
                       Microsoft.WindowsDesktop.App.WPF
                           TargetFramework = net6.0
                           DefaultRuntimeFrameworkVersion = 6.0.0
                           TargetingPackName = Microsoft.WindowsDesktop.App.Ref
                           IsWindowsOnly = true
                           LatestRuntimeFrameworkVersion = 6.0.36
                           RuntimePackRuntimeIdentifiers = win-x64;win-x86;win-arm64
                           RuntimePackNamePatterns = Microsoft.WindowsDesktop.App.Runtime.**RID**
                           TargetingPackVersion = 6.0.36
                           Profile = WPF
                           RuntimeFrameworkName = Microsoft.WindowsDesktop.App
                       Microsoft.WindowsDesktop.App.WPF
                           TargetFramework = netcoreapp3.1
                           DefaultRuntimeFrameworkVersion = 3.1.0
                           TargetingPackName = Microsoft.WindowsDesktop.App.Ref
                           IsWindowsOnly = true
                           LatestRuntimeFrameworkVersion = 3.1.32
                           RuntimePackRuntimeIdentifiers = win-x64;win-x86
                           RuntimePackNamePatterns = Microsoft.WindowsDesktop.App.Runtime.**RID**
                           TargetingPackVersion = 3.1.0
                           Profile = WPF
                           RuntimeFrameworkName = Microsoft.WindowsDesktop.App
                       Microsoft.WindowsDesktop.App.WPF
                           TargetFramework = net5.0
                           DefaultRuntimeFrameworkVersion = 5.0.0
                           TargetingPackName = Microsoft.WindowsDesktop.App.Ref
                           IsWindowsOnly = true
                           LatestRuntimeFrameworkVersion = 5.0.17
                           RuntimePackRuntimeIdentifiers = win-x64;win-x86;win-arm64
                           RuntimePackNamePatterns = Microsoft.WindowsDesktop.App.Runtime.**RID**
                           TargetingPackVersion = 5.0.0
                           Profile = WPF
                           RuntimeFrameworkName = Microsoft.WindowsDesktop.App
                       Microsoft.WindowsDesktop.App.WPF
                           TargetFramework = net7.0
                           DefaultRuntimeFrameworkVersion = 7.0.0
                           TargetingPackName = Microsoft.WindowsDesktop.App.Ref
                           IsWindowsOnly = true
                           LatestRuntimeFrameworkVersion = 7.0.20
                           RuntimePackRuntimeIdentifiers = win-x64;win-x86;win-arm64
                           RuntimePackNamePatterns = Microsoft.WindowsDesktop.App.Runtime.**RID**
                           TargetingPackVersion = 7.0.20
                           Profile = WPF
                           RuntimeFrameworkName = Microsoft.WindowsDesktop.App
                       Microsoft.WindowsDesktop.App.WPF
                           TargetFramework = net8.0
                           DefaultRuntimeFrameworkVersion = 8.0.0
                           TargetingPackName = Microsoft.WindowsDesktop.App.Ref
                           IsWindowsOnly = true
                           LatestRuntimeFrameworkVersion = 8.0.21
                           RuntimePackRuntimeIdentifiers = win-x64;win-x86;win-arm64
                           RuntimePackNamePatterns = Microsoft.WindowsDesktop.App.Runtime.**RID**
                           TargetingPackVersion = 8.0.21
                           Profile = WPF
                           RuntimeFrameworkName = Microsoft.WindowsDesktop.App
                       NETStandard.Library
                           TargetFramework = netstandard2.1
                           TargetingPackName = NETStandard.Library.Ref
                           TargetingPackVersion = 2.1.0
                   KnownILCompilerPack
                       Microsoft.DotNet.ILCompiler
                           ILCompilerPackNamePattern = runtime.**RID**.Microsoft.DotNet.ILCompiler
                           TargetFramework = net8.0
                           ILCompilerPackVersion = 8.0.21
                           ILCompilerRuntimeIdentifiers = linux-arm64;linux-musl-arm64;linux-musl-x64;linux-x64;win-arm64;win-x64;osx-x64;osx-arm64
                       Microsoft.DotNet.ILCompiler
                           ILCompilerPackNamePattern = runtime.**RID**.Microsoft.DotNet.ILCompiler
                           TargetFramework = net7.0
                           ILCompilerPackVersion = 7.0.20
                           ILCompilerRuntimeIdentifiers = linux-arm64;linux-musl-arm64;linux-musl-x64;linux-x64;win-arm64;win-x64
                   KnownILLinkPack
                       Microsoft.NET.ILLink.Tasks
                           TargetFramework = net8.0
                           ILLinkPackVersion = 8.0.21
                       Microsoft.NET.ILLink.Tasks
                           TargetFramework = net7.0
                           ILLinkPackVersion = 7.0.100-1.23211.1
                       Microsoft.NET.ILLink.Tasks
                           TargetFramework = net6.0
                           ILLinkPackVersion = 7.0.100-1.23211.1
                       Microsoft.NET.ILLink.Tasks
                           TargetFramework = net5.0
                           ILLinkPackVersion = 7.0.100-1.23211.1
                       Microsoft.NET.ILLink.Tasks
                           TargetFramework = netcoreapp3.1
                           ILLinkPackVersion = 7.0.100-1.23211.1
                       Microsoft.NET.ILLink.Tasks
                           TargetFramework = netcoreapp3.0
                           ILLinkPackVersion = 7.0.100-1.23211.1
                   KnownRuntimePack
                       Microsoft.NETCore.App
                           TargetFramework = net8.0
                           LatestRuntimeFrameworkVersion = 8.0.21
                           RuntimePackRuntimeIdentifiers = ios-arm64;iossimulator-arm64;iossimulator-x64;tvos-arm64;tvossimulator-arm64;tvossimulator-x64;maccatalyst-arm64;maccatalyst-x64;linux-bionic-arm64;linux-bionic-x64;osx-arm64;osx-x64
                           RuntimePackNamePatterns = Microsoft.NETCore.App.Runtime.NativeAOT.**RID**
                           RuntimePackLabels = NativeAOT
                           RuntimeFrameworkName = Microsoft.NETCore.App
                       Microsoft.NETCore.App
                           TargetFramework = net8.0
                           LatestRuntimeFrameworkVersion = 8.0.21
                           RuntimePackRuntimeIdentifiers = linux-arm;linux-arm64;linux-musl-arm64;linux-musl-x64;linux-x64;osx-x64;rhel.6-x64;win-arm64;win-x64;win-x86;linux-musl-arm;osx-arm64;linux-s390x;browser-wasm;ios-arm64;ios-arm;iossimulator-arm64;iossimulator-x64;iossimulator-x86;tvos-arm64;tvossimulator-arm64;tvossimulator-x64;maccatalyst-x64;maccatalyst-arm64;android-arm64;android-arm;android-x64;android-x86
                           RuntimePackNamePatterns = Microsoft.NETCore.App.Runtime.Mono.**RID**
                           RuntimePackLabels = Mono
                           RuntimeFrameworkName = Microsoft.NETCore.App
                       Microsoft.NETCore.App
                           TargetFramework = net7.0
                           LatestRuntimeFrameworkVersion = 7.0.20
                           RuntimePackRuntimeIdentifiers = linux-arm;linux-arm64;linux-musl-arm64;linux-musl-x64;linux-x64;osx-x64;rhel.6-x64;win-arm;win-arm64;win-x64;win-x86;linux-musl-arm;osx-arm64;linux-s390x;browser-wasm;ios-arm64;ios-arm;iossimulator-arm64;iossimulator-x64;iossimulator-x86;tvos-arm64;tvossimulator-arm64;tvossimulator-x64;maccatalyst-x64;maccatalyst-arm64;android-arm64;android-arm;android-x64;android-x86
                           RuntimePackNamePatterns = Microsoft.NETCore.App.Runtime.Mono.**RID**
                           RuntimePackLabels = Mono
                           RuntimeFrameworkName = Microsoft.NETCore.App
                       Microsoft.NETCore.App
                           TargetFramework = net6.0
                           LatestRuntimeFrameworkVersion = 6.0.36
                           RuntimePackRuntimeIdentifiers = linux-arm;linux-arm64;linux-musl-arm64;linux-musl-x64;linux-x64;osx-x64;rhel.6-x64;win-arm;win-arm64;win-x64;win-x86;linux-musl-arm;osx-arm64;linux-s390x;browser-wasm;ios-arm64;ios-arm;iossimulator-arm64;iossimulator-x64;iossimulator-x86;tvos-arm64;tvossimulator-arm64;tvossimulator-x64;maccatalyst-x64;maccatalyst-arm64;android-arm64;android-arm;android-x64;android-x86
                           RuntimePackNamePatterns = Microsoft.NETCore.App.Runtime.Mono.**RID**
                           RuntimePackLabels = Mono
                           RuntimeFrameworkName = Microsoft.NETCore.App
                   KnownWebAssemblySdkPack
                       Microsoft.NET.Sdk.WebAssembly.Pack
                           TargetFramework = net8.0
                           WebAssemblySdkPackVersion = 8.0.21
                       Microsoft.NET.Sdk.WebAssembly.Pack
                           TargetFramework = net7.0
                           WebAssemblySdkPackVersion = 8.0.21
                       Microsoft.NET.Sdk.WebAssembly.Pack
                           TargetFramework = net6.0
                           WebAssemblySdkPackVersion = 8.0.21
                   PackageConflictOverrides
                       NETStandard.Library
                           OverriddenPackages = 
                           Microsoft.Win32.Primitives|4.3.0;
                           System.AppContext|4.3.0;
                           System.Collections|4.3.0;
                           System.Collections.Concurrent|4.3.0;
                           System.Collections.Immutable|1.4.0;
                           System.Collections.NonGeneric|4.3.0;
                           System.Collections.Specialized|4.3.0;
                           System.ComponentModel|4.3.0;
                           System.ComponentModel.EventBasedAsync|4.3.0;
                           System.ComponentModel.Primitives|4.3.0;
                           System.ComponentModel.TypeConverter|4.3.0;
                           System.Console|4.3.0;
                           System.Data.Common|4.3.0;
                           System.Diagnostics.Contracts|4.3.0;
                           System.Diagnostics.Debug|4.3.0;
                           System.Diagnostics.FileVersionInfo|4.3.0;
                           System.Diagnostics.Process|4.3.0;
                           System.Diagnostics.StackTrace|4.3.0;
                           System.Diagnostics.TextWriterTraceListener|4.3.0;
                           System.Diagnostics.Tools|4.3.0;
                           System.Diagnostics.TraceSource|4.3.0;
                           System.Diagnostics.Tracing|4.3.0;
                           System.Dynamic.Runtime|4.3.0;
                           System.Globalization|4.3.0;
                           System.Globalization.Calendars|4.3.0;
                           System.Globalization.Extensions|4.3.0;
                           System.IO|4.3.0;
                           System.IO.Compression|4.3.0;
                           System.IO.Compression.ZipFile|4.3.0;
                           System.IO.FileSystem|4.3.0;
                           System.IO.FileSystem.DriveInfo|4.3.0;
                           System.IO.FileSystem.Primitives|4.3.0;
                           System.IO.FileSystem.Watcher|4.3.0;
                           System.IO.IsolatedStorage|4.3.0;
                           System.IO.MemoryMappedFiles|4.3.0;
                           System.IO.Pipes|4.3.0;
                           System.IO.UnmanagedMemoryStream|4.3.0;
                           System.Linq|4.3.0;
                           System.Linq.Expressions|4.3.0;
                           System.Linq.Queryable|4.3.0;
                           System.Net.Http|4.3.0;
                           System.Net.NameResolution|4.3.0;
                           System.Net.Primitives|4.3.0;
                           System.Net.Requests|4.3.0;
                           System.Net.Security|4.3.0;
                           System.Net.Sockets|4.3.0;
                           System.Net.WebHeaderCollection|4.3.0;
                           System.ObjectModel|4.3.0;
                           System.Private.DataContractSerialization|4.3.0;
                           System.Reflection|4.3.0;
                           System.Reflection.Emit|4.3.0;
                           System.Reflection.Emit.ILGeneration|4.3.0;
                           System.Reflection.Emit.Lightweight|4.3.0;
                           System.Reflection.Extensions|4.3.0;
                           System.Reflection.Primitives|4.3.0;
                           System.Reflection.TypeExtensions|4.3.0;
                           System.Resources.ResourceManager|4.3.0;
                           System.Runtime|4.3.0;
                           System.Runtime.Extensions|4.3.0;
                           System.Runtime.Handles|4.3.0;
                           System.Runtime.InteropServices|4.3.0;
                           System.Runtime.InteropServices.RuntimeInformation|4.3.0;
                           System.Runtime.Loader|4.3.0;
                           System.Runtime.Numerics|4.3.0;
                           System.Runtime.Serialization.Formatters|4.3.0;
                           System.Runtime.Serialization.Json|4.3.0;
                           System.Runtime.Serialization.Primitives|4.3.0;
                           System.Security.AccessControl|4.4.0;
                           System.Security.Claims|4.3.0;
                           System.Security.Cryptography.Algorithms|4.3.0;
                           System.Security.Cryptography.Csp|4.3.0;
                           System.Security.Cryptography.Encoding|4.3.0;
                           System.Security.Cryptography.Primitives|4.3.0;
                           System.Security.Cryptography.X509Certificates|4.3.0;
                           System.Security.Cryptography.Xml|4.4.0;
                           System.Security.Principal|4.3.0;
                           System.Security.Principal.Windows|4.4.0;
                           System.Text.Encoding|4.3.0;
                           System.Text.Encoding.Extensions|4.3.0;
                           System.Text.RegularExpressions|4.3.0;
                           System.Threading|4.3.0;
                           System.Threading.Overlapped|4.3.0;
                           System.Threading.Tasks|4.3.0;
                           System.Threading.Tasks.Extensions|4.3.0;
                           System.Threading.Tasks.Parallel|4.3.0;
                           System.Threading.Thread|4.3.0;
                           System.Threading.ThreadPool|4.3.0;
                           System.Threading.Timer|4.3.0;
                           System.ValueTuple|4.3.0;
                           System.Xml.ReaderWriter|4.3.0;
                           System.Xml.XDocument|4.3.0;
                           System.Xml.XmlDocument|4.3.0;
                           System.Xml.XmlSerializer|4.3.0;
                           System.Xml.XPath|4.3.0;
                           System.Xml.XPath.XDocument|4.3.0;
                         
                   PackageReference
                       Microsoft.Extensions.DependencyInjection
                           Version = 8.0.0
                   PotentialEditorConfigFiles
                       /.editorconfig
                       /home/.editorconfig
                       /home/home/.editorconfig
                       /home/home/Desktop/.editorconfig
                       /home/home/Desktop/codex-test/.editorconfig
                       /home/home/Desktop/codex-test/src/.editorconfig
                       /home/home/Desktop/codex-test/src/SampleOnionApp.Infrastructure/.editorconfig
                       /home/home/Desktop/codex-test/src/SampleOnionApp.Infrastructure/Extensions/.editorconfig
                       /home/home/Desktop/codex-test/src/SampleOnionApp.Infrastructure/Persistence/.editorconfig
                   PreprocessorValue
                       assemblyname
                           Value = SampleOnionApp.Infrastructure
                       filename
                           Value = SampleOnionApp.Infrastructure.csproj
                       fullpath
                           Value = /home/home/Desktop/codex-test/src/SampleOnionApp.Infrastructure
                       outputfilename
                           Value = SampleOnionApp.Infrastructure.dll
                       rootnamespace
                           Value = SampleOnionApp.Infrastructure
                   ProjectCapability
                       AllTargetOutputGroups
                       AssemblyReferences
                       COMReferences
                       CSharp
                       DeclaredSourceItems
                       GenerateDocumentationFile
                       LanguageService
                       Managed
                       NativeAOT
                       OutputGroups
                       Pack
                       ProjectReferences
                       ReferencesFolder
                       RelativePathDerivedDefaultNamespace
                       SharedProjectReferences
                       SingleFileGenerators
                       SupportsHotReload
                       UserSourceItems
                       VisualStudioWellKnownOutputGroups
                   ProjectReference
                       ../SampleOnionApp.Application/SampleOnionApp.Application.csproj
                           ReferenceSourceTarget = ProjectReference
                           OutputItemType = 
                           Targets = 
                       ../SampleOnionApp.Domain/SampleOnionApp.Domain.csproj
                           ReferenceSourceTarget = ProjectReference
                           OutputItemType = 
                           Targets = 
                   PropertyPageSchema
                       /usr/lib/dotnet/sdk/8.0.121//assemblyreference.xaml
                           Context = ;BrowseObject
                       /usr/lib/dotnet/sdk/8.0.121//COMReference.xaml
                           Context = ;BrowseObject
                       /usr/lib/dotnet/sdk/8.0.121//Content.xaml
                           Context = File;BrowseObject
                       /usr/lib/dotnet/sdk/8.0.121//CSharp.BrowseObject.xaml
                           Context = BrowseObject
                       /usr/lib/dotnet/sdk/8.0.121//CSharp.ProjectItemsSchema.xaml
                       /usr/lib/dotnet/sdk/8.0.121//CSharp.xaml
                           Context = File
                       /usr/lib/dotnet/sdk/8.0.121//Debugger_General.xaml
                           Context = Project
                       /usr/lib/dotnet/sdk/8.0.121//EmbeddedResource.xaml
                           Context = File;BrowseObject
                       /usr/lib/dotnet/sdk/8.0.121//Folder.xaml
                           Context = File;BrowseObject
                       /usr/lib/dotnet/sdk/8.0.121//General_File.xaml
                           Context = File
                       /usr/lib/dotnet/sdk/8.0.121//General.BrowseObject.xaml
                           Context = BrowseObject
                       /usr/lib/dotnet/sdk/8.0.121//General.xaml
                           Context = Project
                       /usr/lib/dotnet/sdk/8.0.121//None.xaml
                           Context = File;BrowseObject
                       /usr/lib/dotnet/sdk/8.0.121//ProjectItemsSchema.xaml
                       /usr/lib/dotnet/sdk/8.0.121//ProjectReference.xaml
                           Context = ;BrowseObject
                       /usr/lib/dotnet/sdk/8.0.121//ResolvedAssemblyReference.xaml
                           Context = ProjectSubscriptionService;BrowseObject
                       /usr/lib/dotnet/sdk/8.0.121//ResolvedCOMReference.xaml
                           Context = ProjectSubscriptionService;BrowseObject
                       /usr/lib/dotnet/sdk/8.0.121//ResolvedProjectReference.xaml
                           Context = ProjectSubscriptionService;BrowseObject
                       /usr/lib/dotnet/sdk/8.0.121//SCC.xaml
                           Context = Invisible
                       /usr/lib/dotnet/sdk/8.0.121//SpecialFolder.xaml
                           Context = File;ProjectSubscriptionService
                   RegFreeComManifest
                       obj/Debug/net8.0/SampleOnionApp.Infrastructure.X.manifest
                   RuntimeHostConfigurationOption
                       System.Runtime.Serialization.EnableUnsafeBinaryFormatterSerialization
                           Value = false
                           Trim = true
                   SdkSupportedTargetPlatformIdentifier
                       windows
                           DisplayName = Windows
                   SourceLinkAzureReposGitHost
                       dev.azure.com
                       visualstudio.com
                       vsts.me
                   SourceLinkBitbucketGitHost
                       bitbucket.org
                           EnterpriseEdition = false
                   SourceLinkGitHubHost
                       github.com
                           ContentUrl = https://raw.githubusercontent.com
                   SourceLinkGitLabHost
                       gitlab.com
                   SourceRoot
                       /home/home/.nuget/packages/
                   SupportedNETCoreAppTargetFramework
                       .NETCoreApp,Version=v1.0
                           DisplayName = .NET Core 1.0
                           Alias = netcoreapp1.0
                       .NETCoreApp,Version=v1.1
                           DisplayName = .NET Core 1.1
                           Alias = netcoreapp1.1
                       .NETCoreApp,Version=v2.0
                           DisplayName = .NET Core 2.0
                           Alias = netcoreapp2.0
                       .NETCoreApp,Version=v2.1
                           DisplayName = .NET Core 2.1
                           Alias = netcoreapp2.1
                       .NETCoreApp,Version=v2.2
                           DisplayName = .NET Core 2.2
                           Alias = netcoreapp2.2
                       .NETCoreApp,Version=v3.0
                           DisplayName = .NET Core 3.0
                           Alias = netcoreapp3.0
                       .NETCoreApp,Version=v3.1
                           DisplayName = .NET Core 3.1
                           Alias = netcoreapp3.1
                       .NETCoreApp,Version=v5.0
                           DisplayName = .NET 5.0
                           Alias = net5.0
                       .NETCoreApp,Version=v6.0
                           DisplayName = .NET 6.0
                           Alias = net6.0
                       .NETCoreApp,Version=v7.0
                           DisplayName = .NET 7.0
                           Alias = net7.0
                       .NETCoreApp,Version=v8.0
                           DisplayName = .NET 8.0
                           Alias = net8.0
                   SupportedNETFrameworkTargetFramework
                       .NETFramework,Version=v2.0
                           DisplayName = .NET Framework 2.0
                           Alias = net20
                       .NETFramework,Version=v3.0
                           DisplayName = .NET Framework 3.0
                           Alias = net30
                       .NETFramework,Version=v3.5
                           DisplayName = .NET Framework 3.5
                           Alias = net35
                       .NETFramework,Version=v4.0
                           DisplayName = .NET Framework 4.0
                           Alias = net40
                       .NETFramework,Version=v4.5
                           DisplayName = .NET Framework 4.5
                           Alias = net45
                       .NETFramework,Version=v4.5.1
                           DisplayName = .NET Framework 4.5.1
                           Alias = net451
                       .NETFramework,Version=v4.5.2
                           DisplayName = .NET Framework 4.5.2
                           Alias = net452
                       .NETFramework,Version=v4.6
                           DisplayName = .NET Framework 4.6
                           Alias = net46
                       .NETFramework,Version=v4.6.1
                           DisplayName = .NET Framework 4.6.1
                           Alias = net461
                       .NETFramework,Version=v4.6.2
                           DisplayName = .NET Framework 4.6.2
                           Alias = net462
                       .NETFramework,Version=v4.7
                           DisplayName = .NET Framework 4.7
                           Alias = net47
                       .NETFramework,Version=v4.7.1
                           DisplayName = .NET Framework 4.7.1
                           Alias = net471
                       .NETFramework,Version=v4.7.2
                           DisplayName = .NET Framework 4.7.2
                           Alias = net472
                       .NETFramework,Version=v4.8
                           DisplayName = .NET Framework 4.8
                           Alias = net48
                       .NETFramework,Version=v4.8.1
                           DisplayName = .NET Framework 4.8.1
                           Alias = net481
                   SupportedNETStandardTargetFramework
                       .NETStandard,Version=v1.0
                           DisplayName = .NET Standard 1.0
                           Alias = netstandard1.0
                       .NETStandard,Version=v1.1
                           DisplayName = .NET Standard 1.1
                           Alias = netstandard1.1
                       .NETStandard,Version=v1.2
                           DisplayName = .NET Standard 1.2
                           Alias = netstandard1.2
                       .NETStandard,Version=v1.3
                           DisplayName = .NET Standard 1.3
                           Alias = netstandard1.3
                       .NETStandard,Version=v1.4
                           DisplayName = .NET Standard 1.4
                           Alias = netstandard1.4
                       .NETStandard,Version=v1.5
                           DisplayName = .NET Standard 1.5
                           Alias = netstandard1.5
                       .NETStandard,Version=v1.6
                           DisplayName = .NET Standard 1.6
                           Alias = netstandard1.6
                       .NETStandard,Version=v2.0
                           DisplayName = .NET Standard 2.0
                           Alias = netstandard2.0
                       .NETStandard,Version=v2.1
                           DisplayName = .NET Standard 2.1
                           Alias = netstandard2.1
                   SupportedPlatform
                       Linux
                       macOS
                       Windows
                   SupportedTargetFramework
                       .NETCoreApp,Version=v1.0
                           DisplayName = .NET Core 1.0
                           Alias = netcoreapp1.0
                       .NETCoreApp,Version=v1.1
                           DisplayName = .NET Core 1.1
                           Alias = netcoreapp1.1
                       .NETCoreApp,Version=v2.0
                           DisplayName = .NET Core 2.0
                           Alias = netcoreapp2.0
                       .NETCoreApp,Version=v2.1
                           DisplayName = .NET Core 2.1
                           Alias = netcoreapp2.1
                       .NETCoreApp,Version=v2.2
                           DisplayName = .NET Core 2.2
                           Alias = netcoreapp2.2
                       .NETCoreApp,Version=v3.0
                           DisplayName = .NET Core 3.0
                           Alias = netcoreapp3.0
                       .NETCoreApp,Version=v3.1
                           DisplayName = .NET Core 3.1
                           Alias = netcoreapp3.1
                       .NETCoreApp,Version=v5.0
                           DisplayName = .NET 5.0
                           Alias = net5.0
                       .NETCoreApp,Version=v6.0
                           DisplayName = .NET 6.0
                           Alias = net6.0
                       .NETCoreApp,Version=v7.0
                           DisplayName = .NET 7.0
                           Alias = net7.0
                       .NETCoreApp,Version=v8.0
                           DisplayName = .NET 8.0
                           Alias = net8.0
                       .NETFramework,Version=v2.0
                           DisplayName = .NET Framework 2.0
                           Alias = net20
                       .NETFramework,Version=v3.0
                           DisplayName = .NET Framework 3.0
                           Alias = net30
                       .NETFramework,Version=v3.5
                           DisplayName = .NET Framework 3.5
                           Alias = net35
                       .NETFramework,Version=v4.0
                           DisplayName = .NET Framework 4.0
                           Alias = net40
                       .NETFramework,Version=v4.5
                           DisplayName = .NET Framework 4.5
                           Alias = net45
                       .NETFramework,Version=v4.5.1
                           DisplayName = .NET Framework 4.5.1
                           Alias = net451
                       .NETFramework,Version=v4.5.2
                           DisplayName = .NET Framework 4.5.2
                           Alias = net452
                       .NETFramework,Version=v4.6
                           DisplayName = .NET Framework 4.6
                           Alias = net46
                       .NETFramework,Version=v4.6.1
                           DisplayName = .NET Framework 4.6.1
                           Alias = net461
                       .NETFramework,Version=v4.6.2
                           DisplayName = .NET Framework 4.6.2
                           Alias = net462
                       .NETFramework,Version=v4.7
                           DisplayName = .NET Framework 4.7
                           Alias = net47
                       .NETFramework,Version=v4.7.1
                           DisplayName = .NET Framework 4.7.1
                           Alias = net471
                       .NETFramework,Version=v4.7.2
                           DisplayName = .NET Framework 4.7.2
                           Alias = net472
                       .NETFramework,Version=v4.8
                           DisplayName = .NET Framework 4.8
                           Alias = net48
                       .NETFramework,Version=v4.8.1
                           DisplayName = .NET Framework 4.8.1
                           Alias = net481
                       .NETStandard,Version=v1.0
                           DisplayName = .NET Standard 1.0
                           Alias = netstandard1.0
                       .NETStandard,Version=v1.1
                           DisplayName = .NET Standard 1.1
                           Alias = netstandard1.1
                       .NETStandard,Version=v1.2
                           DisplayName = .NET Standard 1.2
                           Alias = netstandard1.2
                       .NETStandard,Version=v1.3
                           DisplayName = .NET Standard 1.3
                           Alias = netstandard1.3
                       .NETStandard,Version=v1.4
                           DisplayName = .NET Standard 1.4
                           Alias = netstandard1.4
                       .NETStandard,Version=v1.5
                           DisplayName = .NET Standard 1.5
                           Alias = netstandard1.5
                       .NETStandard,Version=v1.6
                           DisplayName = .NET Standard 1.6
                           Alias = netstandard1.6
                       .NETStandard,Version=v2.0
                           DisplayName = .NET Standard 2.0
                           Alias = netstandard2.0
                       .NETStandard,Version=v2.1
                           DisplayName = .NET Standard 2.1
                           Alias = netstandard2.1
                   Using
                       System
                       System.Collections.Generic
                       System.IO
                       System.Linq
                       System.Net.Http
                       System.Threading
                       System.Threading.Tasks
                   WindowsSdkSupportedTargetPlatformVersion
                       10.0.17763.0
                           WindowsSdkPackageVersion = 10.0.17763.55
                           MinimumNETVersion = 6.0
                       10.0.17763.0
                           WindowsSdkPackageVersion = 10.0.17763.56
                           MinimumNETVersion = 8.0
                       10.0.17763.0
                           WindowsSdkPackageVersion = 10.0.17763.26
                           MinimumNETVersion = 5.0
                       10.0.18362.0
                           WindowsSdkPackageVersion = 10.0.18362.55
                           MinimumNETVersion = 6.0
                       10.0.18362.0
                           WindowsSdkPackageVersion = 10.0.18362.56
                           MinimumNETVersion = 8.0
                       10.0.18362.0
                           WindowsSdkPackageVersion = 10.0.18362.26
                           MinimumNETVersion = 5.0
                       10.0.19041.0
                           WindowsSdkPackageVersion = 10.0.19041.26
                           MinimumNETVersion = 5.0
                       10.0.19041.0
                           WindowsSdkPackageVersion = 10.0.19041.55
                           MinimumNETVersion = 6.0
                       10.0.19041.0
                           WindowsSdkPackageVersion = 10.0.19041.56
                           MinimumNETVersion = 8.0
                       10.0.20348.0
                           WindowsSdkPackageVersion = 10.0.20348.55
                           MinimumNETVersion = 6.0
                       10.0.20348.0
                           WindowsSdkPackageVersion = 10.0.20348.26
                           MinimumNETVersion = 5.0
                       10.0.20348.0
                           WindowsSdkPackageVersion = 10.0.20348.56
                           MinimumNETVersion = 8.0
                       10.0.22000.0
                           WindowsSdkPackageVersion = 10.0.22000.56
                           MinimumNETVersion = 8.0
                       10.0.22000.0
                           WindowsSdkPackageVersion = 10.0.22000.26
                           MinimumNETVersion = 5.0
                       10.0.22000.0
                           WindowsSdkPackageVersion = 10.0.22000.55
                           MinimumNETVersion = 6.0
                       10.0.22621.0
                           WindowsSdkPackageVersion = 10.0.22621.56
                           MinimumNETVersion = 8.0
                       10.0.22621.0
                           WindowsSdkPackageVersion = 10.0.22621.55
                           MinimumNETVersion = 6.0
                       10.0.26100.0
                           WindowsSdkPackageVersion = 10.0.26100.56
                           MinimumNETVersion = 8.0
                       10.0.26100.0
                           WindowsSdkPackageVersion = 10.0.26100.55
                           MinimumNETVersion = 6.0
                       7.0
                       8.0

20:21:26.303     1>Project "/home/home/Desktop/codex-test/src/SampleOnionApp.McpServer/SampleOnionApp.McpServer.csproj" (1) is building "/home/home/Desktop/codex-test/src/SampleOnionApp.Infrastructure/SampleOnionApp.Infrastructure.csproj" (3) on node 1 (GetTargetFrameworks target(s)).
20:21:26.830     3>Target "GetTargetFrameworksWithPlatformForSingleTargetFramework: (TargetId:48)" in file "/usr/lib/dotnet/sdk/8.0.121/Microsoft.Common.CurrentVersion.targets" from project "/home/home/Desktop/codex-test/src/SampleOnionApp.Infrastructure/SampleOnionApp.Infrastructure.csproj" (target "GetTargetFrameworks" depends on it):
20:21:26.830     3>Added Item(s): 
    _AdditionalTargetFrameworkInfoPropertyWithValue=
        SelfContained
                Value=
                   Added Item(s): 
                       _AdditionalTargetFrameworkInfoPropertyWithValue=
                           _IsExecutable
                                   Value=
                   Added Item(s): 
                       _AdditionalTargetFrameworkInfoPropertyWithValue=
                           IsRidAgnostic
                                   Value=true
                   Added Item(s): 
                       _AdditionalTargetFrameworkInfoPropertyWithValue=
                           ShouldBeValidatedAsExecutableReference
                                   Value=
                   Added Item(s): 
                       _AdditionalTargetFrameworkInfoPropertyWithValue=
                           _SelfContainedWasSpecified
                                   Value=
                   Task "CombineTargetFrameworkInfoProperties" (TaskId:27)
                     Task Parameter:
                         PropertiesAndValues=
                             SelfContained
                                     Value=
                             _IsExecutable
                                     Value=
                             IsRidAgnostic
                                     Value=true
                             ShouldBeValidatedAsExecutableReference
                                     Value=
                             _SelfContainedWasSpecified
                                     Value= (TaskId:27)
                     Task Parameter:RootElementName=net8.0 (TaskId:27)
                     Task Parameter:UseAttributeForTargetFrameworkInfoPropertyNames=True (TaskId:27)
                     Output Property: _AdditionalTargetFrameworkInfoProperties=<TargetFramework Name="net8.0">
                       <SelfContained></SelfContained>
                       <_IsExecutable></_IsExecutable>
                       <IsRidAgnostic>true</IsRidAgnostic>
                       <ShouldBeValidatedAsExecutableReference></ShouldBeValidatedAsExecutableReference>
                       <_SelfContainedWasSpecified></_SelfContainedWasSpecified>
                     </TargetFramework> (TaskId:27)
                   Done executing task "CombineTargetFrameworkInfoProperties". (TaskId:27)
                   Added Item(s): 
                       _TargetFrameworkInfo=
                           net8.0
                                   AdditionalPropertiesFromProject=<TargetFramework Name="net8.0">
                     <SelfContained></SelfContained>
                     <_IsExecutable></_IsExecutable>
                     <IsRidAgnostic>true</IsRidAgnostic>
                     <ShouldBeValidatedAsExecutableReference></ShouldBeValidatedAsExecutableReference>
                     <_SelfContainedWasSpecified></_SelfContainedWasSpecified>
                   </TargetFramework>
                                   IsRidAgnostic=true
                                   TargetFrameworkMonikers=.NETCoreApp,Version=v8.0
                                   TargetFrameworks=net8.0
                                   TargetPlatformMonikers=None
20:21:26.857     3>Done building target "GetTargetFrameworksWithPlatformForSingleTargetFramework" in project "SampleOnionApp.Infrastructure.csproj".: (TargetId:48)
20:21:26.857     3>Target "GetTargetFrameworks: (TargetId:49)" in file "/usr/lib/dotnet/sdk/8.0.121/Microsoft.Common.CurrentVersion.targets" from project "/home/home/Desktop/codex-test/src/SampleOnionApp.Infrastructure/SampleOnionApp.Infrastructure.csproj" (entry point):
                   Task "Error" skipped, due to false condition; ('$(IsCrossTargetingBuild)' == 'true') was evaluated as ('' == 'true').
                   Task "CombineXmlElements" (TaskId:28)
                     Task Parameter:
                         XmlElements=
                             <TargetFramework Name="net8.0">
                       <SelfContained></SelfContained>
                       <_IsExecutable></_IsExecutable>
                       <IsRidAgnostic>true</IsRidAgnostic>
                       <ShouldBeValidatedAsExecutableReference></ShouldBeValidatedAsExecutableReference>
                       <_SelfContainedWasSpecified></_SelfContainedWasSpecified>
                     </TargetFramework>
                                     AdditionalPropertiesFromProject=<TargetFramework Name="net8.0">
                       <SelfContained></SelfContained>
                       <_IsExecutable></_IsExecutable>
                       <IsRidAgnostic>true</IsRidAgnostic>
                       <ShouldBeValidatedAsExecutableReference></ShouldBeValidatedAsExecutableReference>
                       <_SelfContainedWasSpecified></_SelfContainedWasSpecified>
                     </TargetFramework>
                                     IsRidAgnostic=true
                                     TargetFrameworkMonikers=.NETCoreApp,Version=v8.0
                                     TargetFrameworks=net8.0
                                     TargetPlatformMonikers=None (TaskId:28)
                     Task Parameter:RootElementName=AdditionalProjectProperties (TaskId:28)
                     Output Property: _AdditionalPropertiesFromProject=<AdditionalProjectProperties>
                       <TargetFramework Name="net8.0">
                         <SelfContained></SelfContained>
                         <_IsExecutable></_IsExecutable>
                         <IsRidAgnostic>true</IsRidAgnostic>
                         <ShouldBeValidatedAsExecutableReference></ShouldBeValidatedAsExecutableReference>
                         <_SelfContainedWasSpecified></_SelfContainedWasSpecified>
                       </TargetFramework>
                     </AdditionalProjectProperties> (TaskId:28)
                   Done executing task "CombineXmlElements". (TaskId:28)
                   Added Item(s): 
                       _ThisProjectBuildMetadata=
                           /home/home/Desktop/codex-test/src/SampleOnionApp.Infrastructure/SampleOnionApp.Infrastructure.csproj
                                   AdditionalPropertiesFromProject=<AdditionalProjectProperties>
                     <TargetFramework Name="net8.0">
                       <SelfContained></SelfContained>
                       <_IsExecutable></_IsExecutable>
                       <IsRidAgnostic>true</IsRidAgnostic>
                       <ShouldBeValidatedAsExecutableReference></ShouldBeValidatedAsExecutableReference>
                       <_SelfContainedWasSpecified></_SelfContainedWasSpecified>
                     </TargetFramework>
                   </AdditionalProjectProperties>
                                   HasSingleTargetFramework=true
                                   IsRidAgnostic=true
                                   Platform=AnyCPU
                                   Platforms=AnyCPU
                                   TargetFrameworkMonikers=.NETCoreApp,Version=v8.0
                                   TargetFrameworks=net8.0
                                   TargetPlatformMonikers=None
20:21:26.858     3>Done building target "GetTargetFrameworks" in project "SampleOnionApp.Infrastructure.csproj".: (TargetId:49)
20:21:26.858     3>Done Building Project "/home/home/Desktop/codex-test/src/SampleOnionApp.Infrastructure/SampleOnionApp.Infrastructure.csproj" (GetTargetFrameworks target(s)).
20:21:27.333     1>Done executing task "MSBuild" -- FAILED. (TaskId:24)
20:21:27.367     1>Done building target "_GetProjectReferenceTargetFrameworkProperties" in project "SampleOnionApp.McpServer.csproj" -- FAILED.: (TargetId:45)
20:21:27.372     1>Done Building Project "/home/home/Desktop/codex-test/src/SampleOnionApp.McpServer/SampleOnionApp.McpServer.csproj" (default targets) -- FAILED.

Project Evaluation Performance Summary:
       23 ms  /home/home/Desktop/codex-test/src/SampleOnionApp.Application/SampleOnionApp.Application.csproj   1 calls
      109 ms  /home/home/Desktop/codex-test/src/SampleOnionApp.Infrastructure/SampleOnionApp.Infrastructure.csproj   1 calls
      260 ms  /home/home/Desktop/codex-test/src/SampleOnionApp.McpServer/SampleOnionApp.McpServer.csproj   1 calls

Project Performance Summary:
        6 ms  /home/home/Desktop/codex-test/src/SampleOnionApp.Application/SampleOnionApp.Application.csproj   1 calls
                  6 ms  GetTargetFrameworks                        1 calls
       29 ms  /home/home/Desktop/codex-test/src/SampleOnionApp.Infrastructure/SampleOnionApp.Infrastructure.csproj   1 calls
                 29 ms  GetTargetFrameworks                        1 calls
     1069 ms  /home/home/Desktop/codex-test/src/SampleOnionApp.McpServer/SampleOnionApp.McpServer.csproj   1 calls

Target Performance Summary:
        0 ms  BeforeBuild                                1 calls
        0 ms  ResolvePackageDependenciesForBuild         1 calls
        0 ms  ValidateCommandLineProperties              1 calls
        0 ms  GetReferenceAssemblyPaths                  1 calls
        0 ms  BeforeResolveReferences                    1 calls
        0 ms  GetFrameworkPaths                          1 calls
        0 ms  _AddOutputPathToGlobalPropertiesToRemove   1 calls
        0 ms  BuildOnlySettings                          1 calls
        0 ms  _CheckForUnsupportedHostingUsage           1 calls
        0 ms  _DefaultMicrosoftNETPlatformLibrary        1 calls
        0 ms  EnableIntermediateOutputPathMismatchWarning   1 calls
        0 ms  IncludeTransitiveProjectReferences         1 calls
        0 ms  ResolveLockFileAnalyzers                   1 calls
        0 ms  _CheckForUnsupportedArtifactsPath          1 calls
        0 ms  _CheckAndUnsetUnsupportedPrefer32Bit       1 calls
        0 ms  _CheckForObsoleteDotNetCliToolReferences   1 calls
        0 ms  _CheckForUnsupportedCppNETCoreVersion      1 calls
        0 ms  _ComputePackageReferencePublish            1 calls
        0 ms  _CheckForLanguageAndFeatureCombinationSupport   1 calls
        0 ms  _CheckForUnsupportedNETCoreVersion         1 calls
        0 ms  _AddMicrosoftNetCompilerToolsetFrameworkPackage   1 calls
        0 ms  IgnoreJavaScriptOutputAssembly             1 calls
        0 ms  _GetProjectJsonPath                        1 calls
        0 ms  _CheckForUnsupportedAppHostUsage           1 calls
        0 ms  ResolveLockFileCopyLocalFiles              1 calls
        0 ms  _SplitProjectReferencesByFileExistence     1 calls
        1 ms  _Microsoft_Extensions_Configuration_Binder_RemoveAnalyzer   1 calls
        2 ms  CheckForImplicitPackageReferenceOverrides   1 calls
        2 ms  _ComputeToolPackInputsToProcessFrameworkReferences   1 calls
        2 ms  UpdateAspNetToFrameworkReference           1 calls
        2 ms  ResolveLockFileReferences                  1 calls
        2 ms  ApplyImplicitVersions                      1 calls
        2 ms  AssignProjectConfiguration                 1 calls
        2 ms  GetTargetFrameworks                        2 calls
        2 ms  CheckForDuplicateItems                     1 calls
        4 ms  _CheckForInvalidConfigurationAndPlatform   1 calls
        6 ms  PrepareForBuild                            1 calls
        7 ms  _GetRestoreProjectStyle                    1 calls
        8 ms  ResolvePackageAssets                       1 calls
        9 ms  _CollectTargetFrameworkForTelemetry        1 calls
        9 ms  GenerateGlobalUsings                       1 calls
        9 ms  CollectPackageReferences                   1 calls
       22 ms  NETStandardCompatError_Microsoft_Extensions_Configuration_Binder   1 calls
       31 ms  GetTargetFrameworksWithPlatformForSingleTargetFramework   2 calls
       58 ms  ProcessFrameworkReferences                 1 calls
      906 ms  _GetProjectReferenceTargetFrameworkProperties   1 calls

Task Performance Summary:
        0 ms  CheckForDuplicateFrameworkReferences       1 calls
        0 ms  ApplyImplicitVersions                      1 calls
        1 ms  JoinItems                                  1 calls
        1 ms  FindAppConfigFile                          1 calls
        1 ms  CheckForDuplicateNuGetItemsTask            1 calls
        1 ms  AssignProjectConfiguration                 1 calls
        1 ms  CheckForImplicitPackageReferenceOverrides   1 calls
        1 ms  WriteLinesToFile                           1 calls
        1 ms  CheckIfPackageReferenceShouldBeFrameworkReference   2 calls
        1 ms  CombineXmlElements                         2 calls
        2 ms  Message                                    2 calls
        2 ms  CheckForDuplicateItems                     3 calls
        3 ms  AllowEmptyTelemetry                        1 calls
        4 ms  MakeDir                                    1 calls
        5 ms  GetRestoreProjectStyleTask                 1 calls
        7 ms  GenerateGlobalUsings                       1 calls
        7 ms  ResolvePackageAssets                       1 calls
       10 ms  ResolveAppHosts                            1 calls
       29 ms  CombineTargetFrameworkInfoProperties       2 calls
       47 ms  ProcessFrameworkReferences                 1 calls
      867 ms  MSBuild                                    1 calls

Build FAILED.
    0 Warning(s)
    0 Error(s)

Time Elapsed 00:00:01.43
